"행정구역별","성별","연령별",2015,2015,2015,2015,2015,2015,2015,2015,2015,2015,2015,2015,2015,2015,2015,2015,2015,2015,2015,2015
"행정구역별","성별","연령별",전국,서울,부산,대구,인천,광주,대전,울산,세종,경기,강원,충북,충남,전북,전남,경북,경남,제주,기타,미상
"전국","계","합계",5211133,1106673,363030,243858,244943,164770,164915,105031,15362,1024219,188923,171350,231152,216882,222894,326117,349096,57276,14642,-
"전국","계","20세 미만",58636,7893,3589,2805,2222,2370,2759,1610,428,9338,2791,2732,3777,2762,2715,5105,4554,815,371,-
"전국","계","20~24",358138,79151,25085,17582,13884,14603,22554,6082,2408,56088,16842,14067,19367,15554,7841,24081,17400,2372,3177,-
"전국","계","25~29",461560,148257,27616,18360,18630,16190,19634,8476,1582,88272,11653,13994,18892,13452,8231,21552,20408,3180,3181,-
"전국","계","30~34",453910,145931,23630,17521,21546,15242,14643,9929,1017,99819,9310,11492,15901,11670,9398,18612,22636,3407,2206,-
"전국","계","35~39",369337,102835,20624,15252,19891,13253,11134,8474,869,88015,8342,9158,12817,10322,7981,15081,20662,3481,1146,-
"전국","계","40~44",377935,91693,22848,17615,21208,12006,11619,9209,893,94389,9727,9901,13178,10830,9335,15899,22209,4377,999,-
"전국","계","45~49",381607,79165,24732,19063,21106,12277,11089,9581,1087,91126,12157,11517,13855,12732,11766,19393,24966,5052,943,-
"전국","계","50~54",412320,74670,29420,21000,23838,13104,12877,9860,1083,90818,16016,13188,17018,15126,15391,23157,29387,5279,1088,-
"전국","계","55~59",448594,80993,37053,22756,24428,13670,13769,10396,1084,92555,18301,14654,18356,17779,17574,26827,32164,5639,596,-
"전국","계","60~64",375358,68786,35593,20504,18233,10626,11042,8929,860,69372,15347,12688,14574,15988,15907,24517,27929,4152,311,-
"전국","계","65~69",359916,66224,32407,18769,16485,10761,9892,6690,712,63750,14369,10992,16110,17834,19707,24340,26536,4106,232,-
"전국","계","70~74",374541,61682,30120,19558,15464,10318,8449,5978,816,63316,17479,13718,19108,19744,24767,29650,30138,4090,146,-
"전국","계","75세 이상",779281,99393,50313,33073,28008,20350,15454,9817,2523,117361,36589,33249,48199,53089,72281,77903,70107,11326,246,-
"전국","남자","합계",2315038,512632,151187,103833,119353,75550,78039,53694,7102,505097,81421,74305,97976,82825,74123,123317,143353,23220,8011,-
"전국","남자","20세 미만",29001,3858,1620,1202,1211,1106,1309,677,197,4886,1532,1367,1785,1388,1330,2695,2193,421,224,-
"전국","남자","20~24",165805,31260,10503,7830,6958,6316,9887,3304,1179,27825,10126,7004,8873,8118,3897,11862,8744,995,1124,-
"전국","남자","25~29",259821,73211,15158,10897,11042,9029,11433,5669,1125,52267,7456,8626,11464,8123,4893,13238,12420,1745,2025,-
"전국","남자","30~34",279490,82516,13512,10625,13360,9234,8857,7183,621,64888,5709,7369,10989,7350,6218,12311,15382,1983,1383,-
"전국","남자","35~39",230558,58161,12280,9251,12529,8507,6877,6086,526,56971,5178,6014,9091,6884,5580,9873,14175,1900,675,-
"전국","남자","40~44",235021,53485,13354,10383,13770,7761,7029,6229,580,60329,6207,6235,8813,6983,6322,10039,14411,2499,592,-
"전국","남자","45~49",225217,46569,14059,11092,12719,7402,6409,5600,625,55407,7188,6836,8282,7366,6951,11064,14331,2788,529,-
"전국","남자","50~54",223684,40888,15257,10568,13772,6860,6740,5433,619,51332,8585,7042,9465,8089,8210,11809,15573,2754,688,-
"전국","남자","55~59",209317,38668,16241,9635,12033,6322,6591,4896,529,44949,8817,7028,8517,7792,8147,11606,14480,2713,353,-
"전국","남자","60~64",143965,26635,13181,7416,7744,4048,4204,3441,339,28066,6210,4807,5665,5736,5774,8333,10469,1759,138,-
"전국","남자","65~69",108365,21520,9526,5142,5328,3057,3281,2198,237,20696,4454,3593,4594,4819,4985,6150,7416,1241,128,-
"전국","남자","70~74",84769,16812,7405,4386,3996,2557,2207,1364,185,15803,4050,2991,3718,3682,3975,5059,5553,964,62,-
"전국","남자","75세 이상",120025,19049,9091,5406,4891,3351,3215,1614,340,21678,5909,5393,6720,6495,7841,9278,8206,1458,90,-
"전국","여자","합계",2896095,594041,211843,140025,125590,89220,86876,51337,8260,519122,107502,97045,133176,134057,148771,202800,205743,34056,6631,-
"전국","여자","20세 미만",29635,4035,1969,1603,1011,1264,1450,933,231,4452,1259,1365,1992,1374,1385,2410,2361,394,147,-
"전국","여자","20~24",192333,47891,14582,9752,6926,8287,12667,2778,1229,28263,6716,7063,10494,7436,3944,12219,8656,1377,2053,-
"전국","여자","25~29",201739,75046,12458,7463,7588,7161,8201,2807,457,36005,4197,5368,7428,5329,3338,8314,7988,1435,1156,-
"전국","여자","30~34",174420,63415,10118,6896,8186,6008,5786,2746,396,34931,3601,4123,4912,4320,3180,6301,7254,1424,823,-
"전국","여자","35~39",138779,44674,8344,6001,7362,4746,4257,2388,343,31044,3164,3144,3726,3438,2401,5208,6487,1581,471,-
"전국","여자","40~44",142914,38208,9494,7232,7438,4245,4590,2980,313,34060,3520,3666,4365,3847,3013,5860,7798,1878,407,-
"전국","여자","45~49",156390,32596,10673,7971,8387,4875,4680,3981,462,35719,4969,4681,5573,5366,4815,8329,10635,2264,414,-
"전국","여자","50~54",188636,33782,14163,10432,10066,6244,6137,4427,464,39486,7431,6146,7553,7037,7181,11348,13814,2525,400,-
"전국","여자","55~59",239277,42325,20812,13121,12395,7348,7178,5500,555,47606,9484,7626,9839,9987,9427,15221,17684,2926,243,-
"전국","여자","60~64",231393,42151,22412,13088,10489,6578,6838,5488,521,41306,9137,7881,8909,10252,10133,16184,17460,2393,173,-
"전국","여자","65~69",251551,44704,22881,13627,11157,7704,6611,4492,475,43054,9915,7399,11516,13015,14722,18190,19120,2865,104,-
"전국","여자","70~74",289772,44870,22715,15172,11468,7761,6242,4614,631,47513,13429,10727,15390,16062,20792,24591,24585,3126,84,-
"전국","여자","75세 이상",659256,80344,41222,27667,23117,16999,12239,8203,2183,95683,30680,27856,41479,46594,64440,68625,61901,9868,156,-
"동부","계","합계",4123510,1091439,347402,226560,230690,162507,162196,86198,4138,835564,110062,97663,103856,143697,85823,164127,216789,41534,13265,-
"동부","계","20세 미만",51029,7226,3387,2622,1897,2297,2636,1464,96,7615,2378,2131,2889,2483,2379,4297,4135,761,336,-
"동부","계","20~24",320381,77002,24281,16633,12853,14243,22145,5230,408,48752,14257,10977,13521,14116,6131,18718,15829,2267,3018,-
"동부","계","25~29",422092,146193,26701,17115,17971,15807,19225,7578,600,79415,8954,10489,13687,12350,5993,16854,17274,2946,2940,-
"동부","계","30~34",410584,144208,22421,16209,20928,14932,14280,8759,559,88009,6511,8321,11011,10463,6559,13724,18619,3077,1994,-
"동부","계","35~39",328246,101707,19301,14214,19297,13093,10905,7335,411,76195,5828,6304,8012,8997,5273,10772,16543,3017,1042,-
"동부","계","40~44",328543,90567,21497,16327,20508,11853,11443,7662,426,80642,6420,6696,7282,9223,5793,10433,17273,3619,879,-
"동부","계","45~49",320339,77867,23611,17452,20261,12055,10848,8039,509,75787,7561,7341,7207,10149,6604,11813,18468,3946,821,-
"동부","계","50~54",333392,73547,27930,19411,22672,12900,12613,8048,445,72618,9401,7844,8110,11311,7749,13477,20423,3932,961,-
"동부","계","55~59",354301,79519,35499,21081,22985,13434,13527,8511,285,72529,10153,8442,7833,12745,8046,14304,20853,4060,495,-
"동부","계","60~64",290427,67823,34270,19230,17143,10558,10894,7145,124,54290,7913,6965,5304,10746,6368,11393,16978,3039,244,-
"동부","계","65~69",266511,65563,31276,17662,15317,10711,9853,5211,90,49190,7115,5293,5089,10614,6272,9799,14422,2825,209,-
"동부","계","70~74",253202,61274,28944,18261,14124,10303,8414,4534,72,46950,8136,5647,4735,9701,6080,9903,13443,2541,140,-
"동부","계","75세 이상",444463,98943,48284,30343,24734,20321,15413,6682,113,83572,15435,11213,9176,20799,12576,18640,22529,5504,186,-
"동부","남자","합계",1912019,502623,143890,95775,112493,74127,76232,44812,2073,413199,49618,45216,50747,63362,37705,72871,102343,17765,7168,-
"동부","남자","20세 미만",24957,3464,1509,1090,1019,1066,1249,623,43,3983,1319,1055,1354,1231,1156,2222,1987,381,206,-
"동부","남자","20~24",144979,29942,10159,7290,6240,6145,9664,2877,151,23547,8510,5278,5763,7266,3001,9137,8038,928,1043,-
"동부","남자","25~29",233317,71757,14548,10036,10516,8801,11159,5055,366,46190,5644,6205,7961,7348,3491,10255,10559,1590,1836,-
"동부","남자","30~34",248646,81228,12702,9734,12890,9054,8599,6291,284,56375,3810,5093,7325,6443,4249,8934,12593,1809,1233,-
"동부","남자","35~39",200580,57357,11360,8498,12052,8384,6696,5184,199,48320,3451,4047,5463,5874,3609,6717,11108,1632,629,-
"동부","남자","40~44",200562,52663,12515,9546,13224,7645,6893,5158,250,50486,3909,3935,4658,5848,3841,6358,11077,2030,526,-
"동부","남자","45~49",186163,45595,13441,10130,12148,7230,6234,4651,256,45256,4185,4160,4184,5731,3655,6425,10375,2050,457,-
"동부","남자","50~54",178079,40138,14387,9709,13047,6723,6547,4374,260,40419,4675,3947,4391,5899,3823,6461,10680,1983,616,-
"동부","남자","55~59",162313,37673,15559,8843,11208,6158,6427,4022,131,34517,4596,3806,3371,5319,3539,5782,9170,1902,290,-
"동부","남자","60~64",110088,26054,12657,6837,7205,4010,4111,2741,54,21180,3040,2498,2053,3825,2327,3793,6401,1193,109,-
"동부","남자","65~69",81490,21181,9173,4852,4952,3024,3254,1640,53,15694,2059,1630,1609,3080,1693,2329,4249,908,110,-
"동부","남자","70~74",62575,16629,7108,4166,3607,2547,2195,1059,13,11705,1950,1458,1053,2305,1328,1901,2858,631,62,-
"동부","남자","75세 이상",78270,18942,8772,5044,4385,3340,3204,1137,13,15527,2470,2104,1562,3193,1993,2557,3248,728,51,-
"동부","여자","합계",2211491,588816,203512,130785,118197,88380,85964,41386,2065,422365,60444,52447,53109,80335,48118,91256,114446,23769,6097,-
"동부","여자","20세 미만",26072,3762,1878,1532,878,1231,1387,841,53,3632,1059,1076,1535,1252,1223,2075,2148,380,130,-
"동부","여자","20~24",175402,47060,14122,9343,6613,8098,12481,2353,257,25205,5747,5699,7758,6850,3130,9581,7791,1339,1975,-
"동부","여자","25~29",188775,74436,12153,7079,7455,7006,8066,2523,234,33225,3310,4284,5726,5002,2502,6599,6715,1356,1104,-
"동부","여자","30~34",161938,62980,9719,6475,8038,5878,5681,2468,275,31634,2701,3228,3686,4020,2310,4790,6026,1268,761,-
"동부","여자","35~39",127666,44350,7941,5716,7245,4709,4209,2151,212,27875,2377,2257,2549,3123,1664,4055,5435,1385,413,-
"동부","여자","40~44",127981,37904,8982,6781,7284,4208,4550,2504,176,30156,2511,2761,2624,3375,1952,4075,6196,1589,353,-
"동부","여자","45~49",134176,32272,10170,7322,8113,4825,4614,3388,253,30531,3376,3181,3023,4418,2949,5388,8093,1896,364,-
"동부","여자","50~54",155313,33409,13543,9702,9625,6177,6066,3674,185,32199,4726,3897,3719,5412,3926,7016,9743,1949,345,-
"동부","여자","55~59",191988,41846,19940,12238,11777,7276,7100,4489,154,38012,5557,4636,4462,7426,4507,8522,11683,2158,205,-
"동부","여자","60~64",180339,41769,21613,12393,9938,6548,6783,4404,70,33110,4873,4467,3251,6921,4041,7600,10577,1846,135,-
"동부","여자","65~69",185021,44382,22103,12810,10365,7687,6599,3571,37,33496,5056,3663,3480,7534,4579,7470,10173,1917,99,-
"동부","여자","70~74",190627,44645,21836,14095,10517,7756,6219,3475,59,35245,6186,4189,3682,7396,4752,8002,10585,1910,78,-
"동부","여자","75세 이상",366193,80001,39512,25299,20349,16981,12209,5545,100,68045,12965,9109,7614,17606,10583,16083,19281,4776,135,-
"읍부","계","합계",450831,8361,11939,10197,4193,1362,1508,10892,5927,98813,32102,30775,49118,17447,47245,66708,41337,12040,867,-
"읍부","계","20세 미만",4082,287,123,118,151,61,57,92,185,723,132,291,527,189,213,545,315,48,25,-
"읍부","계","20~24",21747,1155,613,647,495,251,214,545,1737,3467,781,1477,2922,914,959,4314,1086,57,113,-
"읍부","계","25~29",25555,1268,715,829,297,244,301,680,831,5620,1323,2526,3078,665,1399,3530,1917,158,174,-
"읍부","계","30~34",28161,1086,1005,869,285,185,219,870,329,7753,1431,2255,2941,709,1967,3707,2154,237,159,-
"읍부","계","35~39",25648,678,1123,689,211,105,123,777,317,7770,1356,1795,2552,735,1722,3181,2121,345,48,-
"읍부","계","40~44",29023,652,1099,824,277,84,101,1069,276,8664,1618,1871,3136,611,2100,3580,2431,569,61,-
"읍부","계","45~49",33633,780,908,1112,290,126,131,971,291,9364,2126,2270,3383,905,2823,4423,2794,862,74,-
"읍부","계","50~54",38469,524,1095,1000,359,103,116,1086,330,10071,2960,2382,3973,1160,3702,4940,3553,1024,91,-
"읍부","계","55~59",41953,758,1164,990,329,157,142,1074,341,10568,3358,2568,4322,1376,3915,5636,4047,1175,33,-
"읍부","계","60~64",33972,462,934,724,260,20,70,900,285,7012,3036,2249,3575,1255,3500,5326,3423,896,45,-
"읍부","계","65~69",33995,287,855,625,277,15,-,686,202,6886,2985,2157,3799,1448,4479,5084,3271,921,18,-
"읍부","계","70~74",39731,184,866,652,311,4,21,694,233,7321,3613,2631,4597,1760,5431,6217,3966,1226,4,-
"읍부","계","75세 이상",94862,240,1439,1118,651,7,13,1448,570,13594,7383,6303,10313,5720,15035,16225,10259,4522,22,-
"읍부","남자","합계",191116,5344,5436,4993,2132,835,991,5698,3197,49220,12415,13293,20336,6283,15783,25233,15229,4195,503,-
"읍부","남자","20세 미만",2067,182,68,78,74,33,25,36,104,371,52,119,227,110,107,282,154,37,8,-
"읍부","남자","20~24",11356,636,282,352,340,96,103,320,932,2005,482,786,1307,546,470,2176,429,38,56,-
"읍부","남자","25~29",16562,864,436,562,246,146,190,478,647,3720,824,1671,1980,464,842,2205,1056,101,130,-
"읍부","남자","30~34",19465,804,666,558,199,107,174,672,238,5441,902,1567,2128,526,1314,2488,1454,116,111,-
"읍부","남자","35~39",18367,472,768,512,172,80,88,664,214,5551,866,1211,1838,573,1259,2319,1549,210,21,-
"읍부","남자","40~44",19548,450,660,564,200,63,89,762,191,5877,1080,1300,2157,419,1441,2323,1581,354,37,-
"읍부","남자","45~49",20516,570,474,665,161,97,102,592,186,6066,1299,1384,1969,523,1696,2544,1556,597,35,-
"읍부","남자","50~54",21203,329,598,464,196,74,99,655,177,5679,1662,1308,2144,661,2017,2623,1842,630,45,-
"읍부","남자","55~59",19820,521,482,456,144,110,76,499,146,5179,1578,1235,1967,681,1855,2468,1821,585,17,-
"읍부","남자","60~64",12738,260,301,324,96,9,40,349,122,2921,1121,809,1336,446,1277,1681,1205,426,15,-
"읍부","남자","65~69",9377,150,239,133,72,9,-,299,70,2157,816,584,954,383,1149,1332,770,242,18,-
"읍부","남자","70~74",7523,54,211,125,134,4,5,159,88,1847,670,437,866,240,793,969,670,251,-,-
"읍부","남자","75세 이상",12574,52,251,200,98,7,-,213,82,2406,1063,882,1463,711,1563,1823,1142,608,10,-
"읍부","여자","합계",259715,3017,6503,5204,2061,527,517,5194,2730,49593,19687,17482,28782,11164,31462,41475,26108,7845,364,-
"읍부","여자","20세 미만",2015,105,55,40,77,28,32,56,81,352,80,172,300,79,106,263,161,11,17,-
"읍부","여자","20~24",10391,519,331,295,155,155,111,225,805,1462,299,691,1615,368,489,2138,657,19,57,-
"읍부","여자","25~29",8993,404,279,267,51,98,111,202,184,1900,499,855,1098,201,557,1325,861,57,44,-
"읍부","여자","30~34",8696,282,339,311,86,78,45,198,91,2312,529,688,813,183,653,1219,700,121,48,-
"읍부","여자","35~39",7281,206,355,177,39,25,35,113,103,2219,490,584,714,162,463,862,572,135,27,-
"읍부","여자","40~44",9475,202,439,260,77,21,12,307,85,2787,538,571,979,192,659,1257,850,215,24,-
"읍부","여자","45~49",13117,210,434,447,129,29,29,379,105,3298,827,886,1414,382,1127,1879,1238,265,39,-
"읍부","여자","50~54",17266,195,497,536,163,29,17,431,153,4392,1298,1074,1829,499,1685,2317,1711,394,46,-
"읍부","여자","55~59",22133,237,682,534,185,47,66,575,195,5389,1780,1333,2355,695,2060,3168,2226,590,16,-
"읍부","여자","60~64",21234,202,633,400,164,11,30,551,163,4091,1915,1440,2239,809,2223,3645,2218,470,30,-
"읍부","여자","65~69",24618,137,616,492,205,6,-,387,132,4729,2169,1573,2845,1065,3330,3752,2501,679,-,-
"읍부","여자","70~74",32208,130,655,527,177,-,16,535,145,5474,2943,2194,3731,1520,4638,5248,3296,975,4,-
"읍부","여자","75세 이상",82288,188,1188,918,553,-,13,1235,488,11188,6320,5421,8850,5009,13472,14402,9117,3914,12,-
"면부","계","합계",636792,6873,3689,7101,10060,901,1211,7941,5297,89842,46759,42912,78178,55738,89826,95282,90970,3702,510,-
"면부","계","20세 미만",3525,380,79,65,174,12,66,54,147,1000,281,310,361,90,123,263,104,6,10,-
"면부","계","20~24",16010,994,191,302,536,109,195,307,263,3869,1804,1613,2924,524,751,1049,485,48,46,-
"면부","계","25~29",13913,796,200,416,362,139,108,218,151,3237,1376,979,2127,437,839,1168,1217,76,67,-
"면부","계","30~34",15165,637,204,443,333,125,144,300,129,4057,1368,916,1949,498,872,1181,1863,93,53,-
"면부","계","35~39",15443,450,200,349,383,55,106,362,141,4050,1158,1059,2253,590,986,1128,1998,119,56,-
"면부","계","40~44",20369,474,252,464,423,69,75,478,191,5083,1689,1334,2760,996,1442,1886,2505,189,59,-
"면부","계","45~49",27635,518,213,499,555,96,110,571,287,5975,2470,1906,3265,1678,2339,3157,3704,244,48,-
"면부","계","50~54",40459,599,395,589,807,101,148,726,308,8129,3655,2962,4935,2655,3940,4740,5411,323,36,-
"면부","계","55~59",52340,716,390,685,1114,79,100,811,458,9458,4790,3644,6201,3658,5613,6887,7264,404,68,-
"면부","계","60~64",50959,501,389,550,830,48,78,884,451,8070,4398,3474,5695,3987,6039,7798,7528,217,22,-
"면부","계","65~69",59410,374,276,482,891,35,39,793,420,7674,4269,3542,7222,5772,8956,9457,8843,360,5,-
"면부","계","70~74",81608,224,310,645,1029,11,14,750,511,9045,5730,5440,9776,8283,13256,13530,12729,323,2,-
"면부","계","75세 이상",239956,210,590,1612,2623,22,28,1687,1840,20195,13771,15733,28710,26570,44670,43038,37319,1300,38,-
"면부","남자","합계",211903,4665,1861,3065,4728,588,816,3184,1832,42678,19388,15796,26893,13180,20635,25213,25781,1260,340,-
"면부","남자","20세 미만",1977,212,43,34,118,7,35,18,50,532,161,193,204,47,67,191,52,3,10,-
"면부","남자","20~24",9470,682,62,188,378,75,120,107,96,2273,1134,940,1803,306,426,549,277,29,25,-
"면부","남자","25~29",9942,590,174,299,280,82,84,136,112,2357,988,750,1523,311,560,778,805,54,59,-
"면부","남자","30~34",11379,484,144,333,271,73,84,220,99,3072,997,709,1536,381,655,889,1335,58,39,-
"면부","남자","35~39",11611,332,152,241,305,43,93,238,113,3100,861,756,1790,437,712,837,1518,58,25,-
"면부","남자","40~44",14911,372,179,273,346,53,47,309,139,3966,1218,1000,1998,716,1040,1358,1753,115,29,-
"면부","남자","45~49",18538,404,144,297,410,75,73,357,183,4085,1704,1292,2129,1112,1600,2095,2400,141,37,-
"면부","남자","50~54",24402,421,272,395,529,63,94,404,182,5234,2248,1787,2930,1529,2370,2725,3051,141,27,-
"면부","남자","55~59",27184,474,200,336,681,54,88,375,252,5253,2643,1987,3179,1792,2753,3356,3489,226,46,-
"면부","남자","60~64",21139,321,223,255,443,29,53,351,163,3965,2049,1500,2276,1465,2170,2859,2863,140,14,-
"면부","남자","65~69",17498,189,114,157,304,24,27,259,114,2845,1579,1379,2031,1356,2143,2489,2397,91,-,-
"면부","남자","70~74",14671,129,86,95,255,6,7,146,84,2251,1430,1096,1799,1137,1854,2189,2025,82,-,-
"면부","남자","75세 이상",29181,55,68,162,408,4,11,264,245,3745,2376,2407,3695,2591,4285,4898,3816,122,29,-
"면부","여자","합계",424889,2208,1828,4036,5332,313,395,4757,3465,47164,27371,27116,51285,42558,69191,70069,65189,2442,170,-
"면부","여자","20세 미만",1548,168,36,31,56,5,31,36,97,468,120,117,157,43,56,72,52,3,-,-
"면부","여자","20~24",6540,312,129,114,158,34,75,200,167,1596,670,673,1121,218,325,500,208,19,21,-
"면부","여자","25~29",3971,206,26,117,82,57,24,82,39,880,388,229,604,126,279,390,412,22,8,-
"면부","여자","30~34",3786,153,60,110,62,52,60,80,30,985,371,207,413,117,217,292,528,35,14,-
"면부","여자","35~39",3832,118,48,108,78,12,13,124,28,950,297,303,463,153,274,291,480,61,31,-
"면부","여자","40~44",5458,102,73,191,77,16,28,169,52,1117,471,334,762,280,402,528,752,74,30,-
"면부","여자","45~49",9097,114,69,202,145,21,37,214,104,1890,766,614,1136,566,739,1062,1304,103,11,-
"면부","여자","50~54",16057,178,123,194,278,38,54,322,126,2895,1407,1175,2005,1126,1570,2015,2360,182,9,-
"면부","여자","55~59",25156,242,190,349,433,25,12,436,206,4205,2147,1657,3022,1866,2860,3531,3775,178,22,-
"면부","여자","60~64",29820,180,166,295,387,19,25,533,288,4105,2349,1974,3419,2522,3869,4939,4665,77,8,-
"면부","여자","65~69",41912,185,162,325,587,11,12,534,306,4829,2690,2163,5191,4416,6813,6968,6446,269,5,-
"면부","여자","70~74",66937,95,224,550,774,5,7,604,427,6794,4300,4344,7977,7146,11402,11341,10704,241,2,-
"면부","여자","75세 이상",210775,155,522,1450,2215,18,17,1423,1595,16450,11395,13326,25015,23979,40385,38140,33503,1178,9,-
"서울특별시","계","합계",1114964,1024096,5585,4033,6458,2966,4134,1722,408,34739,4161,2951,3876,3243,2029,3534,4005,1299,5725,-
"서울특별시","계","20세 미만",12612,5659,478,519,262,390,343,335,23,1390,397,277,420,370,286,465,623,159,216,-
"서울특별시","계","20~24",93906,68376,1404,1240,1761,1008,1336,508,139,8019,1515,958,1479,1019,637,1246,1375,433,1453,-
"서울특별시","계","25~29",157730,133623,1886,1202,1870,779,1445,454,147,8657,1062,868,966,790,436,909,941,300,1395,-
"서울특별시","계","30~34",144964,133462,633,466,907,301,337,166,50,5518,357,333,289,286,197,329,369,123,841,-
"서울특별시","계","35~39",100013,94339,401,191,425,156,134,60,-,2884,216,86,167,165,78,106,145,116,344,-
"서울특별시","계","40~44",88614,84240,227,121,363,102,123,54,16,2202,153,80,105,191,45,102,141,41,308,-
"서울특별시","계","45~49",75893,72647,127,78,268,39,148,48,12,1459,86,60,137,136,112,86,81,41,328,-
"서울특별시","계","50~54",72223,69312,149,100,165,76,141,36,9,1174,56,68,92,80,93,98,134,22,418,-
"서울특별시","계","55~59",77869,75759,83,37,116,47,58,32,12,1003,168,70,70,88,54,52,49,20,151,-
"서울특별시","계","60~64",66776,65428,77,28,119,29,23,7,-,732,16,45,35,42,57,30,17,22,69,-
"서울특별시","계","65~69",65104,63979,39,25,94,6,6,16,-,661,61,40,31,28,8,35,15,-,60,-
"서울특별시","계","70~74",60875,59986,44,8,24,6,23,-,-,482,22,47,44,34,11,12,51,-,81,-
"서울특별시","계","75세 이상",98385,97286,37,18,84,27,17,6,-,558,52,19,41,14,15,64,64,22,61,-
"서울특별시","남자","합계",511647,461583,3163,2322,3444,1540,2389,972,248,18807,2380,1733,2049,1779,1196,2244,2311,710,2777,-
"서울특별시","남자","20세 미만",5773,2527,254,198,117,179,132,126,14,673,158,139,171,188,166,250,271,92,118,-
"서울특별시","남자","20~24",36840,25370,601,602,721,444,658,282,47,3439,795,426,651,504,304,694,679,205,418,-
"서울특별시","남자","25~29",78727,64140,1172,788,1112,412,937,270,142,4906,694,575,648,431,284,711,597,189,719,-
"서울특별시","남자","30~34",81357,74115,414,301,535,176,232,119,26,3395,207,268,158,159,153,242,271,74,512,-
"서울특별시","남자","35~39",56290,52580,275,131,284,93,111,37,-,1883,143,66,94,109,33,90,89,59,213,-
"서울특별시","남자","40~44",51234,48271,144,87,228,75,96,44,6,1428,115,64,85,149,31,81,120,26,184,-
"서울특별시","남자","45~49",44115,41881,94,66,174,39,73,22,4,982,81,60,108,99,93,78,61,26,174,-
"서울특별시","남자","50~54",39105,37207,88,93,93,39,94,28,9,758,36,45,61,46,63,50,110,13,272,-
"서울특별시","남자","55~59",36365,35343,34,33,65,41,35,28,-,442,100,17,36,47,25,13,36,12,58,-
"서울특별시","남자","60~64",25523,24811,48,13,76,29,18,-,-,338,16,35,8,37,29,16,17,6,26,-
"서울특별시","남자","65~69",20943,20510,25,10,25,6,-,10,-,245,17,19,6,6,4,13,8,-,39,-
"서울특별시","남자","70~74",16464,16195,14,-,10,-,-,-,-,129,7,19,17,4,11,6,20,-,32,-
"서울특별시","남자","75세 이상",18911,18633,-,-,4,7,3,6,-,189,11,-,6,-,-,-,32,8,12,-
"서울특별시","여자","합계",603317,562513,2422,1711,3014,1426,1745,750,160,15932,1781,1218,1827,1464,833,1290,1694,589,2948,-
"서울특별시","여자","20세 미만",6839,3132,224,321,145,211,211,209,9,717,239,138,249,182,120,215,352,67,98,-
"서울특별시","여자","20~24",57066,43006,803,638,1040,564,678,226,92,4580,720,532,828,515,333,552,696,228,1035,-
"서울특별시","여자","25~29",79003,69483,714,414,758,367,508,184,5,3751,368,293,318,359,152,198,344,111,676,-
"서울특별시","여자","30~34",63607,59347,219,165,372,125,105,47,24,2123,150,65,131,127,44,87,98,49,329,-
"서울특별시","여자","35~39",43723,41759,126,60,141,63,23,23,-,1001,73,20,73,56,45,16,56,57,131,-
"서울특별시","여자","40~44",37380,35969,83,34,135,27,27,10,10,774,38,16,20,42,14,21,21,15,124,-
"서울특별시","여자","45~49",31778,30766,33,12,94,-,75,26,8,477,5,-,29,37,19,8,20,15,154,-
"서울특별시","여자","50~54",33118,32105,61,7,72,37,47,8,-,416,20,23,31,34,30,48,24,9,146,-
"서울특별시","여자","55~59",41504,40416,49,4,51,6,23,4,12,561,68,53,34,41,29,39,13,8,93,-
"서울특별시","여자","60~64",41253,40617,29,15,43,-,5,7,-,394,-,10,27,5,28,14,-,16,43,-
"서울특별시","여자","65~69",44161,43469,14,15,69,-,6,6,-,416,44,21,25,22,4,22,7,-,21,-
"서울특별시","여자","70~74",44411,43791,30,8,14,6,23,-,-,353,15,28,27,30,-,6,31,-,49,-
"서울특별시","여자","75세 이상",79474,78653,37,18,80,20,14,-,-,369,41,19,35,14,15,64,32,14,49,-
"부산광역시","계","합계",361547,3394,338192,1221,530,373,397,2504,24,2149,588,245,283,271,531,2214,7446,344,841,-
"부산광역시","계","20세 미만",5114,62,2340,125,39,86,31,525,-,119,43,26,22,43,66,415,1078,94,-,-
"부산광역시","계","20~24",27750,531,20819,393,112,119,87,1062,1,469,281,80,77,56,134,797,2452,67,213,-
"부산광역시","계","25~29",25962,637,22134,199,68,41,107,298,-,324,72,42,23,53,114,402,1173,45,230,-
"부산광역시","계","30~34",22825,548,20541,110,87,16,59,184,-,173,32,10,41,14,43,83,718,39,127,-
"부산광역시","계","35~39",19916,344,18390,56,37,47,7,92,9,218,23,12,19,18,30,108,438,12,56,-
"부산광역시","계","40~44",22422,300,21062,58,34,29,15,90,7,286,20,9,7,26,30,60,354,8,27,-
"부산광역시","계","45~49",24580,345,23156,116,57,27,22,77,-,149,28,7,31,19,34,60,369,22,61,-
"부산광역시","계","50~54",28886,197,27735,92,38,6,29,93,-,147,45,15,7,7,10,111,291,22,41,-
"부산광역시","계","55~59",36568,238,35695,34,12,2,17,29,7,140,3,26,32,18,31,33,187,25,39,-
"부산광역시","계","60~64",35230,66,34782,8,27,-,-,19,-,56,29,8,7,-,18,26,156,5,23,-
"부산광역시","계","65~69",32096,48,31855,3,-,-,9,14,-,23,9,4,-,7,-,36,70,5,13,-
"부산광역시","계","70~74",29984,36,29796,14,8,-,-,17,-,13,-,-,-,-,4,44,52,-,-,-
"부산광역시","계","75세 이상",50214,42,49887,13,11,-,14,4,-,32,3,6,17,10,17,39,108,-,11,-
"부산광역시","남자","합계",149952,2266,135729,698,349,224,231,1419,17,1443,442,144,186,170,318,1324,4274,197,521,-
"부산광역시","남자","20세 미만",2509,25,1007,50,25,45,8,297,-,50,26,16,22,15,29,251,590,53,-,-
"부산광역시","남자","20~24",12317,325,8487,190,85,68,36,554,1,320,255,41,53,25,64,481,1219,36,77,-
"부산광역시","남자","25~29",13851,323,11509,109,51,26,56,175,-,201,69,31,18,33,93,247,701,24,185,-
"부산광역시","남자","30~34",12816,391,11276,65,49,-,46,111,-,124,12,4,19,12,24,60,517,26,80,-
"부산광역시","남자","35~39",11710,220,10637,53,17,31,2,77,9,134,19,5,7,13,22,63,337,12,52,-
"부산광역시","남자","40~44",13085,223,12104,52,29,29,15,58,7,189,20,-,7,26,30,44,240,4,8,-
"부산광역시","남자","45~49",13977,305,12921,71,57,17,15,56,-,137,14,7,28,19,20,45,212,12,41,-
"부산광역시","남자","50~54",14876,151,14102,69,19,6,26,55,-,118,22,9,5,7,-,74,173,15,25,-
"부산광역시","남자","55~59",15984,197,15408,18,6,2,11,17,-,109,-,13,20,10,24,13,101,10,25,-
"부산광역시","남자","60~64",12925,54,12671,8,11,-,-,10,-,31,5,8,7,-,12,-,90,-,18,-
"부산광역시","남자","65~69",9478,37,9309,3,-,-,9,9,-,17,-,4,-,-,-,17,63,5,5,-
"부산광역시","남자","70~74",7360,6,7305,10,-,-,-,-,-,13,-,-,-,-,-,15,11,-,-,-
"부산광역시","남자","75세 이상",9064,9,8993,-,-,-,7,-,-,-,-,6,-,10,-,14,20,-,5,-
"부산광역시","여자","합계",211595,1128,202463,523,181,149,166,1085,7,706,146,101,97,101,213,890,3172,147,320,-
"부산광역시","여자","20세 미만",2605,37,1333,75,14,41,23,228,-,69,17,10,-,28,37,164,488,41,-,-
"부산광역시","여자","20~24",15433,206,12332,203,27,51,51,508,-,149,26,39,24,31,70,316,1233,31,136,-
"부산광역시","여자","25~29",12111,314,10625,90,17,15,51,123,-,123,3,11,5,20,21,155,472,21,45,-
"부산광역시","여자","30~34",10009,157,9265,45,38,16,13,73,-,49,20,6,22,2,19,23,201,13,47,-
"부산광역시","여자","35~39",8206,124,7753,3,20,16,5,15,-,84,4,7,12,5,8,45,101,-,4,-
"부산광역시","여자","40~44",9337,77,8958,6,5,-,-,32,-,97,-,9,-,-,-,16,114,4,19,-
"부산광역시","여자","45~49",10603,40,10235,45,-,10,7,21,-,12,14,-,3,-,14,15,157,10,20,-
"부산광역시","여자","50~54",14010,46,13633,23,19,-,3,38,-,29,23,6,2,-,10,37,118,7,16,-
"부산광역시","여자","55~59",20584,41,20287,16,6,-,6,12,7,31,3,13,12,8,7,20,86,15,14,-
"부산광역시","여자","60~64",22305,12,22111,-,16,-,-,9,-,25,24,-,-,-,6,26,66,5,5,-
"부산광역시","여자","65~69",22618,11,22546,-,-,-,-,5,-,6,9,-,-,7,-,19,7,-,8,-
"부산광역시","여자","70~74",22624,30,22491,4,8,-,-,17,-,-,-,-,-,-,4,29,41,-,-,-
"부산광역시","여자","75세 이상",41150,33,40894,13,11,-,7,4,-,32,3,-,17,-,17,25,88,-,6,-
"대구광역시","계","합계",240352,1780,1003,225259,212,149,375,785,10,1343,436,355,207,164,140,6138,1559,68,369,-
"대구광역시","계","20세 미만",3110,25,96,1491,12,15,24,149,-,76,31,85,23,-,6,804,251,10,12,-
"대구광역시","계","20~24",16922,272,162,13078,41,39,34,248,3,225,225,53,40,39,64,1804,480,22,93,-
"대구광역시","계","25~29",16775,360,213,14325,23,28,51,90,-,243,26,65,27,14,5,999,221,6,79,-
"대구광역시","계","30~34",16840,280,91,15161,13,18,48,75,-,160,37,28,37,8,11,711,87,4,71,-
"대구광역시","계","35~39",15089,156,135,13975,28,27,57,52,-,94,25,19,21,26,6,391,47,7,23,-
"대구광역시","계","40~44",17342,106,84,16449,13,5,61,37,-,154,7,11,20,20,17,265,86,2,5,-
"대구광역시","계","45~49",18888,137,87,17920,25,3,30,69,7,131,14,41,11,25,16,266,88,6,12,-
"대구광역시","계","50~54",20850,176,39,19957,21,5,21,25,-,97,38,34,5,9,11,257,133,-,22,-
"대구광역시","계","55~59",22847,136,76,22005,24,5,35,26,-,88,26,4,19,23,4,239,121,5,11,-
"대구광역시","계","60~64",20481,66,6,20100,6,-,7,6,-,44,-,11,4,-,-,174,22,6,29,-
"대구광역시","계","65~69",18699,28,-,18565,3,-,-,3,-,5,7,-,-,-,-,65,23,-,-,-
"대구광역시","계","70~74",19526,18,4,19417,-,-,7,-,-,14,-,-,-,-,-,61,-,-,5,-
"대구광역시","계","75세 이상",32983,20,10,32816,3,4,-,5,-,12,-,4,-,-,-,102,-,-,7,-
"대구광역시","남자","합계",101897,1233,630,92293,184,57,277,443,10,988,360,225,150,126,92,3658,960,35,176,-
"대구광역시","남자","20세 미만",1373,16,34,616,7,9,14,38,-,47,18,21,12,-,6,407,111,5,12,-
"대구광역시","남자","20~24",7615,132,95,5394,41,9,20,145,3,185,200,41,26,22,28,911,320,14,29,-
"대구광역시","남자","25~29",9872,230,116,8251,17,12,34,58,-,160,19,51,18,8,5,711,132,1,49,-
"대구광역시","남자","30~34",10255,182,82,9046,7,18,35,46,-,109,30,14,30,8,11,527,73,4,33,-
"대구광역시","남자","35~39",9108,135,81,8299,28,6,48,46,-,69,15,19,16,26,6,256,47,-,11,-
"대구광역시","남자","40~44",10237,62,71,9564,13,-,61,29,-,124,7,11,20,20,17,173,60,-,5,-
"대구광역시","남자","45~49",11006,127,71,10250,20,3,16,55,7,103,14,35,7,25,4,219,44,6,-,-
"대구광역시","남자","50~54",10462,148,18,9814,21,-,10,3,-,80,38,29,5,5,11,161,97,-,22,-
"대구광역시","남자","55~59",9692,109,52,9142,24,-,32,9,-,88,19,-,12,12,4,119,60,5,5,-
"대구광역시","남자","60~64",7361,55,6,7173,-,-,7,6,-,15,-,4,4,-,-,79,7,-,5,-
"대구광역시","남자","65~69",5124,13,-,5044,3,-,-,3,-,5,-,-,-,-,-,47,9,-,-,-
"대구광역시","남자","70~74",4389,13,4,4335,-,-,-,-,-,-,-,-,-,-,-,32,-,-,5,-
"대구광역시","남자","75세 이상",5403,11,-,5365,3,-,-,5,-,3,-,-,-,-,-,16,-,-,-,-
"대구광역시","여자","합계",138455,547,373,132966,28,92,98,342,-,355,76,130,57,38,48,2480,599,33,193,-
"대구광역시","여자","20세 미만",1737,9,62,875,5,6,10,111,-,29,13,64,11,-,-,397,140,5,-,-
"대구광역시","여자","20~24",9307,140,67,7684,-,30,14,103,-,40,25,12,14,17,36,893,160,8,64,-
"대구광역시","여자","25~29",6903,130,97,6074,6,16,17,32,-,83,7,14,9,6,-,288,89,5,30,-
"대구광역시","여자","30~34",6585,98,9,6115,6,-,13,29,-,51,7,14,7,-,-,184,14,-,38,-
"대구광역시","여자","35~39",5981,21,54,5676,-,21,9,6,-,25,10,-,5,-,-,135,-,7,12,-
"대구광역시","여자","40~44",7105,44,13,6885,-,5,-,8,-,30,-,-,-,-,-,92,26,2,-,-
"대구광역시","여자","45~49",7882,10,16,7670,5,-,14,14,-,28,-,6,4,-,12,47,44,-,12,-
"대구광역시","여자","50~54",10388,28,21,10143,-,5,11,22,-,17,-,5,-,4,-,96,36,-,-,-
"대구광역시","여자","55~59",13155,27,24,12863,-,5,3,17,-,-,7,4,7,11,-,120,61,-,6,-
"대구광역시","여자","60~64",13120,11,-,12927,6,-,-,-,-,29,-,7,-,-,-,95,15,6,24,-
"대구광역시","여자","65~69",13575,15,-,13521,-,-,-,-,-,-,7,-,-,-,-,18,14,-,-,-
"대구광역시","여자","70~74",15137,5,-,15082,-,-,7,-,-,14,-,-,-,-,-,29,-,-,-,-
"대구광역시","여자","75세 이상",27580,9,10,27451,-,4,-,-,-,9,-,4,-,-,-,86,-,-,7,-
"인천광역시","계","합계",243261,6195,530,361,222634,351,424,187,47,7648,752,487,993,493,353,503,450,138,715,-
"인천광역시","계","20세 미만",1944,149,66,30,956,33,38,25,-,279,40,40,56,27,58,79,47,9,12,-
"인천광역시","계","20~24",11675,639,57,91,8807,108,80,28,1,876,153,124,257,91,80,57,59,39,128,-
"인천광역시","계","25~29",17905,1224,71,57,14374,99,84,38,12,1004,115,58,180,140,54,123,96,20,156,-
"인천광역시","계","30~34",21658,1092,97,27,18730,32,48,18,-,1104,59,48,99,49,17,32,61,26,119,-
"인천광역시","계","35~39",20266,775,43,10,18211,14,62,12,6,802,65,27,67,44,4,39,55,8,22,-
"인천광역시","계","40~44",21391,554,29,41,19531,12,21,9,-,765,93,36,85,37,26,33,54,15,50,-
"인천광역시","계","45~49",21275,379,30,26,19504,25,35,36,11,837,83,48,66,36,36,41,23,3,56,-
"인천광역시","계","50~54",23813,335,21,11,22559,-,39,12,5,585,18,40,34,29,20,45,20,5,35,-
"인천광역시","계","55~59",24659,380,47,62,23362,5,10,7,5,516,42,22,66,6,13,15,31,6,64,-
"인천광역시","계","60~64",18318,160,31,6,17592,-,7,2,-,355,19,30,33,8,30,8,4,7,26,-
"인천광역시","계","65~69",16498,119,7,-,16102,-,-,-,-,172,21,14,14,9,6,4,-,-,30,-
"인천광역시","계","70~74",15592,134,-,-,15234,17,-,-,-,154,13,-,12,-,5,15,-,-,8,-
"인천광역시","계","75세 이상",28267,255,31,-,27672,6,-,-,7,199,31,-,24,17,4,12,-,-,9,-
"인천광역시","남자","합계",118296,3867,332,253,105424,201,257,89,40,4711,474,322,609,324,223,332,284,109,445,-
"인천광역시","남자","20세 미만",936,101,26,9,479,16,25,-,-,122,12,25,19,7,16,54,18,7,-,-
"인천광역시","남자","20~24",5657,331,38,52,4124,52,20,8,1,476,95,69,126,49,51,34,18,39,74,-
"인천광역시","남자","25~29",10378,725,45,57,8157,56,56,16,12,656,77,40,107,97,41,64,48,11,113,-
"인천광역시","남자","30~34",13574,757,82,22,11500,29,27,18,-,739,55,24,87,30,5,30,55,20,94,-
"인천광역시","남자","35~39",12831,557,36,10,11344,9,61,12,6,526,49,27,58,36,4,36,44,8,8,-
"인천광역시","남자","40~44",13889,396,29,27,12533,12,14,9,-,553,50,29,64,25,26,33,43,10,36,-
"인천광역시","남자","45~49",12892,274,21,20,11645,18,30,12,11,574,59,33,50,36,30,28,23,3,25,-
"인천광역시","남자","50~54",13938,268,21,11,12985,-,20,5,5,450,15,32,28,21,8,24,20,5,20,-
"인천광역시","남자","55~59",12143,251,8,39,11348,5,4,7,5,301,30,15,51,6,8,6,15,6,38,-
"인천광역시","남자","60~64",7776,81,16,6,7407,-,-,2,-,173,17,23,9,-,23,8,-,-,11,-
"인천광역시","남자","65~69",5338,36,7,-,5184,-,-,-,-,59,9,5,-,9,6,-,-,-,23,-
"인천광역시","남자","70~74",3970,40,-,-,3872,4,-,-,-,26,6,-,5,-,5,9,-,-,3,-
"인천광역시","남자","75세 이상",4974,50,3,-,4846,-,-,-,-,56,-,-,5,8,-,6,-,-,-,-
"인천광역시","여자","합계",124965,2328,198,108,117210,150,167,98,7,2937,278,165,384,169,130,171,166,29,270,-
"인천광역시","여자","20세 미만",1008,48,40,21,477,17,13,25,-,157,28,15,37,20,42,25,29,2,12,-
"인천광역시","여자","20~24",6018,308,19,39,4683,56,60,20,-,400,58,55,131,42,29,23,41,-,54,-
"인천광역시","여자","25~29",7527,499,26,-,6217,43,28,22,-,348,38,18,73,43,13,59,48,9,43,-
"인천광역시","여자","30~34",8084,335,15,5,7230,3,21,-,-,365,4,24,12,19,12,2,6,6,25,-
"인천광역시","여자","35~39",7435,218,7,-,6867,5,1,-,-,276,16,-,9,8,-,3,11,-,14,-
"인천광역시","여자","40~44",7502,158,-,14,6998,-,7,-,-,212,43,7,21,12,-,-,11,5,14,-
"인천광역시","여자","45~49",8383,105,9,6,7859,7,5,24,-,263,24,15,16,-,6,13,-,-,31,-
"인천광역시","여자","50~54",9875,67,-,-,9574,-,19,7,-,135,3,8,6,8,12,21,-,-,15,-
"인천광역시","여자","55~59",12516,129,39,23,12014,-,6,-,-,215,12,7,15,-,5,9,16,-,26,-
"인천광역시","여자","60~64",10542,79,15,-,10185,-,7,-,-,182,2,7,24,8,7,-,4,7,15,-
"인천광역시","여자","65~69",11160,83,-,-,10918,-,-,-,-,113,12,9,14,-,-,4,-,-,7,-
"인천광역시","여자","70~74",11622,94,-,-,11362,13,-,-,-,128,7,-,7,-,-,6,-,-,5,-
"인천광역시","여자","75세 이상",23293,205,28,-,22826,6,-,-,7,143,31,-,19,9,4,6,-,-,9,-
"광주광역시","계","합계",163354,1707,262,136,269,153686,280,24,13,1377,109,108,209,1092,3494,163,205,57,163,-
"광주광역시","계","20세 미만",2378,28,8,20,19,1426,19,-,-,50,5,12,24,138,610,-,9,10,-,-
"광주광역시","계","20~24",14039,184,39,16,88,11836,86,7,-,229,52,17,76,322,976,35,39,10,27,-
"광주광역시","계","25~29",15545,399,53,12,52,13797,38,10,-,173,26,34,34,197,577,49,63,-,31,-
"광주광역시","계","30~34",15143,266,29,15,39,14015,42,-,-,217,-,6,14,141,260,12,30,15,42,-
"광주광역시","계","35~39",13306,206,38,17,14,12470,29,7,3,177,-,2,21,48,244,-,11,2,17,-
"광주광역시","계","40~44",12053,218,15,24,-,11338,15,-,-,156,6,11,11,65,176,11,-,7,-,-
"광주광역시","계","45~49",12152,144,12,13,18,11497,25,-,-,145,9,16,-,83,153,-,23,-,14,-
"광주광역시","계","50~54",13018,93,22,3,14,12508,6,-,10,118,7,-,6,50,140,16,3,3,19,-
"광주광역시","계","55~59",13610,84,32,8,-,13208,11,-,-,58,4,4,-,29,115,29,12,10,6,-
"광주광역시","계","60~64",10634,41,11,-,9,10463,5,-,-,11,-,6,8,9,61,-,10,-,-,-
"광주광역시","계","65~69",10774,20,3,8,3,10660,4,-,-,18,-,-,8,2,43,-,5,-,-,-
"광주광역시","계","70~74",10329,1,-,-,1,10242,-,-,-,-,-,-,7,8,62,6,-,-,2,-
"광주광역시","계","75세 이상",20373,23,-,-,12,20226,-,-,-,25,-,-,-,-,77,5,-,-,5,-
"광주광역시","남자","합계",75168,1123,157,77,186,69045,158,24,13,983,89,46,104,744,2040,108,146,28,97,-
"광주광역시","남자","20세 미만",1164,25,-,1,14,621,14,-,-,32,5,8,5,81,347,-,4,7,-,-
"광주광역시","남자","20~24",6304,130,21,16,67,5076,26,7,-,146,41,5,25,171,511,23,23,10,6,-
"광주광역시","남자","25~29",8775,248,39,8,43,7647,22,10,-,120,26,24,28,116,331,31,51,-,31,-
"광주광역시","남자","30~34",9190,155,17,11,34,8440,15,-,-,154,-,-,7,123,173,12,18,6,25,-
"광주광역시","남자","35~39",8573,141,24,-,5,7965,15,7,3,130,-,-,15,48,197,-,11,2,10,-
"광주광역시","남자","40~44",7786,153,13,17,-,7266,15,-,-,120,6,3,11,61,119,2,-,-,-,-
"광주광역시","남자","45~49",7270,106,5,13,11,6775,25,-,-,122,-,6,-,62,122,-,23,-,-,-
"광주광역시","남자","50~54",6829,69,-,3,-,6464,6,-,10,90,7,-,6,34,102,16,-,3,19,-
"광주광역시","남자","55~59",6253,56,24,-,-,5992,11,-,-,47,4,-,-,29,60,18,6,-,6,-
"광주광역시","남자","60~64",4037,26,11,-,-,3947,5,-,-,11,-,-,-,9,18,-,10,-,-,-
"광주광역시","남자","65~69",3035,7,3,8,-,2994,4,-,-,11,-,-,-,2,6,-,-,-,-,-
"광주광역시","남자","70~74",2581,1,-,-,1,2535,-,-,-,-,-,-,7,8,23,6,-,-,-,-
"광주광역시","남자","75세 이상",3371,6,-,-,11,3323,-,-,-,-,-,-,-,-,31,-,-,-,-,-
"광주광역시","여자","합계",88186,584,105,59,83,84641,122,-,-,394,20,62,105,348,1454,55,59,29,66,-
"광주광역시","여자","20세 미만",1214,3,8,19,5,805,5,-,-,18,-,4,19,57,263,-,5,3,-,-
"광주광역시","여자","20~24",7735,54,18,-,21,6760,60,-,-,83,11,12,51,151,465,12,16,-,21,-
"광주광역시","여자","25~29",6770,151,14,4,9,6150,16,-,-,53,-,10,6,81,246,18,12,-,-,-
"광주광역시","여자","30~34",5953,111,12,4,5,5575,27,-,-,63,-,6,7,18,87,-,12,9,17,-
"광주광역시","여자","35~39",4733,65,14,17,9,4505,14,-,-,47,-,2,6,-,47,-,-,-,7,-
"광주광역시","여자","40~44",4267,65,2,7,-,4072,-,-,-,36,-,8,-,4,57,9,-,7,-,-
"광주광역시","여자","45~49",4882,38,7,-,7,4722,-,-,-,23,9,10,-,21,31,-,-,-,14,-
"광주광역시","여자","50~54",6189,24,22,-,14,6044,-,-,-,28,-,-,-,16,38,-,3,-,-,-
"광주광역시","여자","55~59",7357,28,8,8,-,7216,-,-,-,11,-,4,-,-,55,11,6,10,-,-
"광주광역시","여자","60~64",6597,15,-,-,9,6516,-,-,-,-,-,6,8,-,43,-,-,-,-,-
"광주광역시","여자","65~69",7739,13,-,-,3,7666,-,-,-,7,-,-,8,-,37,-,5,-,-,-
"광주광역시","여자","70~74",7748,-,-,-,-,7707,-,-,-,-,-,-,-,-,39,-,-,-,2,-
"광주광역시","여자","75세 이상",17002,17,-,-,1,16903,-,-,-,25,-,-,-,-,46,5,-,-,5,-
"대전광역시","계","합계",169024,3378,503,550,823,381,149650,213,301,3667,678,1704,3579,1024,434,957,540,129,513,-
"대전광역시","계","20세 미만",4909,251,11,32,163,59,1846,30,50,561,140,255,818,218,100,235,121,9,10,-
"대전광역시","계","20~24",25297,700,75,209,271,112,19114,69,71,1245,279,603,1403,335,117,341,145,27,181,-
"대전광역시","계","25~29",19117,684,130,126,93,54,16008,61,27,455,101,340,403,161,52,161,106,19,136,-
"대전광역시","계","30~34",14470,459,58,61,76,34,12808,23,51,218,19,104,298,82,52,57,24,12,34,-
"대전광역시","계","35~39",10861,209,21,10,41,40,9900,11,26,210,23,103,89,56,21,27,23,6,45,-
"대전광역시","계","40~44",11806,346,44,24,60,26,10671,9,16,199,30,81,125,54,27,21,19,39,15,-
"대전광역시","계","45~49",11156,216,52,43,27,11,10159,4,26,294,20,63,91,46,29,17,36,6,16,-
"대전광역시","계","50~54",12738,183,47,30,23,19,11918,-,13,215,9,55,96,28,7,31,23,5,36,-
"대전광역시","계","55~59",13760,139,18,-,28,13,13150,-,5,130,41,44,101,15,5,27,18,3,23,-
"대전광역시","계","60~64",10995,77,19,-,27,6,10700,-,8,67,10,5,35,14,-,22,-,-,5,-
"대전광역시","계","65~69",9946,20,13,15,7,-,9747,6,8,38,-,19,44,9,-,6,8,3,3,-
"대전광역시","계","70~74",8451,37,-,-,-,-,8327,-,-,17,6,5,20,6,13,5,11,-,4,-
"대전광역시","계","75세 이상",15518,57,15,-,7,7,15302,-,-,18,-,27,56,-,11,7,6,-,5,-
"대전광역시","남자","합계",81011,2265,326,320,583,212,68741,110,167,2630,508,951,2034,591,281,541,323,77,351,-
"대전광역시","남자","20세 미만",2545,179,5,10,99,39,848,4,18,344,83,118,503,80,62,92,51,-,10,-
"대전광역시","남자","20~24",12007,452,33,112,203,31,8281,30,24,881,227,309,763,180,71,211,92,22,85,-
"대전광역시","남자","25~29",11156,430,92,69,66,39,9072,46,21,341,90,207,234,108,26,99,72,19,125,-
"대전광역시","남자","30~34",8744,277,50,57,37,13,7627,10,27,181,14,86,185,44,41,50,24,4,17,-
"대전광역시","남자","35~39",6667,127,21,10,31,27,5967,5,11,179,11,71,68,50,15,18,15,6,35,-
"대전광역시","남자","40~44",7136,277,31,11,55,14,6304,9,16,153,24,45,90,38,23,21,9,9,7,-
"대전광역시","남자","45~49",6558,184,46,34,27,11,5792,-,16,230,16,24,46,37,29,12,36,6,12,-
"대전광역시","남자","50~54",6685,150,19,13,16,19,6103,-,13,168,9,41,42,19,7,15,10,5,36,-
"대전광역시","남자","55~59",6603,115,13,-,21,13,6163,-,5,95,34,30,60,15,3,4,14,3,15,-
"대전광역시","남자","60~64",4219,53,16,-,21,6,4050,-,8,32,-,-,14,5,-,14,-,-,-,-
"대전광역시","남자","65~69",3269,6,-,4,7,-,3179,6,8,15,-,7,25,9,-,-,-,3,-,-
"대전광역시","남자","70~74",2197,-,-,-,-,-,2171,-,-,11,-,-,-,6,-,5,-,-,4,-
"대전광역시","남자","75세 이상",3225,15,-,-,-,-,3184,-,-,-,-,13,4,-,4,-,-,-,5,-
"대전광역시","여자","합계",88013,1113,177,230,240,169,80909,103,134,1037,170,753,1545,433,153,416,217,52,162,-
"대전광역시","여자","20세 미만",2364,72,6,22,64,20,998,26,32,217,57,137,315,138,38,143,70,9,-,-
"대전광역시","여자","20~24",13290,248,42,97,68,81,10833,39,47,364,52,294,640,155,46,130,53,5,96,-
"대전광역시","여자","25~29",7961,254,38,57,27,15,6936,15,6,114,11,133,169,53,26,62,34,-,11,-
"대전광역시","여자","30~34",5726,182,8,4,39,21,5181,13,24,37,5,18,113,38,11,7,-,8,17,-
"대전광역시","여자","35~39",4194,82,-,-,10,13,3933,6,15,31,12,32,21,6,6,9,8,-,10,-
"대전광역시","여자","40~44",4670,69,13,13,5,12,4367,-,-,46,6,36,35,16,4,-,10,30,8,-
"대전광역시","여자","45~49",4598,32,6,9,-,-,4367,4,10,64,4,39,45,9,-,5,-,-,4,-
"대전광역시","여자","50~54",6053,33,28,17,7,-,5815,-,-,47,-,14,54,9,-,16,13,-,-,-
"대전광역시","여자","55~59",7157,24,5,-,7,-,6987,-,-,35,7,14,41,-,2,23,4,-,8,-
"대전광역시","여자","60~64",6776,24,3,-,6,-,6650,-,-,35,10,5,21,9,-,8,-,-,5,-
"대전광역시","여자","65~69",6677,14,13,11,-,-,6568,-,-,23,-,12,19,-,-,6,8,-,3,-
"대전광역시","여자","70~74",6254,37,-,-,-,-,6156,-,-,6,6,5,20,-,13,-,11,-,-,-
"대전광역시","여자","75세 이상",12293,42,15,-,7,7,12118,-,-,18,-,14,52,-,7,7,6,-,-,-
"울산광역시","계","합계",103675,969,2143,670,207,95,152,95106,6,854,171,97,181,161,140,1096,1394,52,181,-
"울산광역시","계","20세 미만",496,11,54,23,5,7,6,239,-,22,24,-,-,-,7,29,69,-,-,-
"울산광역시","계","20~24",4452,86,348,134,9,13,18,3224,-,60,41,10,10,43,4,191,222,14,25,-
"울산광역시","계","25~29",8525,201,459,185,26,11,38,6877,-,144,35,12,22,31,14,201,222,9,38,-
"울산광역시","계","30~34",10272,147,324,84,63,6,31,8911,-,208,18,15,21,33,28,110,236,11,26,-
"울산광역시","계","35~39",8790,120,253,69,11,35,31,7889,-,61,2,-,39,7,33,101,113,-,26,-
"울산광역시","계","40~44",9347,77,174,33,36,6,16,8608,-,97,19,18,9,7,17,108,101,3,18,-
"울산광역시","계","45~49",9636,127,84,55,16,5,-,9016,-,74,16,5,15,18,14,65,96,-,30,-
"울산광역시","계","50~54",10063,64,184,19,15,6,-,9364,6,83,6,-,44,11,-,133,118,5,5,-
"울산광역시","계","55~59",10571,85,89,31,20,6,6,10050,-,57,-,11,11,11,6,63,115,5,5,-
"울산광역시","계","60~64",8985,35,51,24,6,-,-,8720,-,25,5,22,5,-,9,32,46,5,-,-
"울산광역시","계","65~69",6666,10,53,7,-,-,6,6531,-,15,5,-,5,-,5,7,17,-,5,-
"울산광역시","계","70~74",5984,6,26,-,-,-,-,5927,-,-,-,-,-,-,-,18,7,-,-,-
"울산광역시","계","75세 이상",9888,-,44,6,-,-,-,9750,-,8,-,4,-,-,3,38,32,-,3,-
"울산광역시","남자","합계",53661,714,1377,475,193,83,115,47644,6,686,138,75,137,137,112,653,958,42,116,-
"울산광역시","남자","20세 미만",234,11,26,17,5,7,6,68,-,10,24,-,-,-,3,11,46,-,-,-
"울산광역시","남자","20~24",2408,36,150,93,9,13,9,1678,-,50,41,4,5,43,4,123,133,9,8,-
"울산광역시","남자","25~29",5889,142,285,119,20,11,28,4697,-,111,35,12,22,31,14,157,175,9,21,-
"울산광역시","남자","30~34",7516,74,256,69,55,-,31,6468,-,156,18,9,21,33,24,68,207,6,21,-
"울산광역시","남자","35~39",6282,87,185,55,11,35,19,5623,-,42,-,-,15,7,28,73,88,-,14,-
"울산광역시","남자","40~44",6388,57,126,33,36,6,16,5795,-,89,15,18,5,7,11,67,91,3,13,-
"울산광역시","남자","45~49",5690,122,75,41,16,5,-,5180,-,58,5,5,15,7,14,55,66,-,26,-
"울산광역시","남자","50~54",5599,64,132,10,15,6,-,5120,6,83,-,-,38,4,-,62,49,5,5,-
"울산광역시","남자","55~59",5024,75,67,26,20,-,6,4654,-,54,-,11,11,5,-,24,66,5,-,-
"울산광역시","남자","60~64",3472,30,29,12,6,-,-,3312,-,25,-,12,-,-,9,13,19,5,-,-
"울산광역시","남자","65~69",2168,10,15,-,-,-,-,2115,-,8,-,-,5,-,5,-,5,-,5,-
"울산광역시","남자","70~74",1384,6,20,-,-,-,-,1351,-,-,-,-,-,-,-,-,7,-,-,-
"울산광역시","남자","75세 이상",1607,-,11,-,-,-,-,1583,-,-,-,4,-,-,-,-,6,-,3,-
"울산광역시","여자","합계",50014,255,766,195,14,12,37,47462,-,168,33,22,44,24,28,443,436,10,65,-
"울산광역시","여자","20세 미만",262,-,28,6,-,-,-,171,-,12,-,-,-,-,4,18,23,-,-,-
"울산광역시","여자","20~24",2044,50,198,41,-,-,9,1546,-,10,-,6,5,-,-,68,89,5,17,-
"울산광역시","여자","25~29",2636,59,174,66,6,-,10,2180,-,33,-,-,-,-,-,44,47,-,17,-
"울산광역시","여자","30~34",2756,73,68,15,8,6,-,2443,-,52,-,6,-,-,4,42,29,5,5,-
"울산광역시","여자","35~39",2508,33,68,14,-,-,12,2266,-,19,2,-,24,-,5,28,25,-,12,-
"울산광역시","여자","40~44",2959,20,48,-,-,-,-,2813,-,8,4,-,4,-,6,41,10,-,5,-
"울산광역시","여자","45~49",3946,5,9,14,-,-,-,3836,-,16,11,-,-,11,-,10,30,-,4,-
"울산광역시","여자","50~54",4464,-,52,9,-,-,-,4244,-,-,6,-,6,7,-,71,69,-,-,-
"울산광역시","여자","55~59",5547,10,22,5,-,6,-,5396,-,3,-,-,-,6,6,39,49,-,5,-
"울산광역시","여자","60~64",5513,5,22,12,-,-,-,5408,-,-,5,10,5,-,-,19,27,-,-,-
"울산광역시","여자","65~69",4498,-,38,7,-,-,6,4416,-,7,5,-,-,-,-,7,12,-,-,-
"울산광역시","여자","70~74",4600,-,6,-,-,-,-,4576,-,-,-,-,-,-,-,18,-,-,-,-
"울산광역시","여자","75세 이상",8281,-,33,6,-,-,-,8167,-,8,-,-,-,-,3,38,26,-,-,-
"세종특별자치시","계","합계",21909,2160,252,158,349,110,1196,83,13681,1609,176,627,664,238,135,147,144,33,147,-
"세종특별자치시","계","20세 미만",807,84,26,4,35,16,20,-,330,116,27,19,53,35,9,15,14,-,4,-
"세종특별자치시","계","20~24",3810,437,114,45,135,19,117,37,2048,355,86,88,108,72,36,39,45,8,21,-
"세종특별자치시","계","25~29",2495,326,28,34,21,22,195,8,1242,214,17,122,93,18,36,30,27,4,58,-
"세종특별자치시","계","30~34",1749,269,26,14,25,6,195,-,790,177,3,99,82,14,16,1,12,-,20,-
"세종특별자치시","계","35~39",1489,220,8,3,31,7,171,10,771,112,5,57,45,21,14,3,1,-,10,-
"세종특별자치시","계","40~44",1476,219,7,6,14,11,117,5,743,144,9,77,76,15,4,11,4,3,11,-
"세종특별자치시","계","45~49",1647,205,9,23,30,12,115,3,907,170,12,34,55,27,4,8,22,6,5,-
"세종특별자치시","계","50~54",1559,146,15,9,18,7,66,13,985,128,9,54,55,11,9,12,8,9,5,-
"세종특별자치시","계","55~59",1574,159,10,11,23,10,79,6,1012,118,7,35,67,5,5,7,8,-,12,-
"세종특별자치시","계","60~64",1044,46,-,3,5,-,72,-,838,27,1,12,14,4,2,16,-,3,1,-
"세종특별자치시","계","65~69",792,18,4,-,2,-,22,-,694,17,-,16,7,4,-,5,3,-,-,-
"세종특별자치시","계","70~74",882,9,5,-,5,-,12,1,811,24,-,14,1,-,-,-,-,-,-,-
"세종특별자치시","계","75세 이상",2585,22,-,6,5,-,15,-,2510,7,-,-,8,12,-,-,-,-,-,-
"세종특별자치시","남자","합계",10513,1193,141,87,235,78,533,41,5964,973,143,292,354,138,62,89,74,23,93,-
"세종특별자치시","남자","20세 미만",417,51,16,4,20,12,12,-,151,68,10,7,23,27,-,11,1,-,4,-
"세종특별자치시","남자","20~24",2068,260,63,28,102,15,38,17,1027,219,75,51,49,52,28,18,22,4,-,-
"세종특별자치시","남자","25~29",1506,152,20,18,7,7,89,3,857,114,12,55,58,7,24,26,14,4,39,-
"세종특별자치시","남자","30~34",970,115,18,10,21,6,108,-,454,84,3,72,55,4,-,1,12,-,7,-
"세종특별자치시","남자","35~39",839,107,8,3,22,7,74,4,453,82,5,24,23,13,-,3,1,-,10,-
"세종특별자치시","남자","40~44",888,129,3,1,3,7,52,-,463,99,9,37,43,15,4,5,4,3,11,-
"세종특별자치시","남자","45~49",896,128,4,8,10,12,54,3,472,114,12,13,30,10,-,8,7,6,5,-
"세종특별자치시","남자","50~54",874,120,5,5,18,7,26,8,531,83,9,4,28,6,3,6,8,3,4,-
"세종특별자치시","남자","55~59",800,82,-,7,22,5,46,6,482,76,7,17,31,-,3,2,2,-,12,-
"세종특별자치시","남자","60~64",437,41,-,3,5,-,14,-,331,23,1,7,4,-,-,4,-,3,1,-
"세종특별자치시","남자","65~69",270,6,4,-,-,-,20,-,219,1,-,1,7,4,-,5,3,-,-,-
"세종특별자치시","남자","70~74",200,2,-,-,5,-,-,-,184,4,-,4,1,-,-,-,-,-,-,-
"세종특별자치시","남자","75세 이상",348,-,-,-,-,-,-,-,340,6,-,-,2,-,-,-,-,-,-,-
"세종특별자치시","여자","합계",11396,967,111,71,114,32,663,42,7717,636,33,335,310,100,73,58,70,10,54,-
"세종특별자치시","여자","20세 미만",390,33,10,-,15,4,8,-,179,48,17,12,30,8,9,4,13,-,-,-
"세종특별자치시","여자","20~24",1742,177,51,17,33,4,79,20,1021,136,11,37,59,20,8,21,23,4,21,-
"세종특별자치시","여자","25~29",989,174,8,16,14,15,106,5,385,100,5,67,35,11,12,4,13,-,19,-
"세종특별자치시","여자","30~34",779,154,8,4,4,-,87,-,336,93,-,27,27,10,16,-,-,-,13,-
"세종특별자치시","여자","35~39",650,113,-,-,9,-,97,6,318,30,-,33,22,8,14,-,-,-,-,-
"세종특별자치시","여자","40~44",588,90,4,5,11,4,65,5,280,45,-,40,33,-,-,6,-,-,-,-
"세종특별자치시","여자","45~49",751,77,5,15,20,-,61,-,435,56,-,21,25,17,4,-,15,-,-,-
"세종특별자치시","여자","50~54",685,26,10,4,-,-,40,5,454,45,-,50,27,5,6,6,-,6,1,-
"세종특별자치시","여자","55~59",774,77,10,4,1,5,33,-,530,42,-,18,36,5,2,5,6,-,-,-
"세종특별자치시","여자","60~64",607,5,-,-,-,-,58,-,507,4,-,5,10,4,2,12,-,-,-,-
"세종특별자치시","여자","65~69",522,12,-,-,2,-,2,-,475,16,-,15,-,-,-,-,-,-,-,-
"세종특별자치시","여자","70~74",682,7,5,-,-,-,12,1,627,20,-,10,-,-,-,-,-,-,-,-
"세종특별자치시","여자","75세 이상",2237,22,-,6,5,-,15,-,2170,1,-,-,6,12,-,-,-,-,-,-
"경기도","계","합계",1028089,39660,2897,2229,7886,1750,2854,649,272,944342,3718,3019,4833,2558,2055,2870,2419,605,3473,-
"경기도","계","20세 미만",7273,458,136,93,250,137,85,70,2,4525,245,174,205,131,225,270,167,34,66,-
"경기도","계","20~24",49649,3699,446,526,1216,382,577,72,48,37886,821,557,849,559,395,568,477,117,454,-
"경기도","계","25~29",89528,7000,728,542,1381,456,725,155,50,73662,680,526,914,557,396,570,448,129,609,-
"경기도","계","30~34",102404,6640,423,322,1139,229,360,103,45,89837,405,414,559,381,163,328,385,82,589,-
"경기도","계","35~39",90096,4653,288,209,703,152,273,40,17,81640,238,295,390,231,142,265,107,69,384,-
"경기도","계","40~44",95657,3832,207,132,773,98,230,37,42,88329,215,239,438,136,155,161,178,55,400,-
"경기도","계","45~49",92063,3164,147,99,707,88,185,60,35,85681,313,214,494,162,140,126,152,51,245,-
"경기도","계","50~54",91182,2426,152,113,550,61,190,26,24,86062,221,174,339,98,98,217,120,23,288,-
"경기도","계","55~59",93524,2377,191,65,487,54,104,36,9,88854,179,150,306,156,109,175,120,13,139,-
"경기도","계","60~64",70112,1809,56,50,216,25,33,12,-,67161,142,126,114,43,67,44,116,-,98,-
"경기도","계","65~69",64396,1307,59,11,175,12,39,9,-,62298,73,75,75,20,35,63,47,8,90,-
"경기도","계","70~74",63922,1008,21,26,144,26,19,-,-,62309,81,11,50,59,54,26,44,12,32,-
"경기도","계","75세 이상",118283,1287,43,41,145,30,34,29,-,116098,105,64,100,25,76,57,58,12,79,-
"경기도","남자","합계",506853,23160,1879,1601,4821,1049,1919,386,185,455417,2369,1988,3237,1689,1229,1996,1623,354,1951,-
"경기도","남자","20세 미만",3570,216,63,40,121,81,55,28,2,2237,115,87,105,46,73,147,89,18,47,-
"경기도","남자","20~24",23394,1703,230,336,613,132,290,24,18,17497,493,290,415,271,255,344,248,47,188,-
"경기도","남자","25~29",53755,4374,512,398,1026,276,525,97,30,43077,520,370,663,444,260,386,333,73,391,-
"경기도","남자","30~34",67235,4592,318,256,803,169,233,80,40,58390,271,297,416,287,99,279,273,49,383,-
"경기도","남자","35~39",58608,3076,228,184,487,131,205,30,7,52656,166,241,321,195,123,209,76,60,213,-
"경기도","남자","40~44",61307,2609,131,124,559,77,191,25,27,56030,154,199,349,128,133,143,160,37,231,-
"경기도","남자","45~49",55948,2082,113,99,408,66,169,40,35,51511,226,177,391,139,107,103,112,38,132,-
"경기도","남자","50~54",51031,1442,113,74,323,49,121,8,17,47828,141,133,233,50,51,177,99,17,155,-
"경기도","남자","55~59",45213,1228,114,35,255,40,72,30,9,42507,134,108,207,90,69,140,85,7,83,-
"경기도","남자","60~64",28154,793,19,36,81,10,10,7,-,26819,74,53,62,23,19,29,84,-,35,-
"경기도","남자","65~69",20884,492,21,-,51,8,29,-,-,20058,37,24,37,5,17,27,27,8,43,-
"경기도","남자","70~74",15953,312,7,5,72,-,4,-,-,15471,15,5,17,4,12,-,16,-,13,-
"경기도","남자","75세 이상",21801,241,10,14,22,10,15,17,-,21336,23,4,21,7,11,12,21,-,37,-
"경기도","여자","합계",521236,16500,1018,628,3065,701,935,263,87,488925,1349,1031,1596,869,826,874,796,251,1522,-
"경기도","여자","20세 미만",3703,242,73,53,129,56,30,42,-,2288,130,87,100,85,152,123,78,16,19,-
"경기도","여자","20~24",26255,1996,216,190,603,250,287,48,30,20389,328,267,434,288,140,224,229,70,266,-
"경기도","여자","25~29",35773,2626,216,144,355,180,200,58,20,30585,160,156,251,113,136,184,115,56,218,-
"경기도","여자","30~34",35169,2048,105,66,336,60,127,23,5,31447,134,117,143,94,64,49,112,33,206,-
"경기도","여자","35~39",31488,1577,60,25,216,21,68,10,10,28984,72,54,69,36,19,56,31,9,171,-
"경기도","여자","40~44",34350,1223,76,8,214,21,39,12,15,32299,61,40,89,8,22,18,18,18,169,-
"경기도","여자","45~49",36115,1082,34,-,299,22,16,20,-,34170,87,37,103,23,33,23,40,13,113,-
"경기도","여자","50~54",40151,984,39,39,227,12,69,18,7,38234,80,41,106,48,47,40,21,6,133,-
"경기도","여자","55~59",48311,1149,77,30,232,14,32,6,-,46347,45,42,99,66,40,35,35,6,56,-
"경기도","여자","60~64",41958,1016,37,14,135,15,23,5,-,40342,68,73,52,20,48,15,32,-,63,-
"경기도","여자","65~69",43512,815,38,11,124,4,10,9,-,42240,36,51,38,15,18,36,20,-,47,-
"경기도","여자","70~74",47969,696,14,21,72,26,15,-,-,46838,66,6,33,55,42,26,28,12,19,-
"경기도","여자","75세 이상",96482,1046,33,27,123,20,19,12,-,94762,82,60,79,18,65,45,37,12,42,-
"강원도","계","합계",189651,4806,260,298,965,124,342,162,34,5147,175065,639,330,211,139,496,270,71,292,-
"강원도","계","20세 미만",2899,396,3,-,143,-,15,4,-,568,1615,60,21,8,8,35,6,4,13,-
"강원도","계","20~24",16077,1273,22,46,278,24,49,28,6,1622,12286,142,51,20,24,92,26,28,60,-
"강원도","계","25~29",11029,634,56,48,128,31,43,20,-,574,9184,106,41,22,11,53,35,19,24,-
"강원도","계","30~34",9491,441,49,55,52,16,31,13,4,409,8173,62,26,31,19,41,53,2,14,-
"강원도","계","35~39",8454,268,29,38,73,10,47,10,-,233,7551,48,16,26,4,51,21,3,26,-
"강원도","계","40~44",9923,251,10,22,38,8,27,28,-,310,9017,22,38,29,3,31,57,-,32,-
"강원도","계","45~49",12502,302,17,19,76,14,36,7,6,390,11369,47,48,30,17,63,23,-,38,-
"강원도","계","50~54",16573,325,26,36,52,6,31,22,11,408,15413,50,33,38,45,36,7,5,29,-
"강원도","계","55~59",18567,392,8,23,58,4,24,21,7,247,17598,50,27,3,6,48,11,10,30,-
"강원도","계","60~64",15657,232,28,3,39,11,19,7,-,190,15056,18,14,-,2,23,6,-,9,-
"강원도","계","65~69",14444,114,5,2,6,-,8,1,-,98,14150,22,5,2,-,9,18,-,4,-
"강원도","계","70~74",17514,111,-,6,11,-,2,-,-,45,17320,3,10,-,-,6,-,-,-,-
"강원도","계","75세 이상",36521,67,7,-,11,-,10,1,-,53,36333,9,-,2,-,8,7,-,13,-
"강원도","남자","합계",82512,3288,149,219,720,75,259,119,31,3665,72346,387,236,158,111,334,200,56,159,-
"강원도","남자","20세 미만",1849,268,-,-,116,-,4,4,-,393,946,38,15,4,8,33,6,4,10,-
"강원도","남자","20~24",9628,876,17,38,217,13,24,28,6,1188,6996,61,27,15,16,41,13,20,32,-
"강원도","남자","25~29",7018,430,30,30,95,11,43,20,-,449,5664,88,36,13,7,34,25,19,24,-
"강원도","남자","30~34",5867,310,31,36,34,13,25,2,4,284,4961,41,19,25,19,24,35,2,2,-
"강원도","남자","35~39",5220,171,11,26,54,10,40,-,-,149,4619,31,16,22,4,38,19,3,7,-
"강원도","남자","40~44",6399,185,8,17,38,8,27,25,-,229,5701,21,32,23,3,24,52,-,6,-
"강원도","남자","45~49",7464,237,3,19,57,9,29,7,6,268,6617,18,42,26,17,54,23,-,32,-
"강원도","남자","50~54",8989,242,12,25,35,3,31,13,8,279,8175,32,11,24,35,33,7,5,19,-
"강원도","남자","55~59",9068,280,8,17,43,4,14,17,7,201,8379,24,25,2,-,35,1,3,8,-
"강원도","남자","60~64",6436,144,24,3,22,4,14,2,-,127,6059,13,8,-,2,9,1,-,4,-
"강원도","남자","65~69",4572,78,5,2,-,-,8,1,-,57,4376,14,-,2,-,9,18,-,2,-
"강원도","남자","70~74",4105,63,-,6,9,-,-,-,-,25,3994,3,5,-,-,-,-,-,-,-
"강원도","남자","75세 이상",5897,4,-,-,-,-,-,-,-,16,5859,3,-,2,-,-,-,-,13,-
"강원도","여자","합계",107139,1518,111,79,245,49,83,43,3,1482,102719,252,94,53,28,162,70,15,133,-
"강원도","여자","20세 미만",1050,128,3,-,27,-,11,-,-,175,669,22,6,4,-,2,-,-,3,-
"강원도","여자","20~24",6449,397,5,8,61,11,25,-,-,434,5290,81,24,5,8,51,13,8,28,-
"강원도","여자","25~29",4011,204,26,18,33,20,-,-,-,125,3520,18,5,9,4,19,10,-,-,-
"강원도","여자","30~34",3624,131,18,19,18,3,6,11,-,125,3212,21,7,6,-,17,18,-,12,-
"강원도","여자","35~39",3234,97,18,12,19,-,7,10,-,84,2932,17,-,4,-,13,2,-,19,-
"강원도","여자","40~44",3524,66,2,5,-,-,-,3,-,81,3316,1,6,6,-,7,5,-,26,-
"강원도","여자","45~49",5038,65,14,-,19,5,7,-,-,122,4752,29,6,4,-,9,-,-,6,-
"강원도","여자","50~54",7584,83,14,11,17,3,-,9,3,129,7238,18,22,14,10,3,-,-,10,-
"강원도","여자","55~59",9499,112,-,6,15,-,10,4,-,46,9219,26,2,1,6,13,10,7,22,-
"강원도","여자","60~64",9221,88,4,-,17,7,5,5,-,63,8997,5,6,-,-,14,5,-,5,-
"강원도","여자","65~69",9872,36,-,-,6,-,-,-,-,41,9774,8,5,-,-,-,-,-,2,-
"강원도","여자","70~74",13409,48,-,-,2,-,2,-,-,20,13326,-,5,-,-,6,-,-,-,-
"강원도","여자","75세 이상",30624,63,7,-,11,-,10,1,-,37,30474,6,-,-,-,8,7,-,-,-
"충청북도","계","합계",173811,3147,359,530,703,187,1211,163,175,4638,786,158724,1109,409,292,628,317,104,329,-
"충청북도","계","20세 미만",2812,138,23,24,76,10,58,8,16,506,69,1554,115,71,44,54,37,3,6,-
"충청북도","계","20~24",14864,633,80,116,208,42,244,51,44,1450,281,10875,270,79,69,223,84,12,103,-
"충청북도","계","25~29",13974,609,45,119,106,41,239,31,22,596,73,11441,228,104,63,133,59,7,58,-
"충청북도","계","30~34",11472,333,12,61,55,23,184,3,13,287,75,10146,99,38,29,56,20,10,28,-
"충청북도","계","35~39",9215,198,43,20,55,8,65,6,-,277,38,8357,49,14,-,16,30,5,34,-
"충청북도","계","40~44",10104,243,32,66,47,24,93,30,12,243,17,9091,72,13,29,38,23,11,20,-
"충청북도","계","45~49",11831,214,23,28,39,23,88,2,27,327,61,10823,53,30,13,36,21,6,17,-
"충청북도","계","50~54",13584,222,38,33,46,2,98,10,4,330,50,12492,109,22,9,39,15,32,33,-
"충청북도","계","55~59",14943,211,46,16,38,5,40,12,18,266,58,14131,50,8,15,2,4,9,14,-
"충청북도","계","60~64",12899,170,4,28,14,-,58,10,8,113,25,12348,37,22,17,17,11,5,12,-
"충청북도","계","65~69",11020,81,12,7,4,9,7,-,1,86,12,10755,16,6,4,6,10,4,-,-
"충청북도","계","70~74",13731,33,1,7,6,-,10,-,4,48,2,13609,9,2,-,-,-,-,-,-
"충청북도","계","75세 이상",33362,62,-,5,9,-,27,-,6,109,25,33102,2,-,-,8,3,-,4,-
"충청북도","남자","합계",76632,2127,217,316,446,131,710,107,120,3338,450,66611,709,286,188,462,187,68,159,-
"충청북도","남자","20세 미만",1606,108,19,16,40,7,36,3,12,356,37,764,72,52,21,38,19,-,6,-
"충청북도","남자","20~24",7937,354,39,77,124,20,133,30,29,1061,201,5375,160,46,33,169,52,12,22,-
"충청북도","남자","25~29",8713,446,25,82,83,34,138,18,18,467,43,6939,123,70,52,106,36,-,33,-
"충청북도","남자","30~34",7290,249,8,33,44,13,123,3,6,179,38,6372,78,12,24,56,20,10,22,-
"충청북도","남자","35~39",6062,142,35,6,30,5,54,6,-,212,25,5442,32,14,-,12,30,5,12,-
"충청북도","남자","40~44",6387,180,14,29,29,20,72,25,12,205,15,5665,34,13,20,21,9,4,20,-
"충청북도","남자","45~49",7028,139,17,11,28,16,43,2,20,247,32,6355,27,25,13,27,9,6,11,-
"충청북도","남자","50~54",7303,175,21,17,23,2,56,10,4,224,17,6581,83,22,9,25,2,18,14,-
"충청북도","남자","55~59",7317,170,28,10,27,5,20,10,18,211,24,6710,47,8,6,-,-,9,14,-
"충청북도","남자","60~64",4949,116,4,28,10,-,27,-,-,73,9,4612,31,22,10,2,-,-,5,-
"충청북도","남자","65~69",3621,26,6,2,2,9,4,-,1,40,6,3492,13,-,-,6,10,4,-,-
"충청북도","남자","70~74",3032,22,1,-,6,-,2,-,-,35,2,2953,9,2,-,-,-,-,-,-
"충청북도","남자","75세 이상",5387,-,-,5,-,-,2,-,-,28,1,5351,-,-,-,-,-,-,-,-
"충청북도","여자","합계",97179,1020,142,214,257,56,501,56,55,1300,336,92113,400,123,104,166,130,36,170,-
"충청북도","여자","20세 미만",1206,30,4,8,36,3,22,5,4,150,32,790,43,19,23,16,18,3,-,-
"충청북도","여자","20~24",6927,279,41,39,84,22,111,21,15,389,80,5500,110,33,36,54,32,-,81,-
"충청북도","여자","25~29",5261,163,20,37,23,7,101,13,4,129,30,4502,105,34,11,27,23,7,25,-
"충청북도","여자","30~34",4182,84,4,28,11,10,61,-,7,108,37,3774,21,26,5,-,-,-,6,-
"충청북도","여자","35~39",3153,56,8,14,25,3,11,-,-,65,13,2915,17,-,-,4,-,-,22,-
"충청북도","여자","40~44",3717,63,18,37,18,4,21,5,-,38,2,3426,38,-,9,17,14,7,-,-
"충청북도","여자","45~49",4803,75,6,17,11,7,45,-,7,80,29,4468,26,5,-,9,12,-,6,-
"충청북도","여자","50~54",6281,47,17,16,23,-,42,-,-,106,33,5911,26,-,-,14,13,14,19,-
"충청북도","여자","55~59",7626,41,18,6,11,-,20,2,-,55,34,7421,3,-,9,2,4,-,-,-
"충청북도","여자","60~64",7950,54,-,-,4,-,31,10,8,40,16,7736,6,-,7,15,11,5,7,-
"충청북도","여자","65~69",7399,55,6,5,2,-,3,-,-,46,6,7263,3,6,4,-,-,-,-,-
"충청북도","여자","70~74",10699,11,-,7,-,-,8,-,4,13,-,10656,-,-,-,-,-,-,-,-
"충청북도","여자","75세 이상",27975,62,-,-,9,-,25,-,6,81,24,27751,2,-,-,8,3,-,4,-
"충청남도","계","합계",235777,4607,589,572,1979,483,2124,172,269,7088,682,1090,212857,910,578,629,614,95,439,-
"충청남도","계","20세 미만",3699,306,21,68,214,12,104,13,7,672,58,76,1825,91,85,34,74,25,14,-
"충청남도","계","20~24",20237,1093,160,122,606,148,418,21,33,2156,223,284,14330,148,120,119,141,10,105,-
"충청남도","계","25~29",19275,786,97,105,258,84,412,20,78,945,93,181,15708,140,92,110,91,-,75,-
"충청남도","계","30~34",16461,497,70,82,143,58,279,24,47,578,48,127,14122,116,63,54,54,16,83,-
"충청남도","계","35~39",13316,323,67,45,75,19,213,26,12,421,38,58,11764,87,30,52,41,7,38,-
"충청남도","계","40~44",13589,307,39,58,99,41,115,20,40,546,47,107,11955,90,33,34,36,4,18,-
"충청남도","계","45~49",14125,272,15,56,131,45,132,14,33,390,58,80,12665,61,48,63,24,3,35,-
"충청남도","계","50~54",17621,276,44,16,201,50,129,18,2,470,56,61,16002,73,49,69,47,20,38,-
"충청남도","계","55~59",18723,257,26,-,96,10,135,4,9,365,50,73,17517,41,29,60,33,7,11,-
"충청남도","계","60~64",14954,175,21,15,76,3,92,12,6,221,4,9,14206,31,18,24,38,-,3,-
"충청남도","계","65~69",16332,139,8,-,37,6,34,-,2,159,7,14,15886,8,3,5,18,3,3,-
"충청남도","계","70~74",19266,114,14,-,10,4,35,-,-,82,-,20,18953,13,8,-,5,-,8,-
"충청남도","계","75세 이상",48179,62,7,5,33,3,26,-,-,83,-,-,47924,11,-,5,12,-,8,-
"충청남도","남자","합계",101654,2983,384,353,1328,295,1286,140,181,4664,510,701,86807,526,373,403,429,46,245,-
"충청남도","남자","20세 미만",1599,119,7,23,123,1,54,13,-,312,26,58,761,26,24,15,23,7,7,-
"충청남도","남자","20~24",9599,578,60,92,392,60,168,7,9,1266,194,156,6288,66,68,78,92,1,24,-
"충청남도","남자","25~29",11851,563,73,75,185,49,264,20,41,737,72,120,9300,78,68,71,67,-,68,-
"충청남도","남자","30~34",11441,330,60,53,102,43,188,21,47,434,42,108,9746,83,37,39,48,5,55,-
"충청남도","남자","35~39",9489,215,51,42,75,16,176,26,12,306,30,47,8328,59,30,28,26,7,15,-
"충청남도","남자","40~44",9100,247,39,32,70,27,90,20,32,392,28,59,7896,62,27,24,36,4,15,-
"충청남도","남자","45~49",8519,225,8,21,106,42,82,14,33,300,47,43,7415,35,43,52,24,3,26,-
"충청남도","남자","50~54",9957,221,44,10,119,45,85,10,2,360,49,31,8794,54,38,29,41,9,16,-
"충청남도","남자","55~59",8825,178,18,-,76,4,85,4,3,274,15,57,7977,34,21,41,20,7,11,-
"충청남도","남자","60~64",5925,126,18,5,38,1,43,5,-,134,-,5,5470,22,12,24,22,-,-,-
"충청남도","남자","65~69",4770,90,-,-,31,-,18,-,2,86,7,11,4494,2,3,2,18,3,3,-
"충청남도","남자","70~74",3815,53,6,-,6,4,30,-,-,44,-,6,3657,2,2,-,-,-,5,-
"충청남도","남자","75세 이상",6764,38,-,-,5,3,3,-,-,19,-,-,6681,3,-,-,12,-,-,-
"충청남도","여자","합계",134123,1624,205,219,651,188,838,32,88,2424,172,389,126050,384,205,226,185,49,194,-
"충청남도","여자","20세 미만",2100,187,14,45,91,11,50,-,7,360,32,18,1064,65,61,19,51,18,7,-
"충청남도","여자","20~24",10638,515,100,30,214,88,250,14,24,890,29,128,8042,82,52,41,49,9,81,-
"충청남도","여자","25~29",7424,223,24,30,73,35,148,-,37,208,21,61,6408,62,24,39,24,-,7,-
"충청남도","여자","30~34",5020,167,10,29,41,15,91,3,-,144,6,19,4376,33,26,15,6,11,28,-
"충청남도","여자","35~39",3827,108,16,3,-,3,37,-,-,115,8,11,3436,28,-,24,15,-,23,-
"충청남도","여자","40~44",4489,60,-,26,29,14,25,-,8,154,19,48,4059,28,6,10,-,-,3,-
"충청남도","여자","45~49",5606,47,7,35,25,3,50,-,-,90,11,37,5250,26,5,11,-,-,9,-
"충청남도","여자","50~54",7664,55,-,6,82,5,44,8,-,110,7,30,7208,19,11,40,6,11,22,-
"충청남도","여자","55~59",9898,79,8,-,20,6,50,-,6,91,35,16,9540,7,8,19,13,-,-,-
"충청남도","여자","60~64",9029,49,3,10,38,2,49,7,6,87,4,4,8736,9,6,-,16,-,3,-
"충청남도","여자","65~69",11562,49,8,-,6,6,16,-,-,73,-,3,11392,6,-,3,-,-,-,-
"충청남도","여자","70~74",15451,61,8,-,4,-,5,-,-,38,-,14,15296,11,6,-,5,-,3,-
"충청남도","여자","75세 이상",41415,24,7,5,28,-,23,-,-,64,-,-,41243,8,-,5,-,-,8,-
"전라북도","계","합계",215497,2233,270,167,395,940,668,190,51,2408,256,316,810,204871,1100,215,234,34,339,-
"전라북도","계","20세 미만",2662,154,15,20,15,111,100,4,-,210,9,37,148,1559,234,3,21,4,18,-
"전라북도","계","20~24",15204,372,39,42,108,243,230,26,10,512,134,112,233,12544,344,45,78,5,127,-
"전라북도","계","25~29",12459,402,26,20,26,164,63,49,-,248,32,42,86,11060,108,22,32,10,69,-
"전라북도","계","30~34",11196,241,20,19,24,71,42,24,4,212,11,6,61,10301,105,19,22,3,11,-
"전라북도","계","35~39",10205,176,21,16,32,32,34,14,-,179,35,31,29,9455,44,44,19,2,42,-
"전라북도","계","40~44",10803,153,16,13,39,85,41,24,7,189,13,17,73,10030,52,15,16,-,20,-
"전라북도","계","45~49",12774,155,23,16,35,99,47,11,12,279,2,20,27,11954,73,7,7,-,7,-
"전라북도","계","50~54",15361,172,25,9,30,68,65,7,11,211,15,16,68,14553,53,17,16,-,25,-
"전라북도","계","55~59",17910,146,17,8,50,52,17,10,-,163,5,8,33,17326,40,9,12,5,9,-
"전라북도","계","60~64",16060,73,17,-,20,7,14,3,-,71,-,1,30,15784,18,12,-,5,5,-
"전라북도","계","65~69",17945,77,23,-,7,2,-,11,7,49,-,13,10,17720,12,3,11,-,-,-
"전라북도","계","70~74",19747,58,-,-,7,-,7,7,-,51,-,1,-,19609,1,6,-,-,-,-
"전라북도","계","75세 이상",53171,54,28,4,2,6,8,-,-,34,-,12,12,52976,16,13,-,-,6,-
"전라북도","남자","합계",82211,1424,178,113,287,586,363,125,49,1657,215,207,540,75304,648,127,154,26,208,-
"전라북도","남자","20세 미만",1400,99,15,15,15,46,54,4,-,124,4,24,59,812,99,-,16,4,10,-
"전라북도","남자","20~24",8270,229,20,17,87,144,96,12,10,397,118,83,177,6547,188,37,49,5,54,-
"전라북도","남자","25~29",7551,246,15,14,19,95,34,24,-,204,32,30,86,6567,90,10,20,2,63,-
"전라북도","남자","30~34",7011,164,12,12,12,60,37,18,4,136,5,6,44,6389,71,11,16,3,11,-
"전라북도","남자","35~39",6644,87,21,16,8,17,27,14,-,124,26,10,19,6183,33,24,11,2,22,-
"전라북도","남자","40~44",6912,106,9,13,39,64,28,15,7,130,13,14,48,6339,46,7,16,-,18,-
"전라북도","남자","45~49",7349,125,15,16,20,88,20,11,10,161,2,12,23,6785,50,7,4,-,-,-
"전라북도","남자","50~54",8268,125,13,3,20,39,47,7,11,162,10,7,49,7710,32,17,6,-,10,-
"전라북도","남자","55~59",7896,114,15,3,44,30,16,5,-,114,5,7,9,7490,19,-,11,5,9,-
"전라북도","남자","60~64",5797,55,6,-,9,1,4,3,-,64,-,1,25,5600,7,12,-,5,5,-
"전라북도","남자","65~69",4881,37,17,-,7,2,-,5,7,17,-,-,-,4771,12,1,5,-,-,-
"전라북도","남자","70~74",3712,28,-,-,7,-,-,7,-,18,-,1,-,3650,1,-,-,-,-,-
"전라북도","남자","75세 이상",6520,9,20,4,-,-,-,-,-,6,-,12,1,6461,-,1,-,-,6,-
"전라북도","여자","합계",133286,809,92,54,108,354,305,65,2,751,41,109,270,129567,452,88,80,8,131,-
"전라북도","여자","20세 미만",1262,55,-,5,-,65,46,-,-,86,5,13,89,747,135,3,5,-,8,-
"전라북도","여자","20~24",6934,143,19,25,21,99,134,14,-,115,16,29,56,5997,156,8,29,-,73,-
"전라북도","여자","25~29",4908,156,11,6,7,69,29,25,-,44,-,12,-,4493,18,12,12,8,6,-
"전라북도","여자","30~34",4185,77,8,7,12,11,5,6,-,76,6,-,17,3912,34,8,6,-,-,-
"전라북도","여자","35~39",3561,89,-,-,24,15,7,-,-,55,9,21,10,3272,11,20,8,-,20,-
"전라북도","여자","40~44",3891,47,7,-,-,21,13,9,-,59,-,3,25,3691,6,8,-,-,2,-
"전라북도","여자","45~49",5425,30,8,-,15,11,27,-,2,118,-,8,4,5169,23,-,3,-,7,-
"전라북도","여자","50~54",7093,47,12,6,10,29,18,-,-,49,5,9,19,6843,21,-,10,-,15,-
"전라북도","여자","55~59",10014,32,2,5,6,22,1,5,-,49,-,1,24,9836,21,9,1,-,-,-
"전라북도","여자","60~64",10263,18,11,-,11,6,10,-,-,7,-,-,5,10184,11,-,-,-,-,-
"전라북도","여자","65~69",13064,40,6,-,-,-,-,6,-,32,-,13,10,12949,-,2,6,-,-,-
"전라북도","여자","70~74",16035,30,-,-,-,-,7,-,-,33,-,-,-,15959,-,6,-,-,-,-
"전라북도","여자","75세 이상",46651,45,8,-,2,6,8,-,-,28,-,-,11,46515,16,12,-,-,-,-
"전라남도","계","합계",219463,1823,424,76,222,2551,182,265,4,1308,171,86,278,528,210502,196,632,131,84,-
"전라남도","계","20세 미만",1076,5,-,4,7,51,4,13,-,35,11,3,5,40,877,-,21,-,-,-
"전라남도","계","20~24",5750,126,61,4,27,375,20,29,-,88,50,9,33,91,4752,16,47,11,11,-
"전라남도","계","25~29",7624,288,60,26,32,506,26,14,1,196,27,25,52,77,6140,20,97,25,12,-
"전라남도","계","30~34",9291,209,46,5,26,333,30,38,-,130,8,5,19,80,8244,13,69,24,12,-
"전라남도","계","35~39",8064,179,27,16,20,202,8,15,-,144,15,5,17,40,7230,43,95,1,7,-
"전라남도","계","40~44",9505,205,59,-,9,141,16,29,1,141,10,23,35,50,8672,14,89,5,6,-
"전라남도","계","45~49",12007,259,40,-,20,316,10,50,2,144,8,-,26,36,10965,16,87,17,11,-
"전라남도","계","50~54",15661,190,33,15,21,236,46,37,-,137,11,12,21,50,14748,23,56,19,6,-
"전라남도","계","55~59",17866,170,45,-,33,223,12,14,-,135,16,2,48,13,17070,27,38,16,4,-
"전라남도","계","60~64",15904,79,18,2,18,57,2,3,-,72,2,2,14,18,15572,14,18,7,6,-
"전라남도","계","65~69",19779,61,14,4,2,56,3,9,-,18,1,-,4,3,19582,6,10,-,6,-
"전라남도","계","70~74",24728,23,13,-,5,20,5,6,-,29,4,-,-,9,24602,1,5,6,-,-
"전라남도","계","75세 이상",72208,29,8,-,2,35,-,8,-,39,8,-,4,21,72048,3,-,-,3,-
"전라남도","남자","합계",72546,1173,294,49,189,1536,118,199,4,922,132,45,195,348,66600,114,471,88,69,-
"전라남도","남자","20세 미만",577,3,-,-,7,30,-,8,-,13,11,3,-,32,454,-,16,-,-,-
"전라남도","남자","20~24",2810,88,38,4,21,170,3,23,-,57,44,3,20,54,2216,11,36,11,11,-
"전라남도","남자","25~29",4425,153,47,12,20,302,15,4,1,122,25,6,34,60,3507,4,81,20,12,-
"전라남도","남자","30~34",6104,141,15,5,20,191,22,34,-,103,-,5,19,56,5428,5,44,13,3,-
"전라남도","남자","35~39",5584,99,21,10,20,134,8,14,-,101,15,-,17,30,5003,31,73,1,7,-
"전라남도","남자","40~44",6373,122,34,-,9,86,12,14,1,118,10,23,30,36,5798,8,61,5,6,-
"전라남도","남자","45~49",7128,201,34,-,20,240,6,45,2,112,8,-,14,15,6327,14,62,17,11,-
"전라남도","남자","50~54",8450,141,33,12,21,146,35,37,-,111,11,4,19,39,7777,12,34,12,6,-
"전라남도","남자","55~59",8428,121,45,-,29,155,12,11,-,102,4,1,28,13,7847,15,38,3,4,-
"전라남도","남자","60~64",5806,45,9,2,15,32,2,-,-,46,2,-,10,5,5598,10,18,6,6,-
"전라남도","남자","65~69",5049,38,7,4,2,31,3,9,-,17,1,-,4,-,4929,-,4,-,-,-
"전라남도","남자","70~74",3984,16,11,-,5,11,-,-,-,11,-,-,-,4,3921,1,4,-,-,-
"전라남도","남자","75세 이상",7828,5,-,-,-,8,-,-,-,9,1,-,-,4,7795,3,-,-,3,-
"전라남도","여자","합계",146917,650,130,27,33,1015,64,66,-,386,39,41,83,180,143902,82,161,43,15,-
"전라남도","여자","20세 미만",499,2,-,4,-,21,4,5,-,22,-,-,5,8,423,-,5,-,-,-
"전라남도","여자","20~24",2940,38,23,-,6,205,17,6,-,31,6,6,13,37,2536,5,11,-,-,-
"전라남도","여자","25~29",3199,135,13,14,12,204,11,10,-,74,2,19,18,17,2633,16,16,5,-,-
"전라남도","여자","30~34",3187,68,31,-,6,142,8,4,-,27,8,-,-,24,2816,8,25,11,9,-
"전라남도","여자","35~39",2480,80,6,6,-,68,-,1,-,43,-,5,-,10,2227,12,22,-,-,-
"전라남도","여자","40~44",3132,83,25,-,-,55,4,15,-,23,-,-,5,14,2874,6,28,-,-,-
"전라남도","여자","45~49",4879,58,6,-,-,76,4,5,-,32,-,-,12,21,4638,2,25,-,-,-
"전라남도","여자","50~54",7211,49,-,3,-,90,11,-,-,26,-,8,2,11,6971,11,22,7,-,-
"전라남도","여자","55~59",9438,49,-,-,4,68,-,3,-,33,12,1,20,-,9223,12,-,13,-,-
"전라남도","여자","60~64",10098,34,9,-,3,25,-,3,-,26,-,2,4,13,9974,4,-,1,-,-
"전라남도","여자","65~69",14730,23,7,-,-,25,-,-,-,1,-,-,-,3,14653,6,6,-,6,-
"전라남도","여자","70~74",20744,7,2,-,-,9,5,6,-,18,4,-,-,5,20681,-,1,6,-,-
"전라남도","여자","75세 이상",64380,24,8,-,2,27,-,8,-,30,7,-,4,17,64253,-,-,-,-,-
"경상북도","계","합계",325348,2713,1636,6152,663,169,455,1355,33,2841,803,536,438,267,251,304940,1615,92,389,-
"경상북도","계","20세 미만",3815,96,110,307,21,8,42,108,-,138,72,90,28,14,18,2555,197,11,-,-
"경상북도","계","20~24",22832,450,335,1364,163,55,67,447,-,632,318,88,66,87,40,18209,390,25,96,-
"경상북도","계","25~29",20758,470,346,1046,112,22,83,179,3,370,73,82,54,39,23,17580,191,7,78,-
"경상북도","계","30~34",19014,357,175,853,66,18,60,129,13,288,28,48,56,19,34,16591,193,8,78,-
"경상북도","계","35~39",15298,265,122,438,41,4,58,65,8,196,46,37,40,11,31,13756,156,7,17,-
"경상북도","계","40~44",16324,158,112,439,62,20,29,82,4,266,48,46,55,16,17,14838,113,-,19,-
"경상북도","계","45~49",20035,209,126,428,63,17,35,63,5,267,37,32,78,30,26,18450,131,9,29,-
"경상북도","계","50~54",23432,232,90,394,28,11,42,105,-,289,39,62,39,36,19,21950,69,-,27,-
"경상북도","계","55~59",27198,186,99,384,40,10,25,59,-,204,76,11,1,13,34,25948,79,10,19,-
"경상북도","계","60~64",24659,95,55,177,50,4,10,52,-,64,21,31,12,-,1,24037,33,4,13,-
"경상북도","계","65~69",24484,77,40,105,10,-,2,45,-,63,13,7,2,-,-,24073,35,6,6,-
"경상북도","계","70~74",29648,63,7,75,7,-,2,10,-,27,9,-,2,2,-,29427,15,-,2,-
"경상북도","계","75세 이상",77851,55,19,142,-,-,-,11,-,37,23,2,5,-,8,77526,13,5,5,-
"경상북도","남자","합계",123303,1772,1045,3660,502,125,325,869,33,2043,579,313,255,168,187,110033,1089,37,268,-
"경상북도","남자","20세 미만",1971,59,39,167,18,4,27,52,-,50,52,40,9,8,3,1330,113,-,-,-
"경상북도","남자","20~24",11295,264,159,699,103,25,42,295,-,456,273,47,29,44,37,8487,265,10,60,-
"경상북도","남자","25~29",12546,298,224,650,102,18,63,119,3,254,56,41,33,31,18,10428,143,1,64,-
"경상북도","남자","30~34",12367,232,135,510,41,12,38,88,13,211,23,31,45,13,14,10771,132,8,50,-
"경상북도","남자","35~39",10050,174,88,323,39,4,29,51,8,150,34,21,26,11,31,8930,115,4,12,-
"경상북도","남자","40~44",10336,131,97,289,56,20,16,63,4,185,22,26,43,5,10,9286,69,-,14,-
"경상북도","남자","45~49",11499,156,109,300,50,17,33,52,5,222,31,21,33,26,26,10311,94,2,11,-
"경상북도","남자","50~54",12135,168,66,280,24,11,40,55,-,244,26,48,29,17,19,11038,50,-,20,-
"경상북도","남자","55~59",12022,148,76,251,28,10,25,25,-,173,42,9,1,13,28,11121,51,2,19,-
"경상북도","남자","60~64",8471,55,28,84,34,4,10,26,-,43,10,22,7,-,1,8104,26,4,13,-
"경상북도","남자","65~69",6270,42,16,59,6,-,2,40,-,38,1,7,-,-,-,6022,31,6,-,-
"경상북도","남자","70~74",5073,36,1,30,1,-,-,3,-,13,4,-,-,-,-,4985,-,-,-,-
"경상북도","남자","75세 이상",9268,9,7,18,-,-,-,-,-,4,5,-,-,-,-,9220,-,-,5,-
"경상북도","여자","합계",202045,941,591,2492,161,44,130,486,-,798,224,223,183,99,64,194907,526,55,121,-
"경상북도","여자","20세 미만",1844,37,71,140,3,4,15,56,-,88,20,50,19,6,15,1225,84,11,-,-
"경상북도","여자","20~24",11537,186,176,665,60,30,25,152,-,176,45,41,37,43,3,9722,125,15,36,-
"경상북도","여자","25~29",8212,172,122,396,10,4,20,60,-,116,17,41,21,8,5,7152,48,6,14,-
"경상북도","여자","30~34",6647,125,40,343,25,6,22,41,-,77,5,17,11,6,20,5820,61,-,28,-
"경상북도","여자","35~39",5248,91,34,115,2,-,29,14,-,46,12,16,14,-,-,4826,41,3,5,-
"경상북도","여자","40~44",5988,27,15,150,6,-,13,19,-,81,26,20,12,11,7,5552,44,-,5,-
"경상북도","여자","45~49",8536,53,17,128,13,-,2,11,-,45,6,11,45,4,-,8139,37,7,18,-
"경상북도","여자","50~54",11297,64,24,114,4,-,2,50,-,45,13,14,10,19,-,10912,19,-,7,-
"경상북도","여자","55~59",15176,38,23,133,12,-,-,34,-,31,34,2,-,-,6,14827,28,8,-,-
"경상북도","여자","60~64",16188,40,27,93,16,-,-,26,-,21,11,9,5,-,-,15933,7,-,-,-
"경상북도","여자","65~69",18214,35,24,46,4,-,-,5,-,25,12,-,2,-,-,18051,4,-,6,-
"경상북도","여자","70~74",24575,27,6,45,6,-,2,7,-,14,5,-,2,2,-,24442,15,-,2,-
"경상북도","여자","75세 이상",68583,46,12,124,-,-,-,11,-,33,18,2,5,-,8,68306,13,5,-,-
"경상남도","계","합계",346889,2448,7740,1283,457,267,366,1399,27,2079,255,270,411,330,594,1264,327079,147,473,-
"경상남도","계","20세 미만",2551,68,197,42,5,9,15,87,-,55,5,24,14,17,78,106,1819,10,-,-
"경상남도","계","20~24",13784,195,894,145,49,59,67,225,-,192,82,55,63,35,37,287,11313,19,67,-
"경상남도","계","25~29",19683,394,1207,286,55,40,62,162,-,333,18,38,47,35,99,172,16596,27,112,-
"경상남도","계","30~34",23014,405,996,157,78,39,76,218,-,229,37,26,69,56,96,149,20297,11,75,-
"경상남도","계","35~39",21174,204,701,117,66,17,34,165,17,239,18,16,35,65,53,64,19324,15,24,-
"경상남도","계","40~44",22824,272,670,105,50,39,25,142,5,263,12,17,72,41,22,146,20898,9,36,-
"경상남도","계","45~49",25546,221,733,122,63,23,13,104,4,231,21,17,45,14,61,85,23757,18,14,-
"경상남도","계","50~54",30206,211,768,155,35,15,39,78,-,236,14,42,46,25,68,90,28314,17,53,-
"경상남도","계","55~59",32636,190,548,58,23,9,30,90,-,121,22,13,8,19,30,79,31322,18,56,-
"경상남도","계","60~64",28358,137,414,57,6,7,-,70,-,119,7,11,6,4,30,38,27446,3,3,-
"경상남도","계","65~69",26787,88,267,17,19,10,5,45,-,23,10,3,-,16,9,17,26246,-,12,-
"경상남도","계","70~74",30201,21,178,5,2,-,-,10,1,7,-,8,-,2,7,17,29943,-,-,-
"경상남도","계","75세 이상",70125,42,167,17,6,-,-,3,-,31,9,-,6,1,4,14,69804,-,21,-
"경상남도","남자","합계",143218,1611,4968,880,343,192,270,991,27,1585,220,215,299,260,374,838,129764,90,291,-
"경상남도","남자","20세 미만",1236,48,109,36,5,9,15,32,-,39,5,19,9,10,15,56,819,10,-,-
"경상남도","남자","20~24",6967,91,434,69,44,37,38,164,-,165,78,43,48,25,16,193,5472,19,31,-
"경상남도","남자","25~29",12142,225,902,199,39,30,46,91,-,277,18,33,42,21,65,146,9920,11,77,-
"경상남도","남자","30~34",15638,279,711,130,52,24,57,165,-,164,30,22,56,56,74,131,13631,5,51,-
"경상남도","남자","35~39",14574,162,539,74,52,11,34,134,17,150,18,5,27,60,44,51,13164,8,24,-
"경상남도","남자","40~44",14780,198,461,63,50,33,16,98,5,224,12,11,54,26,14,89,13413,9,4,-
"경상남도","남자","45~49",14793,153,494,102,48,17,13,97,4,164,12,17,43,9,43,47,13516,7,7,-
"경상남도","남자","50~54",16241,124,551,121,23,15,23,69,-,211,11,42,12,25,49,62,14861,-,42,-
"경상남도","남자","55~59",14871,157,320,40,12,9,23,73,-,86,20,9,2,13,22,47,13974,18,46,-
"경상남도","남자","60~64",10792,96,273,40,6,-,-,62,-,77,7,11,6,4,29,9,10169,3,-,-
"경상남도","남자","65~69",7445,65,91,6,10,7,5,-,-,22,-,3,-,9,3,1,7215,-,8,-
"경상남도","남자","70~74",5545,3,36,-,2,-,-,3,1,3,-,-,-,2,-,-,5495,-,-,-
"경상남도","남자","75세 이상",8194,10,47,-,-,-,-,3,-,3,9,-,-,-,-,6,8115,-,1,-
"경상남도","여자","합계",203671,837,2772,403,114,75,96,408,-,494,35,55,112,70,220,426,197315,57,182,-
"경상남도","여자","20세 미만",1315,20,88,6,-,-,-,55,-,16,-,5,5,7,63,50,1000,-,-,-
"경상남도","여자","20~24",6817,104,460,76,5,22,29,61,-,27,4,12,15,10,21,94,5841,-,36,-
"경상남도","여자","25~29",7541,169,305,87,16,10,16,71,-,56,-,5,5,14,34,26,6676,16,35,-
"경상남도","여자","30~34",7376,126,285,27,26,15,19,53,-,65,7,4,13,-,22,18,6666,6,24,-
"경상남도","여자","35~39",6600,42,162,43,14,6,-,31,-,89,-,11,8,5,9,13,6160,7,-,-
"경상남도","여자","40~44",8044,74,209,42,-,6,9,44,-,39,-,6,18,15,8,57,7485,-,32,-
"경상남도","여자","45~49",10753,68,239,20,15,6,-,7,-,67,9,-,2,5,18,38,10241,11,7,-
"경상남도","여자","50~54",13965,87,217,34,12,-,16,9,-,25,3,-,34,-,19,28,13453,17,11,-
"경상남도","여자","55~59",17765,33,228,18,11,-,7,17,-,35,2,4,6,6,8,32,17348,-,10,-
"경상남도","여자","60~64",17566,41,141,17,-,7,-,8,-,42,-,-,-,-,1,29,17277,-,3,-
"경상남도","여자","65~69",19342,23,176,11,9,3,-,45,-,1,10,-,-,7,6,16,19031,-,4,-
"경상남도","여자","70~74",24656,18,142,5,-,-,-,7,-,4,-,8,-,-,7,17,24448,-,-,-
"경상남도","여자","75세 이상",61931,32,120,17,6,-,-,-,-,28,-,-,6,1,4,8,61689,-,20,-
"제주특별자치도","계","합계",58522,1557,385,163,191,188,105,52,7,982,116,96,94,112,127,127,173,53877,170,-
"제주특별자치도","계","20세 미만",479,3,5,3,-,-,9,-,-,16,-,-,-,-,4,6,-,433,-,-
"제주특별자치도","계","20~24",1890,85,30,11,5,21,10,-,4,72,15,12,22,14,12,12,27,1525,13,-
"제주특별자치도","계","25~29",3176,220,77,28,5,15,15,10,-,134,19,12,14,14,11,18,10,2553,21,-
"제주특별자치도","계","30~34",3646,285,40,29,23,27,13,-,-,74,-,15,9,21,21,26,6,3021,36,-
"제주특별자치도","계","35~39",3785,200,37,22,28,13,11,-,-,128,4,5,9,8,17,15,36,3221,31,-
"제주특별자치도","계","40~44",4755,212,61,24,40,21,4,5,-,99,11,16,2,10,10,11,40,4175,14,-
"제주특별자치도","계","45~49",5497,169,51,21,27,33,9,17,-,158,20,10,13,25,25,4,26,4864,25,-
"제주특별자치도","계","50~54",5550,110,32,8,22,28,17,14,3,128,9,13,22,6,12,13,13,5092,8,-
"제주특별자치도","계","55~59",5769,84,23,14,18,7,16,-,-,90,6,-,-,5,8,14,4,5477,3,-
"제주특별자치도","계","60~64",4292,97,3,3,3,14,-,6,-,44,10,3,-,9,5,-,6,4080,9,-
"제주특별자치도","계","65~69",4154,38,5,-,14,-,-,-,-,7,-,10,3,-,-,-,-,4077,-,-
"제주특별자치도","계","70~74",4161,24,11,-,-,3,-,-,-,14,22,-,-,-,-,6,5,4072,4,-
"제주특별자치도","계","75세 이상",11368,30,10,-,6,6,1,-,-,18,-,-,-,-,2,2,-,11287,6,-
"제주특별자치도","남자","합계",23964,850,218,117,119,121,88,16,7,585,66,50,75,77,89,61,106,21234,85,-
"제주특별자치도","남자","20세 미만",242,3,-,-,-,-,5,-,-,16,-,-,-,-,4,-,-,214,-,-
"제주특별자치도","남자","20~24",689,41,18,11,5,7,5,-,4,22,-,-,11,4,7,7,11,531,5,-
"제주특별자치도","남자","25~29",1666,86,52,18,-,4,11,1,-,71,4,4,14,8,8,7,5,1362,11,-
"제주특별자치도","남자","30~34",2115,153,27,9,14,27,13,-,-,45,-,10,4,16,21,5,6,1748,17,-
"제주특별자치도","남자","35~39",2027,81,19,9,22,6,7,-,-,78,3,5,9,8,7,11,29,1723,10,-
"제주특별자치도","남자","40~44",2784,139,40,24,23,17,4,-,-,61,6,10,2,10,10,11,28,2385,14,-
"제주특별자치도","남자","45~49",3085,124,29,21,22,27,9,4,-,102,12,10,10,11,13,4,15,2656,16,-
"제주특별자치도","남자","50~54",2942,73,19,8,17,9,17,5,3,83,9,4,22,6,6,8,6,2644,3,-
"제주특별자치도","남자","55~59",2813,44,11,14,13,7,16,-,-,69,-,-,-,5,8,8,-,2618,-,-
"제주특별자치도","남자","60~64",1885,54,3,3,3,14,-,6,-,35,10,1,-,9,5,-,6,1727,9,-
"제주특별자치도","남자","65~69",1248,27,-,-,-,-,-,-,-,-,-,6,3,-,-,-,-,1212,-,-
"제주특별자치도","남자","70~74",1005,16,-,-,-,3,-,-,-,-,22,-,-,-,-,-,-,964,-,-
"제주특별자치도","남자","75세 이상",1463,9,-,-,-,-,1,-,-,3,-,-,-,-,-,-,-,1450,-,-
"제주특별자치도","여자","합계",34558,707,167,46,72,67,17,36,-,397,50,46,19,35,38,66,67,32643,85,-
"제주특별자치도","여자","20세 미만",237,-,5,3,-,-,4,-,-,-,-,-,-,-,-,6,-,219,-,-
"제주특별자치도","여자","20~24",1201,44,12,-,-,14,5,-,-,50,15,12,11,10,5,5,16,994,8,-
"제주특별자치도","여자","25~29",1510,134,25,10,5,11,4,9,-,63,15,8,-,6,3,11,5,1191,10,-
"제주특별자치도","여자","30~34",1531,132,13,20,9,-,-,-,-,29,-,5,5,5,-,21,-,1273,19,-
"제주특별자치도","여자","35~39",1758,119,18,13,6,7,4,-,-,50,1,-,-,-,10,4,7,1498,21,-
"제주특별자치도","여자","40~44",1971,73,21,-,17,4,-,5,-,38,5,6,-,-,-,-,12,1790,-,-
"제주특별자치도","여자","45~49",2412,45,22,-,5,6,-,13,-,56,8,-,3,14,12,-,11,2208,9,-
"제주특별자치도","여자","50~54",2608,37,13,-,5,19,-,9,-,45,-,9,-,-,6,5,7,2448,5,-
"제주특별자치도","여자","55~59",2956,40,12,-,5,-,-,-,-,21,6,-,-,-,-,6,4,2859,3,-
"제주특별자치도","여자","60~64",2407,43,-,-,-,-,-,-,-,9,-,2,-,-,-,-,-,2353,-,-
"제주특별자치도","여자","65~69",2906,11,5,-,14,-,-,-,-,7,-,4,-,-,-,-,-,2865,-,-
"제주특별자치도","여자","70~74",3156,8,11,-,-,-,-,-,-,14,-,-,-,-,-,6,5,3108,4,-
"제주특별자치도","여자","75세 이상",9905,21,10,-,6,6,-,-,-,15,-,-,-,-,2,2,-,9837,6,-
