"행정구역별","성별","거처의종류별",2015,2015,2015,2015,2015,2015,2015
"행정구역별","성별","거처의종류별",1인가구(60세이상),자기집,전세(월세 없음),보증금 있는 월세,보증금 없는 월세,사글세,무상(관사 사택 등)
"전국","계","계",1889096,1146274,225122,332634,73461,23739,87866
"전국","계","주택",1834895,1123613,220892,322432,65731,21944,80283
"전국","계","단독주택",1100122,681167,132734,163128,52906,18867,51320
"전국","계","아파트",533775,317566,54848,136291,5237,1345,18488
"전국","계","연립주택",40678,29178,5255,3341,778,259,1867
"전국","계","다세대주택",129401,80386,24927,14865,2976,609,5638
"전국","계","비거주용 건물 내 주택",30919,15316,3128,4807,3834,864,2970
"전국","계","주택이외의 거처",54201,22661,4230,10202,7730,1795,7583
"전국","남자","계",457124,212650,54126,119942,33772,8780,27854
"전국","남자","주택",431975,204698,52529,114475,28439,7916,23918
"전국","남자","단독주택",264718,117557,33200,68157,23094,6875,15835
"전국","남자","아파트",114754,59808,11195,37270,1448,370,4663
"전국","남자","연립주택",9044,5835,1173,1158,274,83,521
"전국","남자","다세대주택",32322,17459,5857,5939,1152,206,1709
"전국","남자","비거주용 건물 내 주택",11137,4039,1104,1951,2471,382,1190
"전국","남자","주택이외의 거처",25149,7952,1597,5467,5333,864,3936
"전국","여자","계",1431972,933624,170996,212692,39689,14959,60012
"전국","여자","주택",1402920,918915,168363,207957,37292,14028,56365
"전국","여자","단독주택",835404,563610,99534,94971,29812,11992,35485
"전국","여자","아파트",419021,257758,43653,99021,3789,975,13825
"전국","여자","연립주택",31634,23343,4082,2183,504,176,1346
"전국","여자","다세대주택",97079,62927,19070,8926,1824,403,3929
"전국","여자","비거주용 건물 내 주택",19782,11277,2024,2856,1363,482,1780
"전국","여자","주택이외의 거처",29052,14709,2633,4735,2397,931,3647
"동부","계","계",1254603,618279,205951,298645,57725,16465,57538
"동부","계","주택",1218893,606685,202429,290089,51273,15187,53230
"동부","계","단독주택",572630,217509,123244,149682,40367,12637,29191
"동부","계","아파트",472954,282708,48971,120201,4382,1086,15606
"동부","계","연립주택",32266,23147,4388,2600,605,181,1345
"동부","계","다세대주택",116982,72363,22975,13632,2534,571,4907
"동부","계","비거주용 건물 내 주택",24061,10958,2851,3974,3385,712,2181
"동부","계","주택이외의 거처",35710,11594,3522,8556,6452,1278,4308
"동부","남자","계",332423,123046,49383,107712,27957,6649,17676
"동부","남자","주택",314869,119329,48040,103000,23118,5941,15441
"동부","남자","단독주택",168521,42836,30762,62403,18477,5037,9006
"동부","남자","아파트",100637,53015,9822,32604,1166,296,3734
"동부","남자","연립주택",7278,4729,935,939,240,60,375
"동부","남자","다세대주택",29324,15879,5499,5353,956,194,1443
"동부","남자","비거주용 건물 내 주택",9109,2870,1022,1701,2279,354,883
"동부","남자","주택이외의 거처",17554,3717,1343,4712,4839,708,2235
"동부","여자","계",922180,495233,156568,190933,29768,9816,39862
"동부","여자","주택",904024,487356,154389,187089,28155,9246,37789
"동부","여자","단독주택",404109,174673,92482,87279,21890,7600,20185
"동부","여자","아파트",372317,229693,39149,87597,3216,790,11872
"동부","여자","연립주택",24988,18418,3453,1661,365,121,970
"동부","여자","다세대주택",87658,56484,17476,8279,1578,377,3464
"동부","여자","비거주용 건물 내 주택",14952,8088,1829,2273,1106,358,1298
"동부","여자","주택이외의 거처",18156,7877,2179,3844,1613,570,2073
"읍부","계","계",202560,145775,11816,22102,7845,3863,11159
"읍부","계","주택",196073,142411,11486,21276,7186,3555,10159
"읍부","계","단독주택",135182,105660,5314,7939,5904,3228,7137
"읍부","계","아파트",44492,26049,4216,11474,606,183,1964
"읍부","계","연립주택",5982,4226,602,603,116,53,382
"읍부","계","다세대주택",7269,4635,1212,750,268,5,399
"읍부","계","비거주용 건물 내 주택",3148,1841,142,510,292,86,277
"읍부","계","주택이외의 거처",6487,3364,330,826,659,308,1000
"읍부","남자","계",42212,24741,2736,7537,2703,1068,3427
"읍부","남자","주택",39899,23719,2612,7128,2490,1002,2948
"읍부","남자","단독주택",26429,16783,1226,3325,2035,928,2132
"읍부","남자","아파트",9796,4915,959,3147,194,43,538
"읍부","남자","연립주택",1185,753,135,188,20,17,72
"읍부","남자","다세대주택",1704,847,274,331,120,,132
"읍부","남자","비거주용 건물 내 주택",785,421,18,137,121,14,74
"읍부","남자","주택이외의 거처",2313,1022,124,409,213,66,479
"읍부","여자","계",160348,121034,9080,14565,5142,2795,7732
"읍부","여자","주택",156174,118692,8874,14148,4696,2553,7211
"읍부","여자","단독주택",108753,88877,4088,4614,3869,2300,5005
"읍부","여자","아파트",34696,21134,3257,8327,412,140,1426
"읍부","여자","연립주택",4797,3473,467,415,96,36,310
"읍부","여자","다세대주택",5565,3788,938,419,148,5,267
"읍부","여자","비거주용 건물 내 주택",2363,1420,124,373,171,72,203
"읍부","여자","주택이외의 거처",4174,2342,206,417,446,242,521
"면부","계","계",431933,382220,7355,11887,7891,3411,19169
"면부","계","주택",419929,374517,6977,11067,7272,3202,16894
"면부","계","단독주택",392310,357998,4176,5507,6635,3002,14992
"면부","계","아파트",16329,8809,1661,4616,249,76,918
"면부","계","연립주택",2430,1805,265,138,57,25,140
"면부","계","다세대주택",5150,3388,740,483,174,33,332
"면부","계","비거주용 건물 내 주택",3710,2517,135,323,157,66,512
"면부","계","주택이외의 거처",12004,7703,378,820,619,209,2275
"면부","남자","계",82489,64863,2007,4693,3112,1063,6751
"면부","남자","주택",77207,61650,1877,4347,2831,973,5529
"면부","남자","단독주택",69768,57938,1212,2429,2582,910,4697
"면부","남자","아파트",4321,1878,414,1519,88,31,391
"면부","남자","연립주택",581,353,103,31,14,6,74
"면부","남자","다세대주택",1294,733,84,255,76,12,134
"면부","남자","비거주용 건물 내 주택",1243,748,64,113,71,14,233
"면부","남자","주택이외의 거처",5282,3213,130,346,281,90,1222
"면부","여자","계",349444,317357,5348,7194,4779,2348,12418
"면부","여자","주택",342722,312867,5100,6720,4441,2229,11365
"면부","여자","단독주택",322542,300060,2964,3078,4053,2092,10295
"면부","여자","아파트",12008,6931,1247,3097,161,45,527
"면부","여자","연립주택",1849,1452,162,107,43,19,66
"면부","여자","다세대주택",3856,2655,656,228,98,21,198
"면부","여자","비거주용 건물 내 주택",2467,1769,71,210,86,52,279
"면부","여자","주택이외의 거처",6722,4490,248,474,338,119,1053
"서울특별시","계","계",291140,114286,75802,72991,13374,2104,12583
"서울특별시","계","주택",282595,112296,74827,70937,11116,1804,11615
"서울특별시","계","단독주택",136107,33418,43969,42909,7835,1263,6713
"서울특별시","계","아파트",92153,48034,18283,21960,1036,238,2602
"서울특별시","계","연립주택",8120,5635,1440,587,143,35,280
"서울특별시","계","다세대주택",39439,22827,9891,4595,689,127,1310
"서울특별시","계","비거주용 건물 내 주택",6776,2382,1244,886,1413,141,710
"서울특별시","계","주택이외의 거처",8545,1990,975,2054,2258,300,968
"서울특별시","남자","계",81841,22472,18436,27892,7724,1209,4108
"서울특별시","남자","주택",76980,21738,18039,26738,5852,972,3641
"서울특별시","남자","단독주택",42977,6481,11107,18231,4174,702,2282
"서울특별시","남자","아파트",20042,9009,3819,6227,248,86,653
"서울특별시","남자","연립주택",1954,1124,375,235,104,23,93
"서울특별시","남자","다세대주택",9203,4618,2308,1656,228,42,351
"서울특별시","남자","비거주용 건물 내 주택",2804,506,430,389,1098,119,262
"서울특별시","남자","주택이외의 거처",4861,734,397,1154,1872,237,467
"서울특별시","여자","계",209299,91814,57366,45099,5650,895,8475
"서울특별시","여자","주택",205615,90558,56788,44199,5264,832,7974
"서울특별시","여자","단독주택",93130,26937,32862,24678,3661,561,4431
"서울특별시","여자","아파트",72111,39025,14464,15733,788,152,1949
"서울특별시","여자","연립주택",6166,4511,1065,352,39,12,187
"서울특별시","여자","다세대주택",30236,18209,7583,2939,461,85,959
"서울특별시","여자","비거주용 건물 내 주택",3972,1876,814,497,315,22,448
"서울특별시","여자","주택이외의 거처",3684,1256,578,900,386,63,501
"부산광역시","계","계",147524,77712,17525,40945,5401,395,5546
"부산광역시","계","주택",143480,76117,16965,39751,5040,370,5237
"부산광역시","계","단독주택",74945,30339,12592,24057,4369,344,3244
"부산광역시","계","아파트",50809,33397,2910,13106,158,11,1227
"부산광역시","계","연립주택",3686,2926,297,279,51,4,129
"부산광역시","계","다세대주택",11688,8395,954,1718,234,8,379
"부산광역시","계","비거주용 건물 내 주택",2352,1060,212,591,228,3,258
"부산광역시","계","주택이외의 거처",4044,1595,560,1194,361,25,309
"부산광역시","남자","계",38827,16119,4093,14148,2502,211,1754
"부산광역시","남자","주택",36969,15600,3890,13482,2209,204,1584
"부산광역시","남자","단독주택",21241,6562,2981,8613,1925,180,980
"부산광역시","남자","아파트",11056,6455,532,3662,30,11,366
"부산광역시","남자","연립주택",863,646,47,120,31,4,15
"부산광역시","남자","다세대주택",2929,1717,242,797,86,6,81
"부산광역시","남자","비거주용 건물 내 주택",880,220,88,290,137,3,142
"부산광역시","남자","주택이외의 거처",1858,519,203,666,293,7,170
"부산광역시","여자","계",108697,61593,13432,26797,2899,184,3792
"부산광역시","여자","주택",106511,60517,13075,26269,2831,166,3653
"부산광역시","여자","단독주택",53704,23777,9611,15444,2444,164,2264
"부산광역시","여자","아파트",39753,26942,2378,9444,128,,861
"부산광역시","여자","연립주택",2823,2280,250,159,20,,114
"부산광역시","여자","다세대주택",8759,6678,712,921,148,2,298
"부산광역시","여자","비거주용 건물 내 주택",1472,840,124,301,91,,116
"부산광역시","여자","주택이외의 거처",2186,1076,357,528,68,18,139
"대구광역시","계","계",91689,46398,14028,18429,6038,2821,3975
"대구광역시","계","주택",89011,45310,13826,17914,5601,2750,3610
"대구광역시","계","단독주택",48168,17588,11268,9569,4973,2587,2183
"대구광역시","계","아파트",33326,22330,1748,7690,286,81,1191
"대구광역시","계","연립주택",1081,780,131,73,20,17,60
"대구광역시","계","다세대주택",4717,3633,542,268,136,34,104
"대구광역시","계","비거주용 건물 내 주택",1719,979,137,314,186,31,72
"대구광역시","계","주택이외의 거처",2678,1088,202,515,437,71,365
"대구광역시","남자","계",22277,8952,2816,5939,2393,944,1233
"대구광역시","남자","주택",21127,8520,2787,5743,2150,897,1030
"대구광역시","남자","단독주택",12724,3431,2314,3493,1962,852,672
"대구광역시","남자","아파트",6534,3851,353,1954,86,16,274
"대구광역시","남자","연립주택",264,187,27,33,2,6,9
"대구광역시","남자","다세대주택",1042,775,77,107,31,20,32
"대구광역시","남자","비거주용 건물 내 주택",563,276,16,156,69,3,43
"대구광역시","남자","주택이외의 거처",1150,432,29,196,243,47,203
"대구광역시","여자","계",69412,37446,11212,12490,3645,1877,2742
"대구광역시","여자","주택",67884,36790,11039,12171,3451,1853,2580
"대구광역시","여자","단독주택",35444,14157,8954,6076,3011,1735,1511
"대구광역시","여자","아파트",26792,18479,1395,5736,200,65,917
"대구광역시","여자","연립주택",817,593,104,40,18,11,51
"대구광역시","여자","다세대주택",3675,2858,465,161,105,14,72
"대구광역시","여자","비거주용 건물 내 주택",1156,703,121,158,117,28,29
"대구광역시","여자","주택이외의 거처",1528,656,173,319,194,24,162
"인천광역시","계","계",78675,41339,13320,15758,3411,636,4211
"인천광역시","계","주택",76446,40541,13093,15336,3005,579,3892
"인천광역시","계","단독주택",29100,12592,6175,6424,2034,309,1566
"인천광역시","계","아파트",26430,15864,2658,6608,261,138,901
"인천광역시","계","연립주택",1463,813,256,168,38,11,177
"인천광역시","계","다세대주택",18421,10746,3876,2005,514,91,1189
"인천광역시","계","비거주용 건물 내 주택",1032,526,128,131,158,30,59
"인천광역시","계","주택이외의 거처",2229,798,227,422,406,57,319
"인천광역시","남자","계",22058,9060,3576,6147,1705,248,1322
"인천광역시","남자","주택",20964,8805,3476,5972,1371,201,1139
"인천광역시","남자","단독주택",9199,2647,1707,3161,998,149,537
"인천광역시","남자","아파트",5663,2949,577,1916,59,12,150
"인천광역시","남자","연립주택",350,169,61,60,,3,57
"인천광역시","남자","다세대주택",5359,2853,1079,783,222,37,385
"인천광역시","남자","비거주용 건물 내 주택",393,187,52,52,92,,10
"인천광역시","남자","주택이외의 거처",1094,255,100,175,334,47,183
"인천광역시","여자","계",56617,32279,9744,9611,1706,388,2889
"인천광역시","여자","주택",55482,31736,9617,9364,1634,378,2753
"인천광역시","여자","단독주택",19901,9945,4468,3263,1036,160,1029
"인천광역시","여자","아파트",20767,12915,2081,4692,202,126,751
"인천광역시","여자","연립주택",1113,644,195,108,38,8,120
"인천광역시","여자","다세대주택",13062,7893,2797,1222,292,54,804
"인천광역시","여자","비거주용 건물 내 주택",639,339,76,79,66,30,49
"인천광역시","여자","주택이외의 거처",1135,543,127,247,72,10,136
"광주광역시","계","계",52110,31484,4579,10501,2173,1440,1933
"광주광역시","계","주택",51187,31251,4471,10263,2038,1405,1759
"광주광역시","계","단독주택",22370,12693,2991,2641,1659,1237,1149
"광주광역시","계","아파트",27019,17576,1235,7352,249,69,538
"광주광역시","계","연립주택",576,392,117,54,6,,7
"광주광역시","계","다세대주택",557,270,86,140,36,2,23
"광주광역시","계","비거주용 건물 내 주택",665,320,42,76,88,97,42
"광주광역시","계","주택이외의 거처",923,233,108,238,135,35,174
"광주광역시","남자","계",13024,6117,1210,3524,1031,566,576
"광주광역시","남자","주택",12620,6045,1154,3421,938,566,496
"광주광역시","남자","단독주택",6254,2619,765,1236,818,509,307
"광주광역시","남자","아파트",5890,3232,311,2114,65,15,153
"광주광역시","남자","연립주택",97,57,21,12,,,7
"광주광역시","남자","다세대주택",225,99,40,53,25,2,6
"광주광역시","남자","비거주용 건물 내 주택",154,38,17,6,30,40,23
"광주광역시","남자","주택이외의 거처",404,72,56,103,93,,80
"광주광역시","여자","계",39086,25367,3369,6977,1142,874,1357
"광주광역시","여자","주택",38567,25206,3317,6842,1100,839,1263
"광주광역시","여자","단독주택",16116,10074,2226,1405,841,728,842
"광주광역시","여자","아파트",21129,14344,924,5238,184,54,385
"광주광역시","여자","연립주택",479,335,96,42,6,,
"광주광역시","여자","다세대주택",332,171,46,87,11,,17
"광주광역시","여자","비거주용 건물 내 주택",511,282,25,70,58,57,19
"광주광역시","여자","주택이외의 거처",519,161,52,135,42,35,94
"대전광역시","계","계",44910,22909,5864,11421,2325,539,1852
"대전광역시","계","주택",43939,22610,5718,11120,2184,518,1789
"대전광역시","계","단독주택",19610,7703,3991,4651,1828,404,1033
"대전광역시","계","아파트",18902,11038,1227,5968,128,42,499
"대전광역시","계","연립주택",1093,792,129,112,25,10,25
"대전광역시","계","다세대주택",3507,2672,360,220,79,39,137
"대전광역시","계","비거주용 건물 내 주택",827,405,11,169,124,23,95
"대전광역시","계","주택이외의 거처",971,299,146,301,141,21,63
"대전광역시","남자","계",12910,5368,1481,4001,1237,247,576
"대전광역시","남자","주택",12436,5230,1429,3862,1147,226,542
"대전광역시","남자","단독주택",6545,1981,1118,1958,979,184,325
"대전광역시","남자","아파트",4457,2374,226,1695,35,15,112
"대전광역시","남자","연립주택",215,144,19,47,5,,
"대전광역시","남자","다세대주택",859,593,66,88,49,16,47
"대전광역시","남자","비거주용 건물 내 주택",360,138,,74,79,11,58
"대전광역시","남자","주택이외의 거처",474,138,52,139,90,21,34
"대전광역시","여자","계",32000,17541,4383,7420,1088,292,1276
"대전광역시","여자","주택",31503,17380,4289,7258,1037,292,1247
"대전광역시","여자","단독주택",13065,5722,2873,2693,849,220,708
"대전광역시","여자","아파트",14445,8664,1001,4273,93,27,387
"대전광역시","여자","연립주택",878,648,110,65,20,10,25
"대전광역시","여자","다세대주택",2648,2079,294,132,30,23,90
"대전광역시","여자","비거주용 건물 내 주택",467,267,11,95,45,12,37
"대전광역시","여자","주택이외의 거처",497,161,94,162,51,,29
"울산광역시","계","계",31523,17352,2242,8779,1515,132,1503
"울산광역시","계","주택",30639,16952,2177,8548,1401,132,1429
"울산광역시","계","단독주택",18803,8678,1528,6329,1230,100,938
"울산광역시","계","아파트",9215,6369,568,1838,51,17,372
"울산광역시","계","연립주택",476,418,12,16,,,30
"울산광역시","계","다세대주택",1365,1094,24,180,21,,46
"울산광역시","계","비거주용 건물 내 주택",780,393,45,185,99,15,43
"울산광역시","계","주택이외의 거처",884,400,65,231,114,,74
"울산광역시","남자","계",8631,3600,611,3312,595,53,460
"울산광역시","남자","주택",8299,3445,586,3250,530,53,435
"울산광역시","남자","단독주택",5429,1679,408,2561,467,33,281
"울산광역시","남자","아파트",2127,1297,168,523,11,12,116
"울산광역시","남자","연립주택",149,123,,9,,,17
"울산광역시","남자","다세대주택",362,253,,99,3,,7
"울산광역시","남자","비거주용 건물 내 주택",232,93,10,58,49,8,14
"울산광역시","남자","주택이외의 거처",332,155,25,62,65,,25
"울산광역시","여자","계",22892,13752,1631,5467,920,79,1043
"울산광역시","여자","주택",22340,13507,1591,5298,871,79,994
"울산광역시","여자","단독주택",13374,6999,1120,3768,763,67,657
"울산광역시","여자","아파트",7088,5072,400,1315,40,5,256
"울산광역시","여자","연립주택",327,295,12,7,,,13
"울산광역시","여자","다세대주택",1003,841,24,81,18,,39
"울산광역시","여자","비거주용 건물 내 주택",548,300,35,127,50,7,29
"울산광역시","여자","주택이외의 거처",552,245,40,169,49,,49
"세종특별자치시","계","계",5303,3719,426,614,139,60,345
"세종특별자치시","계","주택",5139,3654,407,575,138,54,311
"세종특별자치시","계","단독주택",3377,2685,113,220,107,47,205
"세종특별자치시","계","아파트",1467,728,280,334,27,1,97
"세종특별자치시","계","연립주택",112,100,6,,,6,
"세종특별자치시","계","다세대주택",104,79,8,6,4,,7
"세종특별자치시","계","비거주용 건물 내 주택",79,62,,15,,,2
"세종특별자치시","계","주택이외의 거처",164,65,19,39,1,6,34
"세종특별자치시","남자","계",1255,681,140,262,52,21,99
"세종특별자치시","남자","주택",1181,668,126,230,51,21,85
"세종특별자치시","남자","단독주택",713,470,33,96,43,20,51
"세종특별자치시","남자","아파트",404,144,93,127,8,1,31
"세종특별자치시","남자","연립주택",20,20,,,,,
"세종특별자치시","남자","다세대주택",16,10,,3,,,3
"세종특별자치시","남자","비거주용 건물 내 주택",28,24,,4,,,
"세종특별자치시","남자","주택이외의 거처",74,13,14,32,1,,14
"세종특별자치시","여자","계",4048,3038,286,352,87,39,246
"세종특별자치시","여자","주택",3958,2986,281,345,87,33,226
"세종특별자치시","여자","단독주택",2664,2215,80,124,64,27,154
"세종특별자치시","여자","아파트",1063,584,187,207,19,,66
"세종특별자치시","여자","연립주택",92,80,6,,,6,
"세종특별자치시","여자","다세대주택",88,69,8,3,4,,4
"세종특별자치시","여자","비거주용 건물 내 주택",51,38,,11,,,2
"세종특별자치시","여자","주택이외의 거처",90,52,5,7,,6,20
"경기도","계","계",316713,154241,56849,72630,12520,2110,18363
"경기도","계","주택",304626,150001,55714,70314,10664,1769,16164
"경기도","계","단독주택",141000,57896,31997,33260,7907,1378,8562
"경기도","계","아파트",113166,63348,13191,30618,1094,148,4767
"경기도","계","연립주택",9286,5958,1857,777,164,32,498
"경기도","계","다세대주택",35697,20595,7991,4472,774,146,1719
"경기도","계","비거주용 건물 내 주택",5477,2204,678,1187,725,65,618
"경기도","계","주택이외의 거처",12087,4240,1135,2316,1856,341,2199
"경기도","남자","계",86792,32791,13880,27000,5991,878,6252
"경기도","남자","주택",80640,31178,13408,25677,4697,727,4953
"경기도","남자","단독주택",43120,12369,8557,15182,3528,561,2923
"경기도","남자","아파트",23886,12121,2334,7963,318,59,1091
"경기도","남자","연립주택",2126,1270,449,255,29,9,114
"경기도","남자","다세대주택",9218,4690,1784,1790,303,47,604
"경기도","남자","비거주용 건물 내 주택",2290,728,284,487,519,51,221
"경기도","남자","주택이외의 거처",6152,1613,472,1323,1294,151,1299
"경기도","여자","계",229921,121450,42969,45630,6529,1232,12111
"경기도","여자","주택",223986,118823,42306,44637,5967,1042,11211
"경기도","여자","단독주택",97880,45527,23440,18078,4379,817,5639
"경기도","여자","아파트",89280,51227,10857,22655,776,89,3676
"경기도","여자","연립주택",7160,4688,1408,522,135,23,384
"경기도","여자","다세대주택",26479,15905,6207,2682,471,99,1115
"경기도","여자","비거주용 건물 내 주택",3187,1476,394,700,206,14,397
"경기도","여자","주택이외의 거처",5935,2627,663,993,562,190,900
"강원도","계","계",84136,59558,4643,9795,4462,880,4798
"강원도","계","주택",81476,58068,4556,9574,4121,789,4368
"강원도","계","단독주택",55853,42186,2329,4090,3603,699,2946
"강원도","계","아파트",20696,12348,1932,4997,266,58,1095
"강원도","계","연립주택",2462,1860,173,222,57,12,138
"강원도","계","다세대주택",918,691,89,49,50,,39
"강원도","계","비거주용 건물 내 주택",1547,983,33,216,145,20,150
"강원도","계","주택이외의 거처",2660,1490,87,221,341,91,430
"강원도","남자","계",21010,12775,1068,3259,1898,337,1673
"강원도","남자","주택",19745,12136,1049,3150,1696,284,1430
"강원도","남자","단독주택",13955,9066,583,1637,1458,250,961
"강원도","남자","아파트",4613,2407,400,1355,113,14,324
"강원도","남자","연립주택",567,354,44,84,19,8,58
"강원도","남자","다세대주택",194,114,18,23,31,,8
"강원도","남자","비거주용 건물 내 주택",416,195,4,51,75,12,79
"강원도","남자","주택이외의 거처",1265,639,19,109,202,53,243
"강원도","여자","계",63126,46783,3575,6536,2564,543,3125
"강원도","여자","주택",61731,45932,3507,6424,2425,505,2938
"강원도","여자","단독주택",41898,33120,1746,2453,2145,449,1985
"강원도","여자","아파트",16083,9941,1532,3642,153,44,771
"강원도","여자","연립주택",1895,1506,129,138,38,4,80
"강원도","여자","다세대주택",724,577,71,26,19,,31
"강원도","여자","비거주용 건물 내 주택",1131,788,29,165,70,8,71
"강원도","여자","주택이외의 거처",1395,851,68,112,139,38,187
"충청북도","계","계",71012,51530,4627,8477,2340,797,3241
"충청북도","계","주택",69302,50508,4569,8280,2151,786,3008
"충청북도","계","단독주택",46562,36899,2539,2607,1717,672,2128
"충청북도","계","아파트",18401,10322,1666,5387,303,62,661
"충청북도","계","연립주택",1718,1337,167,105,37,3,69
"충청북도","계","다세대주택",1435,1105,126,92,29,12,71
"충청북도","계","비거주용 건물 내 주택",1186,845,71,89,65,37,79
"충청북도","계","주택이외의 거처",1710,1022,58,197,189,11,233
"충청북도","남자","계",16989,10506,1148,2987,1034,270,1044
"충청북도","남자","주택",16249,10148,1112,2881,913,267,928
"충청북도","남자","단독주택",10840,7386,596,1178,753,240,687
"충청북도","남자","아파트",4365,2042,440,1552,114,13,204
"충청북도","남자","연립주택",312,220,27,41,9,,15
"충청북도","남자","다세대주택",258,155,26,56,7,6,8
"충청북도","남자","비거주용 건물 내 주택",474,345,23,54,30,8,14
"충청북도","남자","주택이외의 거처",740,358,36,106,121,3,116
"충청북도","여자","계",54023,41024,3479,5490,1306,527,2197
"충청북도","여자","주택",53053,40360,3457,5399,1238,519,2080
"충청북도","여자","단독주택",35722,29513,1943,1429,964,432,1441
"충청북도","여자","아파트",14036,8280,1226,3835,189,49,457
"충청북도","여자","연립주택",1406,1117,140,64,28,3,54
"충청북도","여자","다세대주택",1177,950,100,36,22,6,63
"충청북도","여자","비거주용 건물 내 주택",712,500,48,35,35,29,65
"충청북도","여자","주택이외의 거처",970,664,22,91,68,8,117
"충청남도","계","계",98731,76642,4592,8798,3089,959,4651
"충청남도","계","주택",95727,75094,4382,8279,2760,913,4299
"충청남도","계","단독주택",71785,60798,2065,2952,2200,734,3036
"충청남도","계","아파트",17886,10051,1714,4773,322,99,927
"충청남도","계","연립주택",1939,1424,194,165,34,48,74
"충청남도","계","다세대주택",2948,2107,312,262,136,1,130
"충청남도","계","비거주용 건물 내 주택",1169,714,97,127,68,31,132
"충청남도","계","주택이외의 거처",3004,1548,210,519,329,46,352
"충청남도","남자","계",21274,13706,1134,3393,1255,283,1503
"충청남도","남자","주택",20146,13234,1065,3099,1157,257,1334
"충청남도","남자","단독주택",14622,10428,567,1513,936,207,971
"충청남도","남자","아파트",4109,1993,374,1345,114,30,253
"충청남도","남자","연립주택",378,243,28,64,17,12,14
"충청남도","남자","다세대주택",700,413,52,138,46,,51
"충청남도","남자","비거주용 건물 내 주택",337,157,44,39,44,8,45
"충청남도","남자","주택이외의 거처",1128,472,69,294,98,26,169
"충청남도","여자","계",77457,62936,3458,5405,1834,676,3148
"충청남도","여자","주택",75581,61860,3317,5180,1603,656,2965
"충청남도","여자","단독주택",57163,50370,1498,1439,1264,527,2065
"충청남도","여자","아파트",13777,8058,1340,3428,208,69,674
"충청남도","여자","연립주택",1561,1181,166,101,17,36,60
"충청남도","여자","다세대주택",2248,1694,260,124,90,1,79
"충청남도","여자","비거주용 건물 내 주택",832,557,53,88,24,23,87
"충청남도","여자","주택이외의 거처",1876,1076,141,225,231,20,183
"전라북도","계","계",106923,82303,4348,12648,2473,1068,4083
"전라북도","계","주택",105042,81209,4307,12455,2312,1014,3745
"전라북도","계","단독주택",72970,61637,2152,3661,1830,962,2728
"전라북도","계","아파트",28208,16950,1833,8296,331,26,772
"전라북도","계","연립주택",1751,1338,93,224,34,,62
"전라북도","계","다세대주택",956,547,155,177,24,8,45
"전라북도","계","비거주용 건물 내 주택",1157,737,74,97,93,18,138
"전라북도","계","주택이외의 거처",1881,1094,41,193,161,54,338
"전라북도","남자","계",20910,13360,911,4217,906,330,1186
"전라북도","남자","주택",20110,12986,905,4080,814,311,1014
"전라북도","남자","단독주택",13029,9207,516,1577,668,298,763
"전라북도","남자","아파트",6135,3212,339,2320,73,10,181
"전라북도","남자","연립주택",363,252,6,69,17,,19
"전라북도","남자","다세대주택",226,107,27,79,10,3,
"전라북도","남자","비거주용 건물 내 주택",357,208,17,35,46,,51
"전라북도","남자","주택이외의 거처",800,374,6,137,92,19,172
"전라북도","여자","계",86013,68943,3437,8431,1567,738,2897
"전라북도","여자","주택",84932,68223,3402,8375,1498,703,2731
"전라북도","여자","단독주택",59941,52430,1636,2084,1162,664,1965
"전라북도","여자","아파트",22073,13738,1494,5976,258,16,591
"전라북도","여자","연립주택",1388,1086,87,155,17,,43
"전라북도","여자","다세대주택",730,440,128,98,14,5,45
"전라북도","여자","비거주용 건물 내 주택",800,529,57,62,47,18,87
"전라북도","여자","주택이외의 거처",1081,720,35,56,69,35,166
"동부","계","계",52026,32125,3936,11396,1729,625,2215
"동부","계","주택",51170,31781,3905,11208,1619,609,2048
"동부","계","단독주택",22530,14368,1910,3325,1203,566,1158
"동부","계","아파트",25518,15370,1692,7425,288,22,721
"동부","계","연립주택",1452,1070,93,203,34,,52
"동부","계","다세대주택",835,449,150,175,20,8,33
"동부","계","비거주용 건물 내 주택",835,524,60,80,74,13,84
"동부","계","주택이외의 거처",856,344,31,188,110,16,167
"동부","남자","계",12507,6321,838,3845,688,234,581
"동부","남자","주택",12066,6200,834,3711,608,227,486
"동부","남자","단독주택",5718,2805,473,1461,474,216,289
"동부","남자","아파트",5562,2938,313,2077,71,8,155
"동부","남자","연립주택",302,206,6,59,17,,14
"동부","남자","다세대주택",212,97,27,79,6,3,
"동부","남자","비거주용 건물 내 주택",272,154,15,35,40,,28
"동부","남자","주택이외의 거처",441,121,4,134,80,7,95
"동부","여자","계",39519,25804,3098,7551,1041,391,1634
"동부","여자","주택",39104,25581,3071,7497,1011,382,1562
"동부","여자","단독주택",16812,11563,1437,1864,729,350,869
"동부","여자","아파트",19956,12432,1379,5348,217,14,566
"동부","여자","연립주택",1150,864,87,144,17,,38
"동부","여자","다세대주택",623,352,123,96,14,5,33
"동부","여자","비거주용 건물 내 주택",563,370,45,45,34,13,56
"동부","여자","주택이외의 거처",415,223,27,54,30,9,72
"읍부","계","계",10161,8314,153,729,307,178,480
"읍부","계","주택",9953,8222,153,728,282,156,412
"읍부","계","단독주택",7775,6783,75,171,245,156,345
"읍부","계","아파트",1765,1093,70,546,26,,30
"읍부","계","연립주택",205,198,,4,,,3
"읍부","계","다세대주택",87,74,,,3,,10
"읍부","계","비거주용 건물 내 주택",121,74,8,7,8,,24
"읍부","계","주택이외의 거처",208,92,,1,25,22,68
"읍부","남자","계",1776,1286,17,205,85,32,151
"읍부","남자","주택",1727,1271,17,204,75,25,135
"읍부","남자","단독주택",1285,1027,8,54,72,25,99
"읍부","남자","아파트",372,197,9,146,,,20
"읍부","남자","연립주택",29,25,,4,,,
"읍부","남자","다세대주택",9,6,,,3,,
"읍부","남자","비거주용 건물 내 주택",32,16,,,,,16
"읍부","남자","주택이외의 거처",49,15,,1,10,7,16
"읍부","여자","계",8385,7028,136,524,222,146,329
"읍부","여자","주택",8226,6951,136,524,207,131,277
"읍부","여자","단독주택",6490,5756,67,117,173,131,246
"읍부","여자","아파트",1393,896,61,400,26,,10
"읍부","여자","연립주택",176,173,,,,,3
"읍부","여자","다세대주택",78,68,,,,,10
"읍부","여자","비거주용 건물 내 주택",89,58,8,7,8,,8
"읍부","여자","주택이외의 거처",159,77,,,15,15,52
"면부","계","계",44736,41864,259,523,437,265,1388
"면부","계","주택",43919,41206,249,519,411,249,1285
"면부","계","단독주택",42665,40486,167,165,382,240,1225
"면부","계","아파트",925,487,71,325,17,4,21
"면부","계","연립주택",94,70,,17,,,7
"면부","계","다세대주택",34,24,5,2,1,,2
"면부","계","비거주용 건물 내 주택",201,139,6,10,11,5,30
"면부","계","주택이외의 거처",817,658,10,4,26,16,103
"면부","남자","계",6627,5753,56,167,133,64,454
"면부","남자","주택",6317,5515,54,165,131,59,393
"면부","남자","단독주택",6026,5375,35,62,122,57,375
"면부","남자","아파트",201,77,17,97,2,2,6
"면부","남자","연립주택",32,21,,6,,,5
"면부","남자","다세대주택",5,4,,,1,,
"면부","남자","비거주용 건물 내 주택",53,38,2,,6,,7
"면부","남자","주택이외의 거처",310,238,2,2,2,5,61
"면부","여자","계",38109,36111,203,356,304,201,934
"면부","여자","주택",37602,35691,195,354,280,190,892
"면부","여자","단독주택",36639,35111,132,103,260,183,850
"면부","여자","아파트",724,410,54,228,15,2,15
"면부","여자","연립주택",62,49,,11,,,2
"면부","여자","다세대주택",29,20,5,2,,,2
"면부","여자","비거주용 건물 내 주택",148,101,4,10,5,5,23
"면부","여자","주택이외의 거처",507,420,8,2,24,11,42
"전라남도","계","계",132619,113756,4430,5907,2092,2216,4218
"전라남도","계","주택",130054,112285,4355,5658,1919,1964,3873
"전라남도","계","단독주택",110088,100419,1740,1192,1669,1833,3235
"전라남도","계","아파트",16945,9642,2362,4257,136,55,493
"전라남도","계","연립주택",981,813,53,54,25,8,28
"전라남도","계","다세대주택",603,427,87,42,13,4,30
"전라남도","계","비거주용 건물 내 주택",1437,984,113,113,76,64,87
"전라남도","계","주택이외의 거처",2565,1471,75,249,173,252,345
"전라남도","남자","계",22667,16705,1014,1927,820,739,1462
"전라남도","남자","주택",21725,16212,994,1819,730,703,1267
"전라남도","남자","단독주택",17166,13962,354,551,623,653,1023
"전라남도","남자","아파트",3794,1829,545,1181,41,22,176
"전라남도","남자","연립주택",180,137,10,10,2,,21
"전라남도","남자","다세대주택",136,67,28,22,6,2,11
"전라남도","남자","비거주용 건물 내 주택",449,217,57,55,58,26,36
"전라남도","남자","주택이외의 거처",942,493,20,108,90,36,195
"전라남도","여자","계",109952,97051,3416,3980,1272,1477,2756
"전라남도","여자","주택",108329,96073,3361,3839,1189,1261,2606
"전라남도","여자","단독주택",92922,86457,1386,641,1046,1180,2212
"전라남도","여자","아파트",13151,7813,1817,3076,95,33,317
"전라남도","여자","연립주택",801,676,43,44,23,8,7
"전라남도","여자","다세대주택",467,360,59,20,7,2,19
"전라남도","여자","비거주용 건물 내 주택",988,767,56,58,18,38,51
"전라남도","여자","주택이외의 거처",1623,978,55,141,83,216,150
"동부","계","계",30885,20216,2882,4373,1142,1044,1228
"동부","계","주택",30258,19961,2842,4229,1046,1001,1179
"동부","계","단독주택",16112,11466,1152,846,923,928,797
"동부","계","아파트",12568,7352,1569,3206,83,35,323
"동부","계","연립주택",437,345,27,54,2,2,7
"동부","계","다세대주택",260,192,14,33,4,2,15
"동부","계","비거주용 건물 내 주택",881,606,80,90,34,34,37
"동부","계","주택이외의 거처",627,255,40,144,96,43,49
"동부","남자","계",7228,3757,656,1444,497,467,407
"동부","남자","주택",6961,3671,638,1367,442,453,390
"동부","남자","단독주택",3761,2058,251,403,386,413,250
"동부","남자","아파트",2764,1369,341,890,24,17,123
"동부","남자","연립주택",115,88,8,10,2,,7
"동부","남자","다세대주택",60,34,3,13,4,2,4
"동부","남자","비거주용 건물 내 주택",261,122,35,51,26,21,6
"동부","남자","주택이외의 거처",267,86,18,77,55,14,17
"동부","여자","계",23657,16459,2226,2929,645,577,821
"동부","여자","주택",23297,16290,2204,2862,604,548,789
"동부","여자","단독주택",12351,9408,901,443,537,515,547
"동부","여자","아파트",9804,5983,1228,2316,59,18,200
"동부","여자","연립주택",322,257,19,44,,2,
"동부","여자","다세대주택",200,158,11,20,,,11
"동부","여자","비거주용 건물 내 주택",620,484,45,39,8,13,31
"동부","여자","주택이외의 거처",360,169,22,67,41,29,32
"읍부","계","계",28591,23562,1247,1138,614,919,1111
"읍부","계","주택",27738,23137,1235,1059,552,717,1038
"읍부","계","단독주택",23058,20380,436,278,464,673,827
"읍부","계","아파트",3661,1995,702,757,29,14,164
"읍부","계","연립주택",472,407,20,,23,6,16
"읍부","계","다세대주택",290,190,73,8,5,,14
"읍부","계","비거주용 건물 내 주택",257,165,4,16,31,24,17
"읍부","계","주택이외의 거처",853,425,12,79,62,202,73
"읍부","남자","계",4873,3460,266,375,191,192,389
"읍부","남자","주택",4654,3357,266,348,169,172,342
"읍부","남자","단독주택",3572,2824,62,123,136,162,265
"읍부","남자","아파트",881,423,179,214,8,5,52
"읍부","남자","연립주택",55,42,,,,,13
"읍부","남자","다세대주택",67,26,25,8,1,,7
"읍부","남자","비거주용 건물 내 주택",79,42,,3,24,5,5
"읍부","남자","주택이외의 거처",219,103,,27,22,20,47
"읍부","여자","계",23718,20102,981,763,423,727,722
"읍부","여자","주택",23084,19780,969,711,383,545,696
"읍부","여자","단독주택",19486,17556,374,155,328,511,562
"읍부","여자","아파트",2780,1572,523,543,21,9,112
"읍부","여자","연립주택",417,365,20,,23,6,3
"읍부","여자","다세대주택",223,164,48,,4,,7
"읍부","여자","비거주용 건물 내 주택",178,123,4,13,7,19,12
"읍부","여자","주택이외의 거처",634,322,12,52,40,182,26
"면부","계","계",73143,69978,301,396,336,253,1879
"면부","계","주택",72058,69187,278,370,321,246,1656
"면부","계","단독주택",70918,68573,152,68,282,232,1611
"면부","계","아파트",716,295,91,294,24,6,6
"면부","계","연립주택",72,61,6,,,,5
"면부","계","다세대주택",53,45,,1,4,2,1
"면부","계","비거주용 건물 내 주택",299,213,29,7,11,6,33
"면부","계","주택이외의 거처",1085,791,23,26,15,7,223
"면부","남자","계",10566,9488,92,108,132,80,666
"면부","남자","주택",10110,9184,90,104,119,78,535
"면부","남자","단독주택",9833,9080,41,25,101,78,508
"면부","남자","아파트",149,37,25,77,9,,1
"면부","남자","연립주택",10,7,2,,,,1
"면부","남자","다세대주택",9,7,,1,1,,
"면부","남자","비거주용 건물 내 주택",109,53,22,1,8,,25
"면부","남자","주택이외의 거처",456,304,2,4,13,2,131
"면부","여자","계",62577,60490,209,288,204,173,1213
"면부","여자","주택",61948,60003,188,266,202,168,1121
"면부","여자","단독주택",61085,59493,111,43,181,154,1103
"면부","여자","아파트",567,258,66,217,15,6,5
"면부","여자","연립주택",62,54,4,,,,4
"면부","여자","다세대주택",44,38,,,3,2,1
"면부","여자","비거주용 건물 내 주택",190,160,7,6,3,6,8
"면부","여자","주택이외의 거처",629,487,21,22,2,5,92
"경상북도","계","계",156642,124409,5156,11005,5808,3533,6731
"경상북도","계","주택",152673,122086,5025,10632,5466,3368,6096
"경상북도","계","단독주택",119984,99888,2939,4770,4726,3027,4634
"경상북도","계","아파트",24482,16124,1538,5329,383,169,939
"경상북도","계","연립주택",2931,2345,177,151,69,33,156
"경상북도","계","다세대주택",3213,2460,251,145,100,32,225
"경상북도","계","비거주용 건물 내 주택",2063,1269,120,237,188,107,142
"경상북도","계","주택이외의 거처",3969,2323,131,373,342,165,635
"경상북도","남자","계",29082,19540,994,3649,2031,973,1895
"경상북도","남자","주택",27741,18880,969,3416,1887,922,1667
"경상북도","남자","단독주택",21496,15051,614,1945,1695,880,1311
"경상북도","남자","아파트",4516,2648,257,1305,78,21,207
"경상북도","남자","연립주택",585,426,34,54,24,2,45
"경상북도","남자","다세대주택",609,433,34,52,32,,58
"경상북도","남자","비거주용 건물 내 주택",535,322,30,60,58,19,46
"경상북도","남자","주택이외의 거처",1341,660,25,233,144,51,228
"경상북도","여자","계",127560,104869,4162,7356,3777,2560,4836
"경상북도","여자","주택",124932,103206,4056,7216,3579,2446,4429
"경상북도","여자","단독주택",98488,84837,2325,2825,3031,2147,3323
"경상북도","여자","아파트",19966,13476,1281,4024,305,148,732
"경상북도","여자","연립주택",2346,1919,143,97,45,31,111
"경상북도","여자","다세대주택",2604,2027,217,93,68,32,167
"경상북도","여자","비거주용 건물 내 주택",1528,947,90,177,130,88,96
"경상북도","여자","주택이외의 거처",2628,1663,106,140,198,114,407
"동부","계","계",49408,30778,3559,8206,3040,1785,2040
"동부","계","주택",48120,30163,3469,7929,2887,1733,1939
"동부","계","단독주택",25495,15008,2024,3479,2428,1487,1069
"동부","계","아파트",17318,11229,1052,4086,237,124,590
"동부","계","연립주택",2041,1614,147,122,47,29,82
"동부","계","다세대주택",2190,1676,160,111,77,32,134
"동부","계","비거주용 건물 내 주택",1076,636,86,131,98,61,64
"동부","계","주택이외의 거처",1288,615,90,277,153,52,101
"동부","남자","계",10546,5037,662,2705,1122,455,565
"동부","남자","주택",10126,4954,650,2501,1046,440,535
"동부","남자","단독주택",5871,2346,421,1424,920,421,339
"동부","남자","아파트",3094,1822,156,938,44,9,125
"동부","남자","연립주택",410,287,34,47,16,2,24
"동부","남자","다세대주택",420,312,17,44,24,,23
"동부","남자","비거주용 건물 내 주택",331,187,22,48,42,8,24
"동부","남자","주택이외의 거처",420,83,12,204,76,15,30
"동부","여자","계",38862,25741,2897,5501,1918,1330,1475
"동부","여자","주택",37994,25209,2819,5428,1841,1293,1404
"동부","여자","단독주택",19624,12662,1603,2055,1508,1066,730
"동부","여자","아파트",14224,9407,896,3148,193,115,465
"동부","여자","연립주택",1631,1327,113,75,31,27,58
"동부","여자","다세대주택",1770,1364,143,67,53,32,111
"동부","여자","비거주용 건물 내 주택",745,449,64,83,56,53,40
"동부","여자","주택이외의 거처",868,532,78,73,77,37,71
"읍부","계","계",33080,26048,1087,1857,1458,929,1701
"읍부","계","주택",32223,25554,1087,1837,1373,863,1509
"읍부","계","단독주택",24756,20269,583,844,1179,794,1087
"읍부","계","아파트",5694,3970,401,897,108,36,282
"읍부","계","연립주택",626,521,28,25,13,,39
"읍부","계","다세대주택",690,513,65,20,10,,82
"읍부","계","비거주용 건물 내 주택",457,281,10,51,63,33,19
"읍부","계","주택이외의 거처",857,494,,20,85,66,192
"읍부","남자","계",5934,3846,218,665,472,274,459
"읍부","남자","주택",5631,3679,218,645,452,253,384
"읍부","남자","단독주택",4208,2784,127,350,414,236,297
"읍부","남자","아파트",1104,667,75,276,21,8,57
"읍부","남자","연립주택",111,99,,7,3,,2
"읍부","남자","다세대주택",130,81,13,4,4,,28
"읍부","남자","비거주용 건물 내 주택",78,48,3,8,10,9,
"읍부","남자","주택이외의 거처",303,167,,20,20,21,75
"읍부","여자","계",27146,22202,869,1192,986,655,1242
"읍부","여자","주택",26592,21875,869,1192,921,610,1125
"읍부","여자","단독주택",20548,17485,456,494,765,558,790
"읍부","여자","아파트",4590,3303,326,621,87,28,225
"읍부","여자","연립주택",515,422,28,18,10,,37
"읍부","여자","다세대주택",560,432,52,16,6,,54
"읍부","여자","비거주용 건물 내 주택",379,233,7,43,53,24,19
"읍부","여자","주택이외의 거처",554,327,,,65,45,117
"면부","계","계",74154,67583,510,942,1310,819,2990
"면부","계","주택",72330,66369,469,866,1206,772,2648
"면부","계","단독주택",69733,64611,332,447,1119,746,2478
"면부","계","아파트",1470,925,85,346,38,9,67
"면부","계","연립주택",264,210,2,4,9,4,35
"면부","계","다세대주택",333,271,26,14,13,,9
"면부","계","비거주용 건물 내 주택",530,352,24,55,27,13,59
"면부","계","주택이외의 거처",1824,1214,41,76,104,47,342
"면부","남자","계",12602,10657,114,279,437,244,871
"면부","남자","주택",11984,10247,101,270,389,229,748
"면부","남자","단독주택",11417,9921,66,171,361,223,675
"면부","남자","아파트",318,159,26,91,13,4,25
"면부","남자","연립주택",64,40,,,5,,19
"면부","남자","다세대주택",59,40,4,4,4,,7
"면부","남자","비거주용 건물 내 주택",126,87,5,4,6,2,22
"면부","남자","주택이외의 거처",618,410,13,9,48,15,123
"면부","여자","계",61552,56926,396,663,873,575,2119
"면부","여자","주택",60346,56122,368,596,817,543,1900
"면부","여자","단독주택",58316,54690,266,276,758,523,1803
"면부","여자","아파트",1152,766,59,255,25,5,42
"면부","여자","연립주택",200,170,2,4,4,4,16
"면부","여자","다세대주택",274,231,22,10,9,,2
"면부","여자","비거주용 건물 내 주택",404,265,19,51,21,11,37
"면부","여자","주택이외의 거처",1206,804,28,67,56,32,219
"경상남도","계","계",155471,114871,6460,21686,5253,816,6385
"경상남도","계","주택",150738,112451,6274,20643,4856,686,5828
"경상남도","계","단독주택",112460,85690,4210,13259,4405,584,4312
"경상남도","계","아파트",31267,21762,1645,6515,195,20,1130
"경상남도","계","연립주택",2237,1839,132,177,37,,52
"경상남도","계","다세대주택",2619,1945,164,328,91,14,77
"경상남도","계","비거주용 건물 내 주택",2155,1215,123,364,128,68,257
"경상남도","계","주택이외의 거처",4733,2420,186,1043,397,130,557
"경상남도","남자","계",31976,18399,1593,7571,2159,300,1954
"경상남도","남자","주택",29989,17602,1519,7002,1930,224,1712
"경상남도","남자","단독주택",21694,12527,971,5015,1751,187,1243
"경상남도","남자","아파트",6422,3940,423,1703,49,3,304
"경상남도","남자","연립주택",444,379,21,19,4,,21
"경상남도","남자","다세대주택",717,429,72,134,51,,31
"경상남도","남자","비거주용 건물 내 주택",712,327,32,131,75,34,113
"경상남도","남자","주택이외의 거처",1987,797,74,569,229,76,242
"경상남도","여자","계",123495,96472,4867,14115,3094,516,4431
"경상남도","여자","주택",120749,94849,4755,13641,2926,462,4116
"경상남도","여자","단독주택",90766,73163,3239,8244,2654,397,3069
"경상남도","여자","아파트",24845,17822,1222,4812,146,17,826
"경상남도","여자","연립주택",1793,1460,111,158,33,,31
"경상남도","여자","다세대주택",1902,1516,92,194,40,14,46
"경상남도","여자","비거주용 건물 내 주택",1443,888,91,233,53,34,144
"경상남도","여자","주택이외의 거처",2746,1623,112,474,168,54,315
"동부","계","계",67698,38653,5296,17066,3235,357,3091
"동부","계","주택",64855,37550,5147,16140,2902,263,2853
"동부","계","단독주택",35859,16945,3454,11060,2595,171,1634
"동부","계","아파트",24019,17133,1371,4395,140,20,960
"동부","계","연립주택",1616,1310,94,138,27,,47
"동부","계","다세대주택",1991,1468,131,285,54,14,39
"동부","계","비거주용 건물 내 주택",1370,694,97,262,86,58,173
"동부","계","주택이외의 거처",2843,1103,149,926,333,94,238
"동부","남자","계",16880,7017,1307,6033,1470,177,876
"동부","남자","주택",15666,6771,1242,5508,1248,123,774
"동부","남자","단독주택",9424,2822,813,4147,1141,86,415
"동부","남자","아파트",4850,3108,341,1134,24,3,240
"동부","남자","연립주택",343,290,12,19,4,,18
"동부","남자","다세대주택",600,390,58,109,24,,19
"동부","남자","비거주용 건물 내 주택",449,161,18,99,55,34,82
"동부","남자","주택이외의 거처",1214,246,65,525,222,54,102
"동부","여자","계",50818,31636,3989,11033,1765,180,2215
"동부","여자","주택",49189,30779,3905,10632,1654,140,2079
"동부","여자","단독주택",26435,14123,2641,6913,1454,85,1219
"동부","여자","아파트",19169,14025,1030,3261,116,17,720
"동부","여자","연립주택",1273,1020,82,119,23,,29
"동부","여자","다세대주택",1391,1078,73,176,30,14,20
"동부","여자","비거주용 건물 내 주택",921,533,79,163,31,24,91
"동부","여자","주택이외의 거처",1629,857,84,401,111,40,136
"읍부","계","계",21025,16012,667,2550,877,130,789
"읍부","계","주택",20544,15671,652,2519,852,112,738
"읍부","계","단독주택",15062,12024,424,1101,791,105,617
"읍부","계","아파트",4497,2867,181,1336,27,,86
"읍부","계","연립주택",384,338,23,20,,,3
"읍부","계","다세대주택",353,284,14,18,25,,12
"읍부","계","비거주용 건물 내 주택",248,158,10,44,9,7,20
"읍부","계","주택이외의 거처",481,341,15,31,25,18,51
"읍부","남자","계",3823,2390,130,822,227,36,218
"읍부","남자","주택",3656,2263,130,809,227,18,209
"읍부","남자","단독주택",2560,1663,69,437,194,18,179
"읍부","남자","아파트",919,482,50,348,18,,21
"읍부","남자","연립주택",69,60,6,,,,3
"읍부","남자","다세대주택",59,20,5,13,15,,6
"읍부","남자","비거주용 건물 내 주택",49,38,,11,,,
"읍부","남자","주택이외의 거처",167,127,,13,,18,9
"읍부","여자","계",17202,13622,537,1728,650,94,571
"읍부","여자","주택",16888,13408,522,1710,625,94,529
"읍부","여자","단독주택",12502,10361,355,664,597,87,438
"읍부","여자","아파트",3578,2385,131,988,9,,65
"읍부","여자","연립주택",315,278,17,20,,,
"읍부","여자","다세대주택",294,264,9,5,10,,6
"읍부","여자","비거주용 건물 내 주택",199,120,10,33,9,7,20
"읍부","여자","주택이외의 거처",314,214,15,18,25,,42
"면부","계","계",66748,60206,497,2070,1141,329,2505
"면부","계","주택",65339,59230,475,1984,1102,311,2237
"면부","계","단독주택",61539,56721,332,1098,1019,308,2061
"면부","계","아파트",2751,1762,93,784,28,,84
"면부","계","연립주택",237,191,15,19,10,,2
"면부","계","다세대주택",275,193,19,25,12,,26
"면부","계","비거주용 건물 내 주택",537,363,16,58,33,3,64
"면부","계","주택이외의 거처",1409,976,22,86,39,18,268
"면부","남자","계",11273,8992,156,716,462,87,860
"면부","남자","주택",10667,8568,147,685,455,83,729
"면부","남자","단독주택",9710,8042,89,431,416,83,649
"면부","남자","아파트",653,350,32,221,7,,43
"면부","남자","연립주택",32,29,3,,,,
"면부","남자","다세대주택",58,19,9,12,12,,6
"면부","남자","비거주용 건물 내 주택",214,128,14,21,20,,31
"면부","남자","주택이외의 거처",606,424,9,31,7,4,131
"면부","여자","계",55475,51214,341,1354,679,242,1645
"면부","여자","주택",54672,50662,328,1299,647,228,1508
"면부","여자","단독주택",51829,48679,243,667,603,225,1412
"면부","여자","아파트",2098,1412,61,563,21,,41
"면부","여자","연립주택",205,162,12,19,10,,2
"면부","여자","다세대주택",217,174,10,13,,,20
"면부","여자","비거주용 건물 내 주택",323,235,2,37,13,3,33
"면부","여자","주택이외의 거처",803,552,13,55,32,14,137
"제주특별자치도","계","계",23975,13765,231,2250,1048,3233,3448
"제주특별자치도","계","주택",22821,13180,226,2153,959,3043,3260
"제주특별자치도","계","단독주택",16940,10058,136,537,814,2687,2708
"제주특별자치도","계","아파트",3403,1683,58,1263,11,111,277
"제주특별자치도","계","연립주택",766,408,21,177,38,40,82
"제주특별자치도","계","다세대주택",1214,793,11,166,46,91,107
"제주특별자치도","계","비거주용 건물 내 주택",498,238,,10,50,114,86
"제주특별자치도","계","주택이외의 거처",1154,585,5,97,89,190,188
"제주특별자치도","남자","계",5601,2499,21,714,439,1171,757
"제주특별자치도","남자","주택",5054,2271,21,653,367,1081,661
"제주특별자치도","남자","단독주택",3714,1691,9,210,316,970,518
"제주특별자치도","남자","아파트",741,305,4,328,6,30,68
"제주특별자치도","남자","연립주택",177,84,4,46,11,16,16
"제주특별자치도","남자","다세대주택",269,133,4,59,22,25,26
"제주특별자치도","남자","비거주용 건물 내 주택",153,58,,10,12,40,33
"제주특별자치도","남자","주택이외의 거처",547,228,,61,72,90,96
"제주특별자치도","여자","계",18374,11266,210,1536,609,2062,2691
"제주특별자치도","여자","주택",17767,10909,205,1500,592,1962,2599
"제주특별자치도","여자","단독주택",13226,8367,127,327,498,1717,2190
"제주특별자치도","여자","아파트",2662,1378,54,935,5,81,209
"제주특별자치도","여자","연립주택",589,324,17,131,27,24,66
"제주특별자치도","여자","다세대주택",945,660,7,107,24,66,81
"제주특별자치도","여자","비거주용 건물 내 주택",345,180,,,38,74,53
"제주특별자치도","여자","주택이외의 거처",607,357,5,36,17,100,92
"동부","계","계",14096,7095,154,1962,812,2324,1749
"동부","계","주택",13290,6768,149,1865,723,2134,1651
"동부","계","단독주택",8054,3914,72,475,605,1821,1167
"동부","계","아파트",3273,1646,55,1194,11,93,274
"동부","계","연립주택",490,323,11,32,34,25,65
"동부","계","다세대주택",1103,727,11,154,29,85,97
"동부","계","비거주용 건물 내 주택",370,158,,10,44,110,48
"동부","계","주택이외의 거처",806,327,5,97,89,190,98
"동부","남자","계",3585,1320,17,634,345,843,426
"동부","남자","주택",3145,1143,17,573,273,753,386
"동부","남자","단독주택",1971,610,9,194,240,657,261
"동부","남자","아파트",720,305,4,307,6,30,68
"동부","남자","연립주택",104,70,,11,7,6,10
"동부","남자","다세대주택",245,127,4,51,14,24,25
"동부","남자","비거주용 건물 내 주택",105,31,,10,6,36,22
"동부","남자","주택이외의 거처",440,177,,61,72,90,40
"동부","여자","계",10511,5775,137,1328,467,1481,1323
"동부","여자","주택",10145,5625,132,1292,450,1381,1265
"동부","여자","단독주택",6083,3304,63,281,365,1164,906
"동부","여자","아파트",2553,1341,51,887,5,63,206
"동부","여자","연립주택",386,253,11,21,27,19,55
"동부","여자","다세대주택",858,600,7,103,15,61,72
"동부","여자","비거주용 건물 내 주택",265,127,,,38,74,26
"동부","여자","주택이외의 거처",366,150,5,36,17,100,58
"읍부","계","계",7672,5014,64,281,216,730,1367
"읍부","계","주택",7408,4819,64,281,216,730,1298
"읍부","계","단독주택",6814,4578,54,55,189,697,1241
"읍부","계","아파트",124,34,,69,,18,3
"읍부","계","연립주택",253,67,10,145,4,10,17
"읍부","계","다세대주택",105,62,,12,17,5,9
"읍부","계","비거주용 건물 내 주택",112,78,,,6,,28
"읍부","계","주택이외의 거처",264,195,,,,,69
"읍부","남자","계",1572,876,4,77,87,271,257
"읍부","남자","주택",1506,848,4,77,87,271,219
"읍부","남자","단독주택",1360,810,,13,69,261,207
"읍부","남자","아파트",21,,,21,,,
"읍부","남자","연립주택",65,6,4,35,4,10,6
"읍부","남자","다세대주택",21,5,,8,8,,
"읍부","남자","비거주용 건물 내 주택",39,27,,,6,,6
"읍부","남자","주택이외의 거처",66,28,,,,,38
"읍부","여자","계",6100,4138,60,204,129,459,1110
"읍부","여자","주택",5902,3971,60,204,129,459,1079
"읍부","여자","단독주택",5454,3768,54,42,120,436,1034
"읍부","여자","아파트",103,34,,48,,18,3
"읍부","여자","연립주택",188,61,6,110,,,11
"읍부","여자","다세대주택",84,57,,4,9,5,9
"읍부","여자","비거주용 건물 내 주택",73,51,,,,,22
"읍부","여자","주택이외의 거처",198,167,,,,,31
"면부","계","계",2207,1656,13,7,20,179,332
"면부","계","주택",2123,1593,13,7,20,179,311
"면부","계","단독주택",2072,1566,10,7,20,169,300
"면부","계","아파트",6,3,3,,,,
"면부","계","연립주택",23,18,,,,5,
"면부","계","다세대주택",6,4,,,,1,1
"면부","계","비거주용 건물 내 주택",16,2,,,,4,10
"면부","계","주택이외의 거처",84,63,,,,,21
"면부","남자","계",444,303,,3,7,57,74
"면부","남자","주택",403,280,,3,7,57,56
"면부","남자","단독주택",383,271,,3,7,52,50
"면부","남자","연립주택",8,8,,,,,
"면부","남자","다세대주택",3,1,,,,1,1
"면부","남자","비거주용 건물 내 주택",9,,,,,4,5
"면부","남자","주택이외의 거처",41,23,,,,,18
"면부","여자","계",1763,1353,13,4,13,122,258
"면부","여자","주택",1720,1313,13,4,13,122,255
"면부","여자","단독주택",1689,1295,10,4,13,117,250
"면부","여자","아파트",6,3,3,,,,
"면부","여자","연립주택",15,10,,,,5,
"면부","여자","다세대주택",3,3,,,,,
"면부","여자","비거주용 건물 내 주택",7,2,,,,,5
"면부","여자","주택이외의 거처",43,40,,,,,3
