"행정구역별","성별","연령별",2015,2015,2015,2015,2015,2015,2015,2015,2015,2015,2015,2015
"행정구역별","성별","연령별",1인가구(5세 이상)-계,제약없음-계,제약있음-계,시각장애,청각장애,언어장애,치매,뇌졸중(중풍),걷기계단 오르기들고 운반하기,지적·자폐성 장애,정신적 질환 등 정신적제약,미상
"전국","계","합계",5211133,4413771,797362,55665,99931,23566,22202,39469,654706,14334,54826,-
"전국","계","5~19세",58636,57945,691,83,52,46,-,-,337,69,203,-
"전국","계","20~24세",358138,355062,3076,334,328,169,-,52,1408,210,878,-
"전국","계","25~29세",461560,456926,4634,591,600,331,-,62,2309,379,1088,-
"전국","계","30~34세",453910,446348,7562,794,737,624,77,200,4123,631,1667,-
"전국","계","35~39세",369337,359725,9612,1190,857,797,98,302,5454,875,2107,-
"전국","계","40~44세",377935,363196,14739,1720,1182,932,110,478,8388,1110,3281,-
"전국","계","45~49세",381607,359379,22228,2016,1498,1570,161,1207,13577,1501,5063,-
"전국","계","50~54세",412320,376954,35366,2967,2357,1999,218,2474,23043,1859,6876,-
"전국","계","55~59세",448594,398654,49940,3767,3720,2290,340,3629,35155,2099,7767,-
"전국","계","60~64세",375358,318110,57248,3719,3683,2033,644,4447,44974,1612,5480,-
"전국","계","65~69세",359916,279261,80655,5471,6183,2100,1027,4981,67035,1116,4624,-
"전국","계","70~74세",374541,255306,119235,7797,10536,2395,2214,6175,103812,882,4094,-
"전국","계","75세 이상",779281,386905,392376,25216,68198,8280,17313,15462,345091,1991,11698,-
"전국","남자","합계",2315038,2115636,199402,18409,27310,10273,3576,15864,136672,7811,23819,-
"전국","남자","5~19세",29001,28489,512,54,38,33,-,-,273,62,135,-
"전국","남자","20~24세",165805,163899,1906,225,146,125,-,32,944,124,530,-
"전국","남자","25~29세",259821,256918,2903,385,395,196,-,35,1434,245,555,-
"전국","남자","30~34세",279490,274097,5393,556,503,451,45,143,3031,444,1107,-
"전국","남자","35~39세",230558,223852,6706,853,633,530,84,225,3876,527,1369,-
"전국","남자","40~44세",235021,224909,10112,1238,849,724,80,364,5696,813,2089,-
"전국","남자","45~49세",225217,210901,14316,1497,1067,1107,107,928,8569,1026,2889,-
"전국","남자","50~54세",223684,203435,20249,1951,1517,1269,121,1747,12697,1206,3907,-
"전국","남자","55~59세",209317,184698,24619,2174,1956,1353,183,2460,16111,1323,4056,-
"전국","남자","60~64세",143965,122249,21716,1806,1820,1075,254,2509,15342,805,2506,-
"전국","남자","65~69세",108365,87577,20788,1920,2485,883,300,2229,14796,538,1699,-
"전국","남자","70~74세",84769,63733,21036,1820,3276,770,390,1878,15984,325,1095,-
"전국","남자","75세 이상",120025,70879,49146,3930,12625,1757,2012,3314,37919,373,1882,-
"전국","여자","합계",2896095,2298135,597960,37256,72621,13293,18626,23605,518034,6523,31007,-
"전국","여자","5~19세",29635,29456,179,29,14,13,-,-,64,7,68,-
"전국","여자","20~24세",192333,191163,1170,109,182,44,-,20,464,86,348,-
"전국","여자","25~29세",201739,200008,1731,206,205,135,-,27,875,134,533,-
"전국","여자","30~34세",174420,172251,2169,238,234,173,32,57,1092,187,560,-
"전국","여자","35~39세",138779,135873,2906,337,224,267,14,77,1578,348,738,-
"전국","여자","40~44세",142914,138287,4627,482,333,208,30,114,2692,297,1192,-
"전국","여자","45~49세",156390,148478,7912,519,431,463,54,279,5008,475,2174,-
"전국","여자","50~54세",188636,173519,15117,1016,840,730,97,727,10346,653,2969,-
"전국","여자","55~59세",239277,213956,25321,1593,1764,937,157,1169,19044,776,3711,-
"전국","여자","60~64세",231393,195861,35532,1913,1863,958,390,1938,29632,807,2974,-
"전국","여자","65~69세",251551,191684,59867,3551,3698,1217,727,2752,52239,578,2925,-
"전국","여자","70~74세",289772,191573,98199,5977,7260,1625,1824,4297,87828,557,2999,-
"전국","여자","75세 이상",659256,316026,343230,21286,55573,6523,15301,12148,307172,1618,9816,-
"동부","계","합계",4123510,3594863,528647,39429,61659,16449,14576,28928,426211,10065,42419,-
"동부","계","5~19세",51029,50420,609,66,48,44,-,-,301,54,187,-
"동부","계","20~24세",320381,317642,2739,302,272,149,-,40,1236,188,829,-
"동부","계","25~29세",422092,417938,4154,536,504,282,-,62,2101,341,993,-
"동부","계","30~34세",410584,403867,6717,691,636,525,76,186,3693,525,1471,-
"동부","계","35~39세",328246,319715,8531,1112,757,685,96,273,4867,744,1832,-
"동부","계","40~44세",328543,315560,12983,1568,1007,781,107,441,7531,849,2844,-
"동부","계","45~49세",320339,301682,18657,1760,1261,1283,143,978,11585,1173,4192,-
"동부","계","50~54세",333392,304078,29314,2553,1892,1558,176,2147,19541,1289,5569,-
"동부","계","55~59세",354301,313532,40769,3141,3015,1725,303,3043,29179,1450,6239,-
"동부","계","60~64세",290427,245219,45208,2958,2889,1462,542,3659,35732,1112,4465,-
"동부","계","65~69세",266511,206127,60384,4262,4668,1378,855,3787,50333,686,3488,-
"동부","계","70~74세",253202,173881,79321,5434,7280,1568,1567,4415,68751,541,2991,-
"동부","계","75세 이상",444463,225202,219261,15046,37430,5009,10711,9897,191361,1113,7319,-
"동부","남자","합계",1912019,1758495,153524,14808,20029,7771,2793,12529,104773,5687,19243,-
"동부","남자","5~19세",24957,24512,445,41,34,31,-,-,240,49,125,-
"동부","남자","20~24세",144979,143315,1664,204,104,105,-,32,817,110,489,-
"동부","남자","25~29세",233317,230770,2547,354,319,160,-,35,1273,214,495,-
"동부","남자","30~34세",248646,243866,4780,468,435,361,44,138,2724,372,970,-
"동부","남자","35~39세",200580,194676,5904,799,582,452,82,207,3417,467,1162,-
"동부","남자","40~44세",200562,191743,8819,1133,739,610,77,329,5053,598,1770,-
"동부","남자","45~49세",186163,174247,11916,1277,894,910,89,741,7250,767,2369,-
"동부","남자","50~54세",178079,161436,16643,1688,1207,1020,98,1510,10711,829,3103,-
"동부","남자","55~59세",162313,142179,20134,1833,1633,1046,167,2073,13403,936,3279,-
"동부","남자","60~64세",110088,93007,17081,1449,1420,749,209,2047,12211,531,1987,-
"동부","남자","65~69세",81490,65175,16315,1541,1981,624,255,1709,11764,339,1308,-
"동부","남자","70~74세",62575,46869,15706,1380,2518,544,324,1395,11944,201,822,-
"동부","남자","75세 이상",78270,46700,31570,2641,8163,1159,1448,2313,23966,274,1364,-
"동부","여자","합계",2211491,1836368,375123,24621,41630,8678,11783,16399,321438,4378,23176,-
"동부","여자","5~19세",26072,25908,164,25,14,13,-,-,61,5,62,-
"동부","여자","20~24세",175402,174327,1075,98,168,44,-,8,419,78,340,-
"동부","여자","25~29세",188775,187168,1607,182,185,122,-,27,828,127,498,-
"동부","여자","30~34세",161938,160001,1937,223,201,164,32,48,969,153,501,-
"동부","여자","35~39세",127666,125039,2627,313,175,233,14,66,1450,277,670,-
"동부","여자","40~44세",127981,123817,4164,435,268,171,30,112,2478,251,1074,-
"동부","여자","45~49세",134176,127435,6741,483,367,373,54,237,4335,406,1823,-
"동부","여자","50~54세",155313,142642,12671,865,685,538,78,637,8830,460,2466,-
"동부","여자","55~59세",191988,171353,20635,1308,1382,679,136,970,15776,514,2960,-
"동부","여자","60~64세",180339,152212,28127,1509,1469,713,333,1612,23521,581,2478,-
"동부","여자","65~69세",185021,140952,44069,2721,2687,754,600,2078,38569,347,2180,-
"동부","여자","70~74세",190627,127012,63615,4054,4762,1024,1243,3020,56807,340,2169,-
"동부","여자","75세 이상",366193,178502,187691,12405,29267,3850,9263,7584,167395,839,5955,-
"읍부","계","합계",450831,364972,85859,5847,11439,2521,2566,3987,72271,1480,4498,-
"읍부","계","5~19세",4082,4049,33,9,-,-,-,-,18,-,6,-
"읍부","계","20~24세",21747,21520,227,27,52,11,-,9,114,8,19,-
"읍부","계","25~29세",25555,25220,335,49,77,39,-,-,129,23,66,-
"읍부","계","30~34세",28161,27653,508,78,69,47,-,14,275,63,110,-
"읍부","계","35~39세",25648,25052,596,55,59,67,-,18,343,74,129,-
"읍부","계","40~44세",29023,28102,921,109,106,74,2,21,458,121,203,-
"읍부","계","45~49세",33633,31910,1723,158,99,125,13,125,1026,113,391,-
"읍부","계","50~54세",38469,35608,2861,201,236,175,37,142,1762,234,546,-
"읍부","계","55~59세",41953,38087,3866,258,272,189,15,292,2606,218,629,-
"읍부","계","60~64세",33972,29087,4885,361,250,190,46,328,3957,166,324,-
"읍부","계","65~69세",33995,26516,7479,466,513,257,74,470,6214,107,464,-
"읍부","계","70~74세",39731,26487,13244,935,1058,296,248,695,11584,121,363,-
"읍부","계","75세 이상",94862,45681,49181,3141,8648,1051,2131,1873,43785,232,1248,-
"읍부","남자","합계",191116,174070,17046,1469,2480,946,250,1416,11772,737,1788,-
"읍부","남자","5~19세",2067,2038,29,5,-,-,-,-,18,-,6,-
"읍부","남자","20~24세",11356,11185,171,18,38,11,-,-,94,4,19,-
"읍부","남자","25~29세",16562,16310,252,25,61,28,-,-,104,23,48,-
"읍부","남자","30~34세",19465,19113,352,71,40,47,-,5,195,35,77,-
"읍부","남자","35~39세",18367,17962,405,34,26,47,-,12,251,29,89,-
"읍부","남자","40~44세",19548,18883,665,71,67,54,2,21,338,98,155,-
"읍부","남자","45~49세",20516,19408,1108,134,78,89,13,110,642,88,200,-
"읍부","남자","50~54세",21203,19533,1670,118,160,90,19,102,998,146,333,-
"읍부","남자","55~59세",19820,18084,1736,122,117,93,10,162,1097,115,308,-
"읍부","남자","60~64세",12738,10883,1855,173,129,124,23,191,1338,93,179,-
"읍부","남자","65~69세",9377,7796,1581,153,155,85,22,215,1057,45,142,-
"읍부","남자","70~74세",7523,5638,1885,138,239,85,10,217,1466,40,89,-
"읍부","남자","75세 이상",12574,7237,5337,407,1370,193,151,381,4174,21,143,-
"읍부","여자","합계",259715,190902,68813,4378,8959,1575,2316,2571,60499,743,2710,-
"읍부","여자","5~19세",2015,2011,4,4,-,-,-,-,-,-,-,-
"읍부","여자","20~24세",10391,10335,56,9,14,-,-,9,20,4,-,-
"읍부","여자","25~29세",8993,8910,83,24,16,11,-,-,25,-,18,-
"읍부","여자","30~34세",8696,8540,156,7,29,-,-,9,80,28,33,-
"읍부","여자","35~39세",7281,7090,191,21,33,20,-,6,92,45,40,-
"읍부","여자","40~44세",9475,9219,256,38,39,20,-,-,120,23,48,-
"읍부","여자","45~49세",13117,12502,615,24,21,36,-,15,384,25,191,-
"읍부","여자","50~54세",17266,16075,1191,83,76,85,18,40,764,88,213,-
"읍부","여자","55~59세",22133,20003,2130,136,155,96,5,130,1509,103,321,-
"읍부","여자","60~64세",21234,18204,3030,188,121,66,23,137,2619,73,145,-
"읍부","여자","65~69세",24618,18720,5898,313,358,172,52,255,5157,62,322,-
"읍부","여자","70~74세",32208,20849,11359,797,819,211,238,478,10118,81,274,-
"읍부","여자","75세 이상",82288,38444,43844,2734,7278,858,1980,1492,39611,211,1105,-
"면부","계","합계",636792,453936,182856,10389,26833,4596,5060,6554,156224,2789,7909,-
"면부","계","5~19세",3525,3476,49,8,4,2,-,-,18,15,10,-
"면부","계","20~24세",16010,15900,110,5,4,9,-,3,58,14,30,-
"면부","계","25~29세",13913,13768,145,6,19,10,-,-,79,15,29,-
"면부","계","30~34세",15165,14828,337,25,32,52,1,-,155,43,86,-
"면부","계","35~39세",15443,14958,485,23,41,45,2,11,244,57,146,-
"면부","계","40~44세",20369,19534,835,43,69,77,1,16,399,140,234,-
"면부","계","45~49세",27635,25787,1848,98,138,162,5,104,966,215,480,-
"면부","계","50~54세",40459,37268,3191,213,229,266,5,185,1740,336,761,-
"면부","계","55~59세",52340,47035,5305,368,433,376,22,294,3370,431,899,-
"면부","계","60~64세",50959,43804,7155,400,544,381,56,460,5285,334,691,-
"면부","계","65~69세",59410,46618,12792,743,1002,465,98,724,10488,323,672,-
"면부","계","70~74세",81608,54938,26670,1428,2198,531,399,1065,23477,220,740,-
"면부","계","75세 이상",239956,116022,123934,7029,22120,2220,4471,3692,109945,646,3131,-
"면부","남자","합계",211903,183071,28832,2132,4801,1556,533,1919,20127,1387,2788,-
"면부","남자","5~19세",1977,1939,38,8,4,2,-,-,15,13,4,-
"면부","남자","20~24세",9470,9399,71,3,4,9,-,-,33,10,22,-
"면부","남자","25~29세",9942,9838,104,6,15,8,-,-,57,8,12,-
"면부","남자","30~34세",11379,11118,261,17,28,43,1,-,112,37,60,-
"면부","남자","35~39세",11611,11214,397,20,25,31,2,6,208,31,118,-
"면부","남자","40~44세",14911,14283,628,34,43,60,1,14,305,117,164,-
"면부","남자","45~49세",18538,17246,1292,86,95,108,5,77,677,171,320,-
"면부","남자","50~54세",24402,22466,1936,145,150,159,4,135,988,231,471,-
"면부","남자","55~59세",27184,24435,2749,219,206,214,6,225,1611,272,469,-
"면부","남자","60~64세",21139,18359,2780,184,271,202,22,271,1793,181,340,-
"면부","남자","65~69세",17498,14606,2892,226,349,174,23,305,1975,154,249,-
"면부","남자","70~74세",14671,11226,3445,302,519,141,56,266,2574,84,184,-
"면부","남자","75세 이상",29181,16942,12239,882,3092,405,413,620,9779,78,375,-
"면부","여자","합계",424889,270865,154024,8257,22032,3040,4527,4635,136097,1402,5121,-
"면부","여자","5~19세",1548,1537,11,-,-,-,-,-,3,2,6,-
"면부","여자","20~24세",6540,6501,39,2,-,-,-,3,25,4,8,-
"면부","여자","25~29세",3971,3930,41,-,4,2,-,-,22,7,17,-
"면부","여자","30~34세",3786,3710,76,8,4,9,-,-,43,6,26,-
"면부","여자","35~39세",3832,3744,88,3,16,14,-,5,36,26,28,-
"면부","여자","40~44세",5458,5251,207,9,26,17,-,2,94,23,70,-
"면부","여자","45~49세",9097,8541,556,12,43,54,-,27,289,44,160,-
"면부","여자","50~54세",16057,14802,1255,68,79,107,1,50,752,105,290,-
"면부","여자","55~59세",25156,22600,2556,149,227,162,16,69,1759,159,430,-
"면부","여자","60~64세",29820,25445,4375,216,273,179,34,189,3492,153,351,-
"면부","여자","65~69세",41912,32012,9900,517,653,291,75,419,8513,169,423,-
"면부","여자","70~74세",66937,43712,23225,1126,1679,390,343,799,20903,136,556,-
"면부","여자","75세 이상",210775,99080,111695,6147,19028,1815,4058,3072,100166,568,2756,-
"서울특별시","계","합계",1114964,1002222,112742,9310,13696,3519,3646,6465,88819,1988,9651,-
"서울특별시","계","5~19세",12612,12432,180,19,-,8,-,-,119,-,49,-
"서울특별시","계","20~24세",93906,93136,770,76,52,25,-,15,355,31,259,-
"서울특별시","계","25~29세",157730,156258,1472,228,200,75,-,23,724,83,378,-
"서울특별시","계","30~34세",144964,142769,2195,285,220,81,33,67,1241,76,508,-
"서울특별시","계","35~39세",100013,97874,2139,332,233,171,40,50,1278,111,428,-
"서울특별시","계","40~44세",88614,85192,3422,456,274,223,41,158,1957,250,740,-
"서울특별시","계","45~49세",75893,71602,4291,473,260,291,38,194,2713,256,911,-
"서울특별시","계","50~54세",72223,65858,6365,566,374,310,69,594,4274,197,1176,-
"서울특별시","계","55~59세",77869,69689,8180,624,535,329,68,608,5864,302,1309,-
"서울특별시","계","60~64세",66776,57636,9140,622,643,267,174,779,6971,220,964,-
"서울특별시","계","65~69세",65104,51935,13169,964,1188,289,204,804,10688,193,759,-
"서울특별시","계","70~74세",60875,44042,16833,1212,1619,298,359,982,14550,86,617,-
"서울특별시","계","75세 이상",98385,53799,44586,3453,8098,1152,2620,2191,38085,183,1553,-
"서울특별시","남자","합계",511647,476501,35146,3774,4774,1650,818,2982,23435,1114,4353,-
"서울특별시","남자","5~19세",5773,5653,120,6,-,-,-,-,94,-,35,-
"서울특별시","남자","20~24세",36840,36399,441,43,24,25,-,15,240,18,119,-
"서울특별시","남자","25~29세",78727,77850,877,143,134,39,-,10,409,38,155,-
"서울특별시","남자","30~34세",81357,79814,1543,174,148,70,24,59,938,71,312,-
"서울특별시","남자","35~39세",56290,54820,1470,229,174,116,34,37,915,61,292,-
"서울특별시","남자","40~44세",51234,48873,2361,310,229,166,28,116,1369,169,453,-
"서울특별시","남자","45~49세",44115,41352,2763,322,164,212,22,187,1739,164,528,-
"서울특별시","남자","50~54세",39105,35409,3696,371,230,216,40,437,2405,119,623,-
"서울특별시","남자","55~59세",36365,32247,4118,349,250,219,31,447,2769,174,704,-
"서울특별시","남자","60~64세",25523,22174,3349,363,328,115,57,448,2225,106,395,-
"서울특별시","남자","65~69세",20943,17112,3831,376,529,122,57,380,2603,79,247,-
"서울특별시","남자","70~74세",16464,12775,3689,344,626,87,115,350,2726,52,190,-
"서울특별시","남자","75세 이상",18911,12023,6888,744,1938,263,410,496,5003,63,300,-
"서울특별시","여자","합계",603317,525721,77596,5536,8922,1869,2828,3483,65384,874,5298,-
"서울특별시","여자","5~19세",6839,6779,60,13,-,8,-,-,25,-,14,-
"서울특별시","여자","20~24세",57066,56737,329,33,28,-,-,-,115,13,140,-
"서울특별시","여자","25~29세",79003,78408,595,85,66,36,-,13,315,45,223,-
"서울특별시","여자","30~34세",63607,62955,652,111,72,11,9,8,303,5,196,-
"서울특별시","여자","35~39세",43723,43054,669,103,59,55,6,13,363,50,136,-
"서울특별시","여자","40~44세",37380,36319,1061,146,45,57,13,42,588,81,287,-
"서울특별시","여자","45~49세",31778,30250,1528,151,96,79,16,7,974,92,383,-
"서울특별시","여자","50~54세",33118,30449,2669,195,144,94,29,157,1869,78,553,-
"서울특별시","여자","55~59세",41504,37442,4062,275,285,110,37,161,3095,128,605,-
"서울특별시","여자","60~64세",41253,35462,5791,259,315,152,117,331,4746,114,569,-
"서울특별시","여자","65~69세",44161,34823,9338,588,659,167,147,424,8085,114,512,-
"서울특별시","여자","70~74세",44411,31267,13144,868,993,211,244,632,11824,34,427,-
"서울특별시","여자","75세 이상",79474,41776,37698,2709,6160,889,2210,1695,33082,120,1253,-
"부산광역시","계","합계",361547,298547,63000,4463,6637,1934,1550,3013,52011,1051,4836,-
"부산광역시","계","5~19세",5114,5018,96,14,6,6,-,-,40,12,24,-
"부산광역시","계","20~24세",27750,27541,209,37,16,14,-,-,105,6,62,-
"부산광역시","계","25~29세",25962,25659,303,20,25,16,-,6,155,29,82,-
"부산광역시","계","30~34세",22825,22466,359,30,15,51,6,9,182,72,80,-
"부산광역시","계","35~39세",19916,19245,671,73,55,103,19,21,364,136,141,-
"부산광역시","계","40~44세",22422,21305,1117,88,59,123,16,11,649,79,277,-
"부산광역시","계","45~49세",24580,22744,1836,182,104,175,18,80,1104,103,438,-
"부산광역시","계","50~54세",28886,25641,3245,245,160,161,7,211,2153,143,714,-
"부산광역시","계","55~59세",36568,31442,5126,379,300,142,26,357,3768,152,790,-
"부산광역시","계","60~64세",35230,29070,6160,381,386,215,43,455,4978,88,659,-
"부산광역시","계","65~69세",32096,24090,8006,516,547,199,77,433,6864,74,422,-
"부산광역시","계","70~74세",29984,20032,9952,766,919,212,160,387,8794,57,298,-
"부산광역시","계","75세 이상",50214,24294,25920,1732,4045,517,1178,1043,22855,100,849,-
"부산광역시","남자","합계",149952,131976,17976,1536,2133,947,253,1398,12684,647,2195,-
"부산광역시","남자","5~19세",2509,2433,76,14,6,6,-,-,32,12,12,-
"부산광역시","남자","20~24세",12317,12171,146,25,16,14,-,-,82,6,34,-
"부산광역시","남자","25~29세",13851,13679,172,16,21,4,-,-,84,17,54,-
"부산광역시","남자","30~34세",12816,12565,251,23,7,40,6,9,127,46,42,-
"부산광역시","남자","35~39세",11710,11241,469,40,41,73,11,21,261,68,99,-
"부산광역시","남자","40~44세",13085,12294,791,66,42,99,16,11,441,76,190,-
"부산광역시","남자","45~49세",13977,12733,1244,118,83,118,12,59,741,82,251,-
"부산광역시","남자","50~54세",14876,13000,1876,141,117,90,7,147,1168,91,468,-
"부산광역시","남자","55~59세",15984,13417,2567,243,145,95,15,247,1775,108,397,-
"부산광역시","남자","60~64세",12925,10502,2423,181,190,128,24,263,1829,37,279,-
"부산광역시","남자","65~69세",9478,7414,2064,207,222,100,13,177,1522,53,152,-
"부산광역시","남자","70~74세",7360,5361,1999,178,300,64,8,137,1598,23,63,-
"부산광역시","남자","75세 이상",9064,5166,3898,284,943,116,141,327,3024,28,154,-
"부산광역시","여자","합계",211595,166571,45024,2927,4504,987,1297,1615,39327,404,2641,-
"부산광역시","여자","5~19세",2605,2585,20,-,-,-,-,-,8,-,12,-
"부산광역시","여자","20~24세",15433,15370,63,12,-,-,-,-,23,-,28,-
"부산광역시","여자","25~29세",12111,11980,131,4,4,12,-,6,71,12,28,-
"부산광역시","여자","30~34세",10009,9901,108,7,8,11,-,-,55,26,38,-
"부산광역시","여자","35~39세",8206,8004,202,33,14,30,8,-,103,68,42,-
"부산광역시","여자","40~44세",9337,9011,326,22,17,24,-,-,208,3,87,-
"부산광역시","여자","45~49세",10603,10011,592,64,21,57,6,21,363,21,187,-
"부산광역시","여자","50~54세",14010,12641,1369,104,43,71,-,64,985,52,246,-
"부산광역시","여자","55~59세",20584,18025,2559,136,155,47,11,110,1993,44,393,-
"부산광역시","여자","60~64세",22305,18568,3737,200,196,87,19,192,3149,51,380,-
"부산광역시","여자","65~69세",22618,16676,5942,309,325,99,64,256,5342,21,270,-
"부산광역시","여자","70~74세",22624,14671,7953,588,619,148,152,250,7196,34,235,-
"부산광역시","여자","75세 이상",41150,19128,22022,1448,3102,401,1037,716,19831,72,695,-
"대구광역시","계","합계",240352,197782,42570,2969,5018,1273,1167,2629,34566,825,3676,-
"대구광역시","계","5~19세",3110,3090,20,-,-,-,-,-,5,4,11,-
"대구광역시","계","20~24세",16922,16788,134,32,3,12,-,3,72,6,26,-
"대구광역시","계","25~29세",16775,16594,181,9,43,6,-,6,64,23,48,-
"대구광역시","계","30~34세",16840,16443,397,28,16,42,-,10,219,39,83,-
"대구광역시","계","35~39세",15089,14479,610,51,46,81,-,21,346,76,163,-
"대구광역시","계","40~44세",17342,16552,790,82,66,60,-,33,395,50,262,-
"대구광역시","계","45~49세",18888,17526,1362,110,93,95,18,85,785,95,413,-
"대구광역시","계","50~54세",20850,18316,2534,220,155,138,6,195,1686,88,527,-
"대구광역시","계","55~59세",22847,19410,3437,239,283,122,28,250,2505,121,543,-
"대구광역시","계","60~64세",20481,16403,4078,234,223,66,42,379,3241,76,389,-
"대구광역시","계","65~69세",18699,13928,4771,329,326,122,33,315,4086,37,305,-
"대구광역시","계","70~74세",19526,12505,7021,482,729,131,159,466,6072,97,278,-
"대구광역시","계","75세 이상",32983,15748,17235,1153,3035,398,881,866,15090,113,628,-
"대구광역시","남자","합계",101897,90292,11605,953,1344,605,167,1124,8145,426,1590,-
"대구광역시","남자","5~19세",1373,1353,20,-,-,-,-,-,5,4,11,-
"대구광역시","남자","20~24세",7615,7528,87,19,3,7,-,-,46,6,26,-
"대구광역시","남자","25~29세",9872,9767,105,9,29,-,-,-,43,10,19,-
"대구광역시","남자","30~34세",10255,9992,263,10,3,15,-,10,166,25,52,-
"대구광역시","남자","35~39세",9108,8684,424,34,38,53,-,15,283,53,74,-
"대구광역시","남자","40~44세",10237,9734,503,57,42,41,-,14,264,28,144,-
"대구광역시","남자","45~49세",11006,10093,913,94,84,77,11,65,525,68,235,-
"대구광역시","남자","50~54세",10462,9136,1326,143,46,69,-,127,880,51,308,-
"대구광역시","남자","55~59세",9692,8122,1570,132,95,60,11,169,1045,84,287,-
"대구광역시","남자","60~64세",7361,5918,1443,87,105,33,13,152,1096,25,116,-
"대구광역시","남자","65~69세",5124,3861,1263,120,106,73,12,175,933,20,154,-
"대구광역시","남자","70~74세",4389,3222,1167,74,231,80,11,157,876,28,51,-
"대구광역시","남자","75세 이상",5403,2882,2521,174,562,97,109,240,1983,24,113,-
"대구광역시","여자","합계",138455,107490,30965,2016,3674,668,1000,1505,26421,399,2086,-
"대구광역시","여자","5~19세",1737,1737,,-,-,-,-,-,-,-,-,-
"대구광역시","여자","20~24세",9307,9260,47,13,-,5,-,3,26,-,-,-
"대구광역시","여자","25~29세",6903,6827,76,-,14,6,-,6,21,13,29,-
"대구광역시","여자","30~34세",6585,6451,134,18,13,27,-,-,53,14,31,-
"대구광역시","여자","35~39세",5981,5795,186,17,8,28,-,6,63,23,89,-
"대구광역시","여자","40~44세",7105,6818,287,25,24,19,-,19,131,22,118,-
"대구광역시","여자","45~49세",7882,7433,449,16,9,18,7,20,260,27,178,-
"대구광역시","여자","50~54세",10388,9180,1208,77,109,69,6,68,806,37,219,-
"대구광역시","여자","55~59세",13155,11288,1867,107,188,62,17,81,1460,37,256,-
"대구광역시","여자","60~64세",13120,10485,2635,147,118,33,29,227,2145,51,273,-
"대구광역시","여자","65~69세",13575,10067,3508,209,220,49,21,140,3153,17,151,-
"대구광역시","여자","70~74세",15137,9283,5854,408,498,51,148,309,5196,69,227,-
"대구광역시","여자","75세 이상",27580,12866,14714,979,2473,301,772,626,13107,89,515,-
"인천광역시","계","합계",243261,209498,33763,2399,3855,1096,1056,2058,26926,661,2652,-
"인천광역시","계","5~19세",1944,1933,11,-,-,-,-,-,4,-,7,-
"인천광역시","계","20~24세",11675,11557,118,9,-,6,-,5,52,19,33,-
"인천광역시","계","25~29세",17905,17654,251,24,34,9,-,-,110,42,65,-
"인천광역시","계","30~34세",21658,21232,426,35,47,60,11,9,229,62,58,-
"인천광역시","계","35~39세",20266,19679,587,55,29,33,5,4,407,39,107,-
"인천광역시","계","40~44세",21391,20302,1089,122,95,59,13,61,676,11,202,-
"인천광역시","계","45~49세",21275,19979,1296,124,70,64,7,89,856,103,269,-
"인천광역시","계","50~54세",23813,21619,2194,187,139,101,24,167,1573,68,358,-
"인천광역시","계","55~59세",24659,21861,2798,197,244,108,22,189,1991,103,442,-
"인천광역시","계","60~64세",18318,15500,2818,182,236,116,50,257,2172,68,293,-
"인천광역시","계","65~69세",16498,12729,3769,252,273,58,87,279,3013,48,257,-
"인천광역시","계","70~74세",15592,10805,4787,288,446,136,117,297,4087,37,208,-
"인천광역시","계","75세 이상",28267,14648,13619,924,2242,346,720,701,11756,61,353,-
"인천광역시","남자","합계",118296,107654,10642,1048,1364,554,203,928,7355,366,1280,-
"인천광역시","남자","5~19세",936,929,7,-,-,-,-,-,-,-,7,-
"인천광역시","남자","20~24세",5657,5583,74,4,-,6,-,-,35,19,16,-
"인천광역시","남자","25~29세",10378,10222,156,19,22,4,-,-,62,30,42,-
"인천광역시","남자","30~34세",13574,13280,294,31,25,36,-,9,167,50,40,-
"인천광역시","남자","35~39세",12831,12445,386,47,24,28,5,4,254,22,69,-
"인천광역시","남자","40~44세",13889,13200,689,92,41,52,6,52,447,4,100,-
"인천광역시","남자","45~49세",12892,12122,770,97,56,35,7,59,481,60,148,-
"인천광역시","남자","50~54세",13938,12681,1257,144,94,65,18,106,878,53,208,-
"인천광역시","남자","55~59세",12143,10697,1446,101,161,60,7,132,957,51,234,-
"인천광역시","남자","60~64세",7776,6485,1291,103,113,66,22,169,930,39,161,-
"인천광역시","남자","65~69세",5338,4167,1171,98,122,29,42,179,861,21,99,-
"인천광역시","남자","70~74세",3970,2877,1093,104,187,50,23,66,767,17,82,-
"인천광역시","남자","75세 이상",4974,2966,2008,208,519,123,73,152,1516,-,74,-
"인천광역시","여자","합계",124965,101844,23121,1351,2491,542,853,1130,19571,295,1372,-
"인천광역시","여자","5~19세",1008,1004,4,-,-,-,-,-,4,-,-,-
"인천광역시","여자","20~24세",6018,5974,44,5,-,-,-,5,17,-,17,-
"인천광역시","여자","25~29세",7527,7432,95,5,12,5,-,-,48,12,23,-
"인천광역시","여자","30~34세",8084,7952,132,4,22,24,11,-,62,12,18,-
"인천광역시","여자","35~39세",7435,7234,201,8,5,5,-,-,153,17,38,-
"인천광역시","여자","40~44세",7502,7102,400,30,54,7,7,9,229,7,102,-
"인천광역시","여자","45~49세",8383,7857,526,27,14,29,-,30,375,43,121,-
"인천광역시","여자","50~54세",9875,8938,937,43,45,36,6,61,695,15,150,-
"인천광역시","여자","55~59세",12516,11164,1352,96,83,48,15,57,1034,52,208,-
"인천광역시","여자","60~64세",10542,9015,1527,79,123,50,28,88,1242,29,132,-
"인천광역시","여자","65~69세",11160,8562,2598,154,151,29,45,100,2152,27,158,-
"인천광역시","여자","70~74세",11622,7928,3694,184,259,86,94,231,3320,20,126,-
"인천광역시","여자","75세 이상",23293,11682,11611,716,1723,223,647,549,10240,61,279,-
"광주광역시","계","합계",163354,139388,23966,1308,2538,822,526,1118,19255,590,2241,-
"광주광역시","계","5~19세",2378,2363,15,2,-,-,-,-,3,1,14,-
"광주광역시","계","20~24세",14039,13920,119,1,-,-,-,-,70,35,25,-
"광주광역시","계","25~29세",15545,15390,155,26,-,23,-,-,97,29,58,-
"광주광역시","계","30~34세",15143,14825,318,9,11,17,7,14,170,41,83,-
"광주광역시","계","35~39세",13306,12857,449,60,17,46,-,25,229,95,105,-
"광주광역시","계","40~44세",12053,11450,603,86,58,53,-,6,288,47,138,-
"광주광역시","계","45~49세",12152,11163,989,35,97,74,-,46,602,64,244,-
"광주광역시","계","50~54세",13018,11625,1393,73,74,86,-,84,813,81,351,-
"광주광역시","계","55~59세",13610,11523,2087,133,155,142,10,152,1445,80,362,-
"광주광역시","계","60~64세",10634,8817,1817,109,84,54,25,140,1448,50,264,-
"광주광역시","계","65~69세",10774,8385,2389,91,203,39,19,127,2010,27,124,-
"광주광역시","계","70~74세",10329,7067,3262,192,266,65,48,200,2877,12,150,-
"광주광역시","계","75세 이상",20373,10003,10370,491,1573,223,417,324,9203,28,323,-
"광주광역시","남자","합계",75168,67926,7242,539,873,428,81,540,4734,374,1154,-
"광주광역시","남자","5~19세",1164,1149,15,2,-,-,-,-,3,1,14,-
"광주광역시","남자","20~24세",6304,6238,66,1,-,-,-,-,39,7,19,-
"광주광역시","남자","25~29세",8775,8701,74,17,-,15,-,-,42,21,32,-
"광주광역시","남자","30~34세",9190,8959,231,9,11,12,7,14,135,30,42,-
"광주광역시","남자","35~39세",8573,8277,296,51,11,26,-,16,148,61,68,-
"광주광역시","남자","40~44세",7786,7348,438,64,49,31,-,6,199,29,92,-
"광주광역시","남자","45~49세",7270,6567,703,30,62,63,-,37,411,47,147,-
"광주광역시","남자","50~54세",6829,5999,830,50,40,66,-,54,444,59,217,-
"광주광역시","남자","55~59세",6253,5126,1127,73,116,101,10,104,738,49,210,-
"광주광역시","남자","60~64세",4037,3295,742,58,30,28,3,69,536,41,140,-
"광주광역시","남자","65~69세",3035,2385,650,37,106,12,-,54,430,24,58,-
"광주광역시","남자","70~74세",2581,1963,618,56,94,32,4,83,480,2,38,-
"광주광역시","남자","75세 이상",3371,1919,1452,91,354,42,57,103,1129,3,77,-
"광주광역시","여자","합계",88186,71462,16724,769,1665,394,445,578,14521,216,1087,-
"광주광역시","여자","5~19세",1214,1214,,-,-,-,-,-,-,-,-,-
"광주광역시","여자","20~24세",7735,7682,53,-,-,-,-,-,31,28,6,-
"광주광역시","여자","25~29세",6770,6689,81,9,-,8,-,-,55,8,26,-
"광주광역시","여자","30~34세",5953,5866,87,-,-,5,-,-,35,11,41,-
"광주광역시","여자","35~39세",4733,4580,153,9,6,20,-,9,81,34,37,-
"광주광역시","여자","40~44세",4267,4102,165,22,9,22,-,-,89,18,46,-
"광주광역시","여자","45~49세",4882,4596,286,5,35,11,-,9,191,17,97,-
"광주광역시","여자","50~54세",6189,5626,563,23,34,20,-,30,369,22,134,-
"광주광역시","여자","55~59세",7357,6397,960,60,39,41,-,48,707,31,152,-
"광주광역시","여자","60~64세",6597,5522,1075,51,54,26,22,71,912,9,124,-
"광주광역시","여자","65~69세",7739,6000,1739,54,97,27,19,73,1580,3,66,-
"광주광역시","여자","70~74세",7748,5104,2644,136,172,33,44,117,2397,10,112,-
"광주광역시","여자","75세 이상",17002,8084,8918,400,1219,181,360,221,8074,25,246,-
"대전광역시","계","합계",169024,149644,19380,1434,2222,551,478,1243,15457,440,1648,-
"대전광역시","계","5~19세",4909,4836,73,6,14,-,-,-,39,-,20,-
"대전광역시","계","20~24세",25297,25147,150,10,18,-,-,-,76,14,41,-
"대전광역시","계","25~29세",19117,18954,163,24,20,10,-,-,103,2,31,-
"대전광역시","계","30~34세",14470,14195,275,21,39,24,-,6,158,26,43,-
"대전광역시","계","35~39세",10861,10528,333,43,12,16,-,6,162,22,103,-
"대전광역시","계","40~44세",11806,11308,498,61,34,27,-,16,302,31,121,-
"대전광역시","계","45~49세",11156,10437,719,78,36,26,-,27,432,45,164,-
"대전광역시","계","50~54세",12738,11647,1091,93,37,63,21,80,702,104,227,-
"대전광역시","계","55~59세",13760,12079,1681,120,151,70,5,124,1214,61,227,-
"대전광역시","계","60~64세",10995,9093,1902,107,99,50,10,165,1562,52,163,-
"대전광역시","계","65~69세",9946,7668,2278,172,221,69,45,179,1800,17,157,-
"대전광역시","계","70~74세",8451,5845,2606,161,253,39,34,161,2241,19,115,-
"대전광역시","계","75세 이상",15518,7907,7611,538,1288,157,363,479,6666,47,236,-
"대전광역시","남자","합계",81011,74933,6078,627,760,243,96,487,4122,240,797,-
"대전광역시","남자","5~19세",2545,2512,33,-,-,-,-,-,33,-,-,-
"대전광역시","남자","20~24세",12007,11904,103,10,13,-,-,-,44,5,31,-
"대전광역시","남자","25~29세",11156,11033,123,15,20,-,-,-,78,-,13,-
"대전광역시","남자","30~34세",8744,8554,190,8,25,24,-,-,116,19,28,-
"대전광역시","남자","35~39세",6667,6461,206,34,9,11,-,6,86,16,55,-
"대전광역시","남자","40~44세",7136,6789,347,49,19,15,-,16,204,25,73,-
"대전광역시","남자","45~49세",6558,6121,437,57,24,19,-,27,257,16,110,-
"대전광역시","남자","50~54세",6685,6102,583,76,20,44,15,43,372,54,125,-
"대전광역시","남자","55~59세",6603,5728,875,86,95,47,5,74,552,39,123,-
"대전광역시","남자","60~64세",4219,3481,738,58,56,11,4,81,566,28,73,-
"대전광역시","남자","65~69세",3269,2595,674,79,87,40,21,83,479,5,81,-
"대전광역시","남자","70~74세",2197,1683,514,50,87,16,5,46,365,8,40,-
"대전광역시","남자","75세 이상",3225,1970,1255,105,305,16,46,111,970,25,45,-
"대전광역시","여자","합계",88013,74711,13302,807,1462,308,382,756,11335,200,851,-
"대전광역시","여자","5~19세",2364,2324,40,6,14,-,-,-,6,-,20,-
"대전광역시","여자","20~24세",13290,13243,47,-,5,-,-,-,32,9,10,-
"대전광역시","여자","25~29세",7961,7921,40,9,-,10,-,-,25,2,18,-
"대전광역시","여자","30~34세",5726,5641,85,13,14,-,-,6,42,7,15,-
"대전광역시","여자","35~39세",4194,4067,127,9,3,5,-,-,76,6,48,-
"대전광역시","여자","40~44세",4670,4519,151,12,15,12,-,-,98,6,48,-
"대전광역시","여자","45~49세",4598,4316,282,21,12,7,-,-,175,29,54,-
"대전광역시","여자","50~54세",6053,5545,508,17,17,19,6,37,330,50,102,-
"대전광역시","여자","55~59세",7157,6351,806,34,56,23,-,50,662,22,104,-
"대전광역시","여자","60~64세",6776,5612,1164,49,43,39,6,84,996,24,90,-
"대전광역시","여자","65~69세",6677,5073,1604,93,134,29,24,96,1321,12,76,-
"대전광역시","여자","70~74세",6254,4162,2092,111,166,23,29,115,1876,11,75,-
"대전광역시","여자","75세 이상",12293,5937,6356,433,983,141,317,368,5696,22,191,-
"울산광역시","계","합계",103675,91759,11916,820,1350,330,296,666,9712,167,887,-
"울산광역시","계","5~19세",496,496,,-,-,-,-,-,-,-,-,-
"울산광역시","계","20~24세",4452,4435,17,-,-,-,-,-,13,-,4,-
"울산광역시","계","25~29세",8525,8472,53,-,15,6,-,-,23,-,15,-
"울산광역시","계","30~34세",10272,10142,130,15,8,12,-,-,77,8,30,-
"울산광역시","계","35~39세",8790,8561,229,6,40,11,-,10,125,15,63,-
"울산광역시","계","40~44세",9347,9142,205,33,22,7,-,11,125,13,20,-
"울산광역시","계","45~49세",9636,9187,449,35,25,44,5,26,288,15,137,-
"울산광역시","계","50~54세",10063,9555,508,103,17,4,-,24,331,18,66,-
"울산광역시","계","55~59세",10571,9805,766,85,73,23,5,51,497,28,92,-
"울산광역시","계","60~64세",8985,7820,1165,69,56,80,22,87,918,6,115,-
"울산광역시","계","65~69세",6666,5175,1491,84,125,48,-,144,1215,24,58,-
"울산광역시","계","70~74세",5984,4223,1761,136,173,30,24,101,1532,17,66,-
"울산광역시","계","75세 이상",9888,4746,5142,254,796,65,240,212,4568,23,221,-
"울산광역시","남자","합계",53661,50526,3135,306,437,164,52,273,2089,104,363,-
"울산광역시","남자","5~19세",234,234,,-,-,-,-,-,-,-,-,-
"울산광역시","남자","20~24세",2408,2397,11,-,-,-,-,-,7,-,4,-
"울산광역시","남자","25~29세",5889,5856,33,-,15,6,-,-,13,-,5,-
"울산광역시","남자","30~34세",7516,7436,80,15,8,12,-,-,52,8,5,-
"울산광역시","남자","35~39세",6282,6116,166,6,18,6,-,10,107,10,27,-
"울산광역시","남자","40~44세",6388,6254,134,25,14,-,-,11,69,6,20,-
"울산광역시","남자","45~49세",5690,5447,243,24,20,26,-,8,161,15,58,-
"울산광역시","남자","50~54세",5599,5299,300,59,14,4,-,24,184,11,45,-
"울산광역시","남자","55~59세",5024,4682,342,42,32,23,5,33,173,20,75,-
"울산광역시","남자","60~64세",3472,3112,360,22,24,38,6,52,262,-,56,-
"울산광역시","남자","65~69세",2168,1662,506,42,67,31,-,65,346,10,32,-
"울산광역시","남자","70~74세",1384,1091,293,42,84,-,-,8,229,11,1,-
"울산광역시","남자","75세 이상",1607,940,667,29,141,18,41,62,486,13,35,-
"울산광역시","여자","합계",50014,41233,8781,514,913,166,244,393,7623,63,524,-
"울산광역시","여자","5~19세",262,262,,-,-,-,-,-,-,-,-,-
"울산광역시","여자","20~24세",2044,2038,6,-,-,-,-,-,6,-,-,-
"울산광역시","여자","25~29세",2636,2616,20,-,-,-,-,-,10,-,10,-
"울산광역시","여자","30~34세",2756,2706,50,-,-,-,-,-,25,-,25,-
"울산광역시","여자","35~39세",2508,2445,63,-,22,5,-,-,18,5,36,-
"울산광역시","여자","40~44세",2959,2888,71,8,8,7,-,-,56,7,-,-
"울산광역시","여자","45~49세",3946,3740,206,11,5,18,5,18,127,-,79,-
"울산광역시","여자","50~54세",4464,4256,208,44,3,-,-,-,147,7,21,-
"울산광역시","여자","55~59세",5547,5123,424,43,41,-,-,18,324,8,17,-
"울산광역시","여자","60~64세",5513,4708,805,47,32,42,16,35,656,6,59,-
"울산광역시","여자","65~69세",4498,3513,985,42,58,17,-,79,869,14,26,-
"울산광역시","여자","70~74세",4600,3132,1468,94,89,30,24,93,1303,6,65,-
"울산광역시","여자","75세 이상",8281,3806,4475,225,655,47,199,150,4082,10,186,-
"세종특별자치시","계","합계",21909,19479,2430,142,263,63,21,50,2083,50,122,-
"세종특별자치시","계","5~19세",807,798,9,-,-,5,-,-,9,5,-,-
"세종특별자치시","계","20~24세",3810,3786,24,-,8,-,-,-,12,4,4,-
"세종특별자치시","계","25~29세",2495,2487,8,-,3,-,-,-,5,-,-,-
"세종특별자치시","계","30~34세",1749,1713,36,-,-,-,-,-,30,-,6,-
"세종특별자치시","계","35~39세",1489,1463,26,-,-,-,-,-,18,3,5,-
"세종특별자치시","계","40~44세",1476,1434,42,-,1,4,-,-,11,8,18,-
"세종특별자치시","계","45~49세",1647,1584,63,7,11,7,-,-,43,2,13,-
"세종특별자치시","계","50~54세",1559,1474,85,3,8,2,-,-,64,2,11,-
"세종특별자치시","계","55~59세",1574,1473,101,2,9,2,-,4,73,3,13,-
"세종특별자치시","계","60~64세",1044,902,142,13,15,4,-,13,97,8,4,-
"세종특별자치시","계","65~69세",792,606,186,1,9,10,-,-,162,7,32,-
"세종특별자치시","계","70~74세",882,516,366,19,7,6,2,19,341,-,4,-
"세종특별자치시","계","75세 이상",2585,1243,1342,97,192,23,19,14,1218,8,12,-
"세종특별자치시","남자","합계",10513,9952,561,29,96,24,2,24,402,27,65,-
"세종특별자치시","남자","5~19세",417,413,4,-,-,-,-,-,4,-,-,-
"세종특별자치시","남자","20~24세",2068,2044,24,-,8,-,-,-,12,4,4,-
"세종특별자치시","남자","25~29세",1506,1499,7,-,3,-,-,-,4,-,-,-
"세종특별자치시","남자","30~34세",970,946,24,-,-,-,-,-,24,-,-,-
"세종특별자치시","남자","35~39세",839,814,25,-,-,-,-,-,18,3,4,-
"세종특별자치시","남자","40~44세",888,852,36,-,1,4,-,-,5,8,18,-
"세종특별자치시","남자","45~49세",896,870,26,7,11,7,-,-,14,-,7,-
"세종특별자치시","남자","50~54세",874,841,33,-,3,2,-,-,22,2,6,-
"세종특별자치시","남자","55~59세",800,750,50,2,9,2,-,4,27,3,8,-
"세종특별자치시","남자","60~64세",437,394,43,7,14,-,-,4,20,4,4,-
"세종특별자치시","남자","65~69세",270,214,56,-,4,-,-,-,52,3,10,-
"세종특별자치시","남자","70~74세",200,109,91,-,-,4,-,14,81,-,4,-
"세종특별자치시","남자","75세 이상",348,206,142,13,43,5,2,2,119,-,-,-
"세종특별자치시","여자","합계",11396,9527,1869,113,167,39,19,26,1681,23,57,-
"세종특별자치시","여자","5~19세",390,385,5,-,-,5,-,-,5,5,-,-
"세종특별자치시","여자","20~24세",1742,1742,,-,-,-,-,-,-,-,-,-
"세종특별자치시","여자","25~29세",989,988,1,-,-,-,-,-,1,-,-,-
"세종특별자치시","여자","30~34세",779,767,12,-,-,-,-,-,6,-,6,-
"세종특별자치시","여자","35~39세",650,649,1,-,-,-,-,-,-,-,1,-
"세종특별자치시","여자","40~44세",588,582,6,-,-,-,-,-,6,-,-,-
"세종특별자치시","여자","45~49세",751,714,37,-,-,-,-,-,29,2,6,-
"세종특별자치시","여자","50~54세",685,633,52,3,5,-,-,-,42,-,5,-
"세종특별자치시","여자","55~59세",774,723,51,-,-,-,-,-,46,-,5,-
"세종특별자치시","여자","60~64세",607,508,99,6,1,4,-,9,77,4,-,-
"세종특별자치시","여자","65~69세",522,392,130,1,5,10,-,-,110,4,22,-
"세종특별자치시","여자","70~74세",682,407,275,19,7,2,2,5,260,-,-,-
"세종특별자치시","여자","75세 이상",2237,1037,1200,84,149,18,17,12,1099,8,12,-
"경기도","계","합계",1028089,899395,128694,9927,16123,4304,3895,7327,103630,2504,8717,-
"경기도","계","5~19세",7273,7182,91,26,9,13,-,-,38,20,18,-
"경기도","계","20~24세",49649,49024,625,49,108,51,-,11,277,13,204,-
"경기도","계","25~29세",89528,88488,1040,124,76,89,-,18,563,107,232,-
"경기도","계","30~34세",102404,100624,1780,209,202,186,8,26,984,151,403,-
"경기도","계","35~39세",90096,87972,2124,330,182,120,18,78,1281,143,421,-
"경기도","계","40~44세",95657,92472,3185,384,287,171,17,91,1961,249,536,-
"경기도","계","45~49세",92063,87613,4450,418,370,274,37,292,2829,240,810,-
"경기도","계","50~54세",91182,84301,6881,576,522,411,45,478,4564,370,1116,-
"경기도","계","55~59세",93524,84268,9256,842,741,461,93,789,6541,294,1246,-
"경기도","계","60~64세",70112,60417,9695,714,620,367,107,719,7784,311,750,-
"경기도","계","65~69세",64396,51192,13204,1100,996,306,177,844,10905,165,655,-
"경기도","계","70~74세",63922,44104,19818,1280,1763,425,444,1146,17035,95,636,-
"경기도","계","75세 이상",118283,61738,56545,3875,10247,1430,2949,2835,48868,346,1690,-
"경기도","남자","합계",506853,469786,37067,3872,5122,2115,703,3233,25133,1380,3952,-
"경기도","남자","5~19세",3570,3494,76,24,9,13,-,-,35,20,8,-
"경기도","남자","20~24세",23394,23011,383,46,36,38,-,8,176,8,142,-
"경기도","남자","25~29세",53755,53074,681,88,27,60,-,16,379,78,131,-
"경기도","남자","30~34세",67235,65991,1244,157,148,128,-,18,676,69,277,-
"경기도","남자","35~39세",58608,57131,1477,258,128,72,18,53,891,87,271,-
"경기도","남자","40~44세",61307,59064,2243,280,213,154,7,78,1339,194,369,-
"경기도","남자","45~49세",55948,52926,3022,343,275,191,20,229,1878,179,448,-
"경기도","남자","50~54세",51031,47111,3920,382,367,282,26,361,2467,260,569,-
"경기도","남자","55~59세",45213,40593,4620,540,439,296,58,529,3040,197,617,-
"경기도","남자","60~64세",28154,24395,3759,350,323,215,50,420,2695,135,381,-
"경기도","남자","65~69세",20884,17405,3479,354,395,114,51,462,2408,62,251,-
"경기도","남자","70~74세",15953,12198,3755,344,498,152,67,384,2856,29,197,-
"경기도","남자","75세 이상",21801,13393,8408,706,2264,400,406,675,6293,62,291,-
"경기도","여자","합계",521236,429609,91627,6055,11001,2189,3192,4094,78497,1124,4765,-
"경기도","여자","5~19세",3703,3688,15,2,-,-,-,-,3,-,10,-
"경기도","여자","20~24세",26255,26013,242,3,72,13,-,3,101,5,62,-
"경기도","여자","25~29세",35773,35414,359,36,49,29,-,2,184,29,101,-
"경기도","여자","30~34세",35169,34633,536,52,54,58,8,8,308,82,126,-
"경기도","여자","35~39세",31488,30841,647,72,54,48,-,25,390,56,150,-
"경기도","여자","40~44세",34350,33408,942,104,74,17,10,13,622,55,167,-
"경기도","여자","45~49세",36115,34687,1428,75,95,83,17,63,951,61,362,-
"경기도","여자","50~54세",40151,37190,2961,194,155,129,19,117,2097,110,547,-
"경기도","여자","55~59세",48311,43675,4636,302,302,165,35,260,3501,97,629,-
"경기도","여자","60~64세",41958,36022,5936,364,297,152,57,299,5089,176,369,-
"경기도","여자","65~69세",43512,33787,9725,746,601,192,126,382,8497,103,404,-
"경기도","여자","70~74세",47969,31906,16063,936,1265,273,377,762,14179,66,439,-
"경기도","여자","75세 이상",96482,48345,48137,3169,7983,1030,2543,2160,42575,284,1399,-
"강원도","계","합계",189651,153892,35759,2451,4862,989,1006,1672,29772,642,2122,-
"강원도","계","5~19세",2899,2875,24,4,-,-,-,-,11,9,-,-
"강원도","계","20~24세",16077,15987,90,10,-,5,-,-,53,7,19,-
"강원도","계","25~29세",11029,10943,86,21,7,6,-,3,61,6,5,-
"강원도","계","30~34세",9491,9327,164,18,19,12,-,-,86,18,29,-
"강원도","계","35~39세",8454,8236,218,24,10,21,-,13,137,10,48,-
"강원도","계","40~44세",9923,9463,460,62,29,31,-,23,288,29,94,-
"강원도","계","45~49세",12502,11695,807,86,59,55,1,31,431,67,229,-
"강원도","계","50~54세",16573,15174,1399,106,89,87,-,84,927,74,297,-
"강원도","계","55~59세",18567,16549,2018,159,155,81,9,135,1431,105,286,-
"강원도","계","60~64세",15657,13278,2379,186,146,98,14,174,1898,72,235,-
"강원도","계","65~69세",14444,10957,3487,187,249,119,36,258,2960,43,239,-
"강원도","계","70~74세",17514,11585,5929,398,535,110,104,281,5111,54,198,-
"강원도","계","75세 이상",36521,17823,18698,1190,3564,364,842,670,16378,148,443,-
"강원도","남자","합계",82512,74063,8449,749,1308,443,133,645,6040,329,824,-
"강원도","남자","5~19세",1849,1835,14,-,-,-,-,-,5,9,-,-
"강원도","남자","20~24세",9628,9558,70,8,-,5,-,-,50,-,11,-
"강원도","남자","25~29세",7018,6948,70,12,7,6,-,3,56,6,3,-
"강원도","남자","30~34세",5867,5729,138,12,19,10,-,-,75,18,22,-
"강원도","남자","35~39세",5220,5081,139,15,7,6,-,-,98,3,25,-
"강원도","남자","40~44세",6399,6088,311,47,20,28,-,14,184,23,62,-
"강원도","남자","45~49세",7464,6959,505,49,42,28,1,25,253,46,117,-
"강원도","남자","50~54세",8989,8161,828,79,79,69,-,67,513,47,154,-
"강원도","남자","55~59세",9068,8008,1060,95,83,48,6,107,700,69,152,-
"강원도","남자","60~64세",6436,5496,940,97,77,74,7,114,681,49,99,-
"강원도","남자","65~69세",4572,3733,839,60,108,54,17,93,628,22,52,-
"강원도","남자","70~74세",4105,2982,1123,90,168,43,26,97,865,21,39,-
"강원도","남자","75세 이상",5897,3485,2412,185,698,72,76,125,1932,16,88,-
"강원도","여자","합계",107139,79829,27310,1702,3554,546,873,1027,23732,313,1298,-
"강원도","여자","5~19세",1050,1040,10,4,-,-,-,-,6,-,-,-
"강원도","여자","20~24세",6449,6429,20,2,-,-,-,-,3,7,8,-
"강원도","여자","25~29세",4011,3995,16,9,-,-,-,-,5,-,2,-
"강원도","여자","30~34세",3624,3598,26,6,-,2,-,-,11,-,7,-
"강원도","여자","35~39세",3234,3155,79,9,3,15,-,13,39,7,23,-
"강원도","여자","40~44세",3524,3375,149,15,9,3,-,9,104,6,32,-
"강원도","여자","45~49세",5038,4736,302,37,17,27,-,6,178,21,112,-
"강원도","여자","50~54세",7584,7013,571,27,10,18,-,17,414,27,143,-
"강원도","여자","55~59세",9499,8541,958,64,72,33,3,28,731,36,134,-
"강원도","여자","60~64세",9221,7782,1439,89,69,24,7,60,1217,23,136,-
"강원도","여자","65~69세",9872,7224,2648,127,141,65,19,165,2332,21,187,-
"강원도","여자","70~74세",13409,8603,4806,308,367,67,78,184,4246,33,159,-
"강원도","여자","75세 이상",30624,14338,16286,1005,2866,292,766,545,14446,132,355,-
"충청북도","계","합계",173811,142123,31688,2056,4137,837,708,1398,26414,585,1794,-
"충청북도","계","5~19세",2812,2788,24,6,4,-,-,-,8,6,6,-
"충청북도","계","20~24세",14864,14716,148,17,10,5,-,5,75,15,35,-
"충청북도","계","25~29세",13974,13809,165,38,30,17,-,-,67,-,33,-
"충청북도","계","30~34세",11472,11282,190,40,18,8,-,8,91,35,23,-
"충청북도","계","35~39세",9215,8925,290,27,26,34,-,10,159,31,54,-
"충청북도","계","40~44세",10104,9588,516,28,78,11,-,5,313,36,114,-
"충청북도","계","45~49세",11831,11165,666,69,47,63,-,34,410,46,112,-
"충청북도","계","50~54세",13584,12397,1187,106,125,90,1,86,722,98,227,-
"충청북도","계","55~59세",14943,13340,1603,122,77,38,16,150,1084,86,231,-
"충청북도","계","60~64세",12899,10927,1972,97,119,49,4,125,1575,69,150,-
"충청북도","계","65~69세",11020,8384,2636,146,204,71,16,173,2193,42,131,-
"충청북도","계","70~74세",13731,8859,4872,303,397,81,78,260,4203,44,142,-
"충청북도","계","75세 이상",33362,15943,17419,1057,3002,370,593,542,15514,77,536,-
"충청북도","남자","합계",76632,69596,7036,583,1076,307,115,488,4903,302,705,-
"충청북도","남자","5~19세",1606,1582,24,6,4,-,-,-,8,6,6,-
"충청북도","남자","20~24세",7937,7835,102,13,3,5,-,5,52,15,16,-
"충청북도","남자","25~29세",8713,8624,89,7,19,-,-,-,46,-,26,-
"충청북도","남자","30~34세",7290,7173,117,27,18,-,-,-,47,24,12,-
"충청북도","남자","35~39세",6062,5843,219,7,16,21,-,5,132,15,38,-
"충청북도","남자","40~44세",6387,6052,335,21,45,11,-,5,215,16,67,-
"충청북도","남자","45~49세",7028,6643,385,63,23,33,-,25,239,21,57,-
"충청북도","남자","50~54세",7303,6606,697,69,97,67,1,54,409,59,126,-
"충청북도","남자","55~59세",7317,6559,758,51,43,11,9,90,474,54,138,-
"충청북도","남자","60~64세",4949,4270,679,43,46,22,4,61,476,42,64,-
"충청북도","남자","65~69세",3621,3042,579,51,74,34,3,59,402,14,37,-
"충청북도","남자","70~74세",3032,2289,743,86,111,25,12,63,570,15,45,-
"충청북도","남자","75세 이상",5387,3078,2309,139,577,78,86,121,1833,21,73,-
"충청북도","여자","합계",97179,72527,24652,1473,3061,530,593,910,21511,283,1089,-
"충청북도","여자","5~19세",1206,1206,,-,-,-,-,-,-,-,-,-
"충청북도","여자","20~24세",6927,6881,46,4,7,-,-,-,23,-,19,-
"충청북도","여자","25~29세",5261,5185,76,31,11,17,-,-,21,-,7,-
"충청북도","여자","30~34세",4182,4109,73,13,-,8,-,8,44,11,11,-
"충청북도","여자","35~39세",3153,3082,71,20,10,13,-,5,27,16,16,-
"충청북도","여자","40~44세",3717,3536,181,7,33,-,-,-,98,20,47,-
"충청북도","여자","45~49세",4803,4522,281,6,24,30,-,9,171,25,55,-
"충청북도","여자","50~54세",6281,5791,490,37,28,23,-,32,313,39,101,-
"충청북도","여자","55~59세",7626,6781,845,71,34,27,7,60,610,32,93,-
"충청북도","여자","60~64세",7950,6657,1293,54,73,27,-,64,1099,27,86,-
"충청북도","여자","65~69세",7399,5342,2057,95,130,37,13,114,1791,28,94,-
"충청북도","여자","70~74세",10699,6570,4129,217,286,56,66,197,3633,29,97,-
"충청북도","여자","75세 이상",27975,12865,15110,918,2425,292,507,421,13681,56,463,-
"충청남도","계","합계",235777,195154,40623,2431,5140,1165,1217,1591,33577,716,2351,-
"충청남도","계","5~19세",3699,3671,28,-,5,-,-,-,12,-,11,-
"충청남도","계","20~24세",20237,20088,149,26,38,7,-,-,49,12,27,-
"충청남도","계","25~29세",19275,19103,172,7,53,29,-,-,61,15,28,-
"충청남도","계","30~34세",16461,16180,281,40,40,28,4,26,144,5,50,-
"충청남도","계","35~39세",13316,12969,347,36,24,28,-,16,162,35,73,-
"충청남도","계","40~44세",13589,13160,429,76,53,32,13,6,158,46,123,-
"충청남도","계","45~49세",14125,13324,801,100,71,55,2,35,464,50,133,-
"충청남도","계","50~54세",17621,16507,1114,106,43,63,5,77,728,68,214,-
"충청남도","계","55~59세",18723,17067,1656,99,78,95,11,83,1095,131,330,-
"충청남도","계","60~64세",14954,12831,2123,125,111,85,17,172,1558,100,224,-
"충청남도","계","65~69세",16332,12734,3598,195,272,115,36,192,2914,85,277,-
"충청남도","계","70~74세",19266,13464,5802,352,450,165,138,274,4965,78,182,-
"충청남도","계","75세 이상",48179,24056,24123,1269,3902,463,991,710,21267,91,679,-
"충청남도","남자","합계",101654,93566,8088,710,1173,446,161,559,5450,393,866,-
"충청남도","남자","5~19세",1599,1578,21,-,5,-,-,-,5,-,11,-
"충청남도","남자","20~24세",9599,9520,79,15,24,7,-,-,22,10,11,-
"충청남도","남자","25~29세",11851,11717,134,7,40,24,-,-,49,10,15,-
"충청남도","남자","30~34세",11441,11239,202,27,14,13,-,10,109,5,37,-
"충청남도","남자","35~39세",9489,9220,269,34,20,22,-,16,113,24,52,-
"충청남도","남자","40~44세",9100,8814,286,64,40,17,13,6,108,29,72,-
"충청남도","남자","45~49세",8519,8051,468,73,51,31,2,19,244,38,74,-
"충청남도","남자","50~54세",9957,9328,629,51,35,44,-,54,397,49,127,-
"충청남도","남자","55~59세",8825,8089,736,51,38,54,6,61,431,81,142,-
"충청남도","남자","60~64세",5925,5170,755,53,59,52,9,97,502,36,100,-
"충청남도","남자","65~69세",4770,3899,871,71,103,46,12,78,596,54,90,-
"충청남도","남자","70~74세",3815,2930,885,79,114,47,24,74,665,38,37,-
"충청남도","남자","75세 이상",6764,4011,2753,185,630,89,95,144,2209,19,98,-
"충청남도","여자","합계",134123,101588,32535,1721,3967,719,1056,1032,28127,323,1485,-
"충청남도","여자","5~19세",2100,2093,7,-,-,-,-,-,7,-,-,-
"충청남도","여자","20~24세",10638,10568,70,11,14,-,-,-,27,2,16,-
"충청남도","여자","25~29세",7424,7386,38,-,13,5,-,-,12,5,13,-
"충청남도","여자","30~34세",5020,4941,79,13,26,15,4,16,35,-,13,-
"충청남도","여자","35~39세",3827,3749,78,2,4,6,-,-,49,11,21,-
"충청남도","여자","40~44세",4489,4346,143,12,13,15,-,-,50,17,51,-
"충청남도","여자","45~49세",5606,5273,333,27,20,24,-,16,220,12,59,-
"충청남도","여자","50~54세",7664,7179,485,55,8,19,5,23,331,19,87,-
"충청남도","여자","55~59세",9898,8978,920,48,40,41,5,22,664,50,188,-
"충청남도","여자","60~64세",9029,7661,1368,72,52,33,8,75,1056,64,124,-
"충청남도","여자","65~69세",11562,8835,2727,124,169,69,24,114,2318,31,187,-
"충청남도","여자","70~74세",15451,10534,4917,273,336,118,114,200,4300,40,145,-
"충청남도","여자","75세 이상",41415,20045,21370,1084,3272,374,896,566,19058,72,581,-
"전라북도","계","합계",215497,168487,47010,2821,5741,1508,1234,2239,39575,901,3181,-
"전라북도","계","5~19세",2662,2638,24,-,-,-,-,-,5,-,19,-
"전라북도","계","20~24세",15204,15047,157,23,24,25,-,-,48,15,56,-
"전라북도","계","25~29세",12459,12275,184,5,47,15,-,-,76,14,47,-
"전라북도","계","30~34세",11196,10997,199,13,9,21,-,-,128,22,44,-
"전라북도","계","35~39세",10205,9863,342,26,23,46,-,9,164,38,97,-
"전라북도","계","40~44세",10803,10278,525,42,26,38,6,25,257,45,166,-
"전라북도","계","45~49세",12774,11812,962,59,61,114,8,62,589,119,236,-
"전라북도","계","50~54세",15361,14037,1324,106,135,95,7,79,779,112,313,-
"전라북도","계","55~59세",17910,15707,2203,92,195,115,17,171,1498,122,386,-
"전라북도","계","60~64세",16060,13224,2836,181,139,145,30,229,2115,131,288,-
"전라북도","계","65~69세",17945,13703,4242,290,356,102,88,267,3564,74,263,-
"전라북도","계","70~74세",19747,13198,6549,374,541,164,84,368,5772,63,345,-
"전라북도","계","75세 이상",53171,25708,27463,1610,4185,628,994,1029,24580,146,921,-
"전라북도","남자","합계",82211,73022,9189,595,1167,541,208,710,6232,477,1326,-
"전라북도","남자","5~19세",1400,1376,24,-,-,-,-,-,5,-,19,-
"전라북도","남자","20~24세",8270,8183,87,11,-,3,-,-,24,-,49,-
"전라북도","남자","25~29세",7551,7441,110,-,29,10,-,-,42,14,20,-
"전라북도","남자","30~34세",7011,6852,159,13,9,21,-,-,90,22,35,-
"전라북도","남자","35~39세",6644,6405,239,26,19,19,-,9,106,29,80,-
"전라북도","남자","40~44세",6912,6533,379,34,20,31,6,6,190,37,120,-
"전라북도","남자","45~49세",7349,6750,599,25,43,85,5,45,359,73,146,-
"전라북도","남자","50~54세",8268,7493,775,57,84,62,1,53,445,72,188,-
"전라북도","남자","55~59세",7896,6826,1070,38,81,73,7,120,691,92,198,-
"전라북도","남자","60~64세",5797,4702,1095,62,58,64,6,134,692,66,157,-
"전라북도","남자","65~69세",4881,3873,1008,92,114,40,37,89,752,38,115,-
"전라북도","남자","70~74세",3712,2704,1008,52,162,41,28,75,750,19,72,-
"전라북도","남자","75세 이상",6520,3884,2636,185,548,92,118,179,2086,15,127,-
"전라북도","여자","합계",133286,95465,37821,2226,4574,967,1026,1529,33343,424,1855,-
"전라북도","여자","5~19세",1262,1262,,-,-,-,-,-,-,-,-,-
"전라북도","여자","20~24세",6934,6864,70,12,24,22,-,-,24,15,7,-
"전라북도","여자","25~29세",4908,4834,74,5,18,5,-,-,34,-,27,-
"전라북도","여자","30~34세",4185,4145,40,-,-,-,-,-,38,-,9,-
"전라북도","여자","35~39세",3561,3458,103,-,4,27,-,-,58,9,17,-
"전라북도","여자","40~44세",3891,3745,146,8,6,7,-,19,67,8,46,-
"전라북도","여자","45~49세",5425,5062,363,34,18,29,3,17,230,46,90,-
"전라북도","여자","50~54세",7093,6544,549,49,51,33,6,26,334,40,125,-
"전라북도","여자","55~59세",10014,8881,1133,54,114,42,10,51,807,30,188,-
"전라북도","여자","60~64세",10263,8522,1741,119,81,81,24,95,1423,65,131,-
"전라북도","여자","65~69세",13064,9830,3234,198,242,62,51,178,2812,36,148,-
"전라북도","여자","70~74세",16035,10494,5541,322,379,123,56,293,5022,44,273,-
"전라북도","여자","75세 이상",46651,21824,24827,1425,3637,536,876,850,22494,131,794,-
"전라남도","계","합계",219463,161087,58376,3287,8108,1509,1662,2076,50427,1027,3029,-
"전라남도","계","5~19세",1076,1056,20,-,9,7,-,-,11,2,-,-
"전라남도","계","20~24세",5750,5700,50,15,6,3,-,-,26,1,-,-
"전라남도","계","25~29세",7624,7552,72,24,2,5,-,-,36,4,6,-
"전라남도","계","30~34세",9291,9149,142,4,9,29,-,7,57,26,31,-
"전라남도","계","35~39세",8064,7859,205,28,17,11,4,17,109,28,54,-
"전라남도","계","40~44세",9505,9207,298,43,15,19,-,2,158,47,66,-
"전라남도","계","45~49세",12007,11189,818,59,64,64,15,31,375,135,335,-
"전라남도","계","50~54세",15661,14363,1298,101,96,118,20,61,717,137,310,-
"전라남도","계","55~59세",17866,15761,2105,153,158,194,2,117,1294,203,442,-
"전라남도","계","60~64세",15904,13354,2550,120,216,138,15,121,2051,90,258,-
"전라남도","계","65~69세",19779,15127,4652,180,342,136,33,208,4038,88,250,-
"전라남도","계","70~74세",24728,16415,8313,457,656,112,139,305,7456,71,186,-
"전라남도","계","75세 이상",72208,34355,37853,2103,6518,673,1434,1207,34099,195,1091,-
"전라남도","남자","합계",72546,63188,9358,685,1454,551,146,529,6554,517,1105,-
"전라남도","남자","5~19세",577,557,20,-,9,7,-,-,11,2,-,-
"전라남도","남자","20~24세",2810,2772,38,5,6,3,-,-,24,1,-,-
"전라남도","남자","25~29세",4425,4376,49,20,-,5,-,-,23,2,4,-
"전라남도","남자","30~34세",6104,5984,120,4,6,27,-,7,42,24,29,-
"전라남도","남자","35~39세",5584,5442,142,14,7,9,4,11,82,22,37,-
"전라남도","남자","40~44세",6373,6161,212,29,13,16,-,2,118,27,49,-
"전라남도","남자","45~49세",7128,6559,569,51,51,56,15,31,265,90,207,-
"전라남도","남자","50~54세",8450,7688,762,73,59,51,9,42,391,85,210,-
"전라남도","남자","55~59세",8428,7433,995,80,74,99,-,56,574,117,210,-
"전라남도","남자","60~64세",5806,4826,980,68,91,89,8,65,703,66,130,-
"전라남도","남자","65~69세",5049,4063,986,50,112,59,15,92,741,31,96,-
"전라남도","남자","70~74세",3984,2920,1064,67,137,22,17,83,871,25,38,-
"전라남도","남자","75세 이상",7828,4407,3421,224,889,108,78,140,2709,25,95,-
"전라남도","여자","합계",146917,97899,49018,2602,6654,958,1516,1547,43873,510,1924,-
"전라남도","여자","5~19세",499,499,,-,-,-,-,-,-,-,-,-
"전라남도","여자","20~24세",2940,2928,12,10,-,-,-,-,2,-,-,-
"전라남도","여자","25~29세",3199,3176,23,4,2,-,-,-,13,2,2,-
"전라남도","여자","30~34세",3187,3165,22,-,3,2,-,-,15,2,2,-
"전라남도","여자","35~39세",2480,2417,63,14,10,2,-,6,27,6,17,-
"전라남도","여자","40~44세",3132,3046,86,14,2,3,-,-,40,20,17,-
"전라남도","여자","45~49세",4879,4630,249,8,13,8,-,-,110,45,128,-
"전라남도","여자","50~54세",7211,6675,536,28,37,67,11,19,326,52,100,-
"전라남도","여자","55~59세",9438,8328,1110,73,84,95,2,61,720,86,232,-
"전라남도","여자","60~64세",10098,8528,1570,52,125,49,7,56,1348,24,128,-
"전라남도","여자","65~69세",14730,11064,3666,130,230,77,18,116,3297,57,154,-
"전라남도","여자","70~74세",20744,13495,7249,390,519,90,122,222,6585,46,148,-
"전라남도","여자","75세 이상",64380,29948,34432,1879,5629,565,1356,1067,31390,170,996,-
"경상북도","계","합계",325348,259266,66082,4146,9102,1717,1576,2740,55905,1013,3230,-
"경상북도","계","5~19세",3815,3768,47,6,5,5,-,-,16,2,18,-
"경상북도","계","20~24세",22832,22631,201,18,37,6,-,13,77,8,45,-
"경상북도","계","25~29세",20758,20600,158,24,26,7,-,-,64,7,45,-
"경상북도","계","30~34세",19014,18693,321,19,39,37,7,11,193,29,67,-
"경상북도","계","35~39세",15298,14911,387,15,50,34,5,13,156,74,116,-
"경상북도","계","40~44세",16324,15735,589,80,29,47,2,24,319,56,146,-
"경상북도","계","45~49세",20035,18893,1142,70,51,57,7,69,670,99,272,-
"경상북도","계","50~54세",23432,21563,1869,138,164,109,9,94,1093,108,482,-
"경상북도","계","55~59세",27198,24556,2642,183,214,153,14,176,1904,114,357,-
"경상북도","계","60~64세",24659,21092,3567,213,238,153,33,309,2827,122,246,-
"경상북도","계","65~69세",24484,19082,5402,379,356,207,85,370,4495,91,272,-
"경상북도","계","70~74세",29648,19760,9888,616,813,206,148,396,8701,99,256,-
"경상북도","계","75세 이상",77851,37982,39869,2385,7080,696,1266,1265,35390,204,908,-
"경상북도","남자","합계",123303,111600,11703,948,1805,593,148,817,8287,478,1245,-
"경상북도","남자","5~19세",1971,1942,29,2,5,5,-,-,16,-,6,-
"경상북도","남자","20~24세",11295,11192,103,14,9,6,-,4,45,8,20,-
"경상북도","남자","25~29세",12546,12452,94,21,12,7,-,-,40,3,23,-
"경상북도","남자","30~34세",12367,12131,236,18,22,32,7,7,141,22,61,-
"경상북도","남자","35~39세",10050,9788,262,6,37,26,5,13,102,42,74,-
"경상북도","남자","40~44세",10336,9971,365,41,25,41,2,21,181,46,100,-
"경상북도","남자","45~49세",11499,10794,705,51,31,42,7,46,411,77,160,-
"경상북도","남자","50~54세",12135,11075,1060,96,89,53,3,55,644,59,243,-
"경상북도","남자","55~59세",12022,10801,1221,77,110,84,5,97,826,69,191,-
"경상북도","남자","60~64세",8471,7236,1235,87,109,56,10,177,862,53,96,-
"경상북도","남자","65~69세",6270,5166,1104,93,135,61,11,100,772,44,91,-
"경상북도","남자","70~74세",5073,3760,1313,116,190,68,21,98,1003,25,62,-
"경상북도","남자","75세 이상",9268,5292,3976,326,1031,112,77,199,3244,30,118,-
"경상북도","여자","합계",202045,147666,54379,3198,7297,1124,1428,1923,47618,535,1985,-
"경상북도","여자","5~19세",1844,1826,18,4,-,-,-,-,-,2,12,-
"경상북도","여자","20~24세",11537,11439,98,4,28,-,-,9,32,-,25,-
"경상북도","여자","25~29세",8212,8148,64,3,14,-,-,-,24,4,22,-
"경상북도","여자","30~34세",6647,6562,85,1,17,5,-,4,52,7,6,-
"경상북도","여자","35~39세",5248,5123,125,9,13,8,-,-,54,32,42,-
"경상북도","여자","40~44세",5988,5764,224,39,4,6,-,3,138,10,46,-
"경상북도","여자","45~49세",8536,8099,437,19,20,15,-,23,259,22,112,-
"경상북도","여자","50~54세",11297,10488,809,42,75,56,6,39,449,49,239,-
"경상북도","여자","55~59세",15176,13755,1421,106,104,69,9,79,1078,45,166,-
"경상북도","여자","60~64세",16188,13856,2332,126,129,97,23,132,1965,69,150,-
"경상북도","여자","65~69세",18214,13916,4298,286,221,146,74,270,3723,47,181,-
"경상북도","여자","70~74세",24575,16000,8575,500,623,138,127,298,7698,74,194,-
"경상북도","여자","75세 이상",68583,32690,35893,2059,6049,584,1189,1066,32146,174,790,-
"경상남도","계","합계",346889,278779,68110,4803,9518,1731,1862,2800,57032,1015,4074,-
"경상남도","계","5~19세",2551,2532,19,-,-,2,-,-,13,8,-,-
"경상남도","계","20~24세",13784,13684,100,11,4,10,-,-,41,24,34,-
"경상남도","계","25~29세",19683,19541,142,17,19,18,-,6,79,13,12,-
"경상남도","계","30~34세",23014,22708,306,17,41,14,1,7,122,21,115,-
"경상남도","계","35~39세",21174,20613,561,75,73,37,7,9,313,6,117,-
"경상남도","계","40~44세",22824,22009,815,59,34,27,-,5,436,103,240,-
"경상남도","계","45~49세",25546,24203,1343,98,61,93,-,92,823,43,309,-
"경상남도","계","50~54세",30206,27759,2447,200,201,154,4,137,1594,166,426,-
"경상남도","계","55~59세",32636,28961,3675,283,313,191,14,240,2519,157,625,-
"경상남도","계","60~64세",28358,24135,4223,318,320,127,53,280,3221,140,419,-
"경상남도","계","65~69세",26787,20360,6427,495,446,186,77,348,5337,89,353,-
"경상남도","계","70~74세",30201,20093,10108,676,840,198,158,479,8886,49,368,-
"경상남도","계","75세 이상",70125,32181,37944,2554,7166,674,1548,1197,33648,196,1056,-
"경상남도","남자","합계",143218,129553,13665,1237,2089,588,261,988,9339,546,1750,-
"경상남도","남자","5~19세",1236,1217,19,-,-,2,-,-,13,8,-,-
"경상남도","남자","20~24세",6967,6886,81,11,-,6,-,-,39,17,28,-
"경상남도","남자","25~29세",12142,12031,111,11,17,16,-,6,54,11,10,-
"경상남도","남자","30~34세",15638,15378,260,17,36,11,1,-,114,11,99,-
"경상남도","남자","35~39세",14574,14124,450,49,64,37,7,9,246,4,97,-
"경상남도","남자","40~44세",14780,14184,596,41,26,18,-,5,321,91,142,-
"경상남도","남자","45~49세",14793,13978,815,92,42,73,-,58,485,36,162,-
"경상남도","남자","50~54세",16241,14787,1454,137,133,84,1,100,915,119,267,-
"경상남도","남자","55~59세",14871,13100,1771,188,180,73,8,160,1126,94,323,-
"경상남도","남자","60~64세",10792,9223,1569,131,173,70,31,182,1039,75,216,-
"경상남도","남자","65~69세",7445,5965,1480,160,183,64,5,128,1097,51,120,-
"경상남도","남자","70~74세",5545,4185,1360,116,229,39,29,129,1029,12,124,-
"경상남도","남자","75세 이상",8194,4495,3699,284,1006,95,179,211,2861,17,162,-
"경상남도","여자","합계",203671,149226,54445,3566,7429,1143,1601,1812,47693,469,2324,-
"경상남도","여자","5~19세",1315,1315,,-,-,-,-,-,-,-,-,-
"경상남도","여자","20~24세",6817,6798,19,-,4,4,-,-,2,7,6,-
"경상남도","여자","25~29세",7541,7510,31,6,2,2,-,-,25,2,2,-
"경상남도","여자","30~34세",7376,7330,46,-,5,3,-,7,8,10,16,-
"경상남도","여자","35~39세",6600,6489,111,26,9,-,-,-,67,2,20,-
"경상남도","여자","40~44세",8044,7825,219,18,8,9,-,-,115,12,98,-
"경상남도","여자","45~49세",10753,10225,528,6,19,20,-,34,338,7,147,-
"경상남도","여자","50~54세",13965,12972,993,63,68,70,3,37,679,47,159,-
"경상남도","여자","55~59세",17765,15861,1904,95,133,118,6,80,1393,63,302,-
"경상남도","여자","60~64세",17566,14912,2654,187,147,57,22,98,2182,65,203,-
"경상남도","여자","65~69세",19342,14395,4947,335,263,122,72,220,4240,38,233,-
"경상남도","여자","70~74세",24656,15908,8748,560,611,159,129,350,7857,37,244,-
"경상남도","여자","75세 이상",61931,27686,34245,2270,6160,579,1369,986,30787,179,894,-
"제주특별자치도","계","합계",58522,47269,11253,898,1621,218,302,384,9545,159,615,-
"제주특별자치도","계","5~19세",479,469,10,-,-,-,-,-,4,-,6,-
"제주특별자치도","계","20~24세",1890,1875,15,-,4,-,-,-,7,-,4,-
"제주특별자치도","계","25~29세",3176,3147,29,-,-,-,-,-,21,5,3,-
"제주특별자치도","계","30~34세",3646,3603,43,11,4,2,-,-,12,-,14,-
"제주특별자치도","계","35~39세",3785,3691,94,9,20,5,-,-,44,13,12,-
"제주특별자치도","계","40~44세",4755,4599,156,18,22,-,2,1,95,10,18,-
"제주특별자치도","계","45~49세",5497,5263,234,13,18,19,5,14,163,19,38,-
"제주특별자치도","계","50~54세",5550,5118,432,38,18,7,-,23,323,25,61,-
"제주특별자치도","계","55~59세",5769,5163,606,55,39,24,-,33,432,37,86,-
"제주특별자치도","계","60~64세",4292,3611,681,48,32,19,5,43,558,9,59,-
"제주특별자치도","계","65~69세",4154,3206,948,90,70,24,14,40,791,12,70,-
"제주특별자치도","계","70~74세",4161,2793,1368,85,129,17,18,53,1189,4,45,-
"제주특별자치도","계","75세 이상",11368,4731,6637,531,1265,101,258,177,5906,25,199,-
"제주특별자치도","남자","합계",23964,21502,2462,218,335,74,29,139,1768,91,249,-
"제주특별자치도","남자","5~19세",242,232,10,-,-,-,-,-,4,-,6,-
"제주특별자치도","남자","20~24세",689,678,11,-,4,-,-,-,7,-,-,-
"제주특별자치도","남자","25~29세",1666,1648,18,-,-,-,-,-,10,5,3,-
"제주특별자치도","남자","30~34세",2115,2074,41,11,4,-,-,-,12,-,14,-
"제주특별자치도","남자","35~39세",2027,1960,67,3,20,5,-,-,34,7,7,-
"제주특별자치도","남자","40~44세",2784,2698,86,18,10,-,2,1,42,5,18,-
"제주특별자치도","남자","45~49세",3085,2936,149,1,5,11,5,8,106,14,34,-
"제주특별자치도","남자","50~54세",2942,2719,223,23,10,1,-,23,163,16,23,-
"제주특별자치도","남자","55~59세",2813,2520,293,26,5,8,-,30,213,22,47,-
"제주특별자치도","남자","60~64세",1885,1570,315,36,24,14,-,21,228,3,39,-
"제주특별자치도","남자","65~69세",1248,1021,227,30,18,4,4,15,174,7,14,-
"제주특별자치도","남자","70~74세",1005,684,321,22,58,-,-,14,253,-,12,-
"제주특별자치도","남자","75세 이상",1463,762,701,48,177,31,18,27,522,12,32,-
"제주특별자치도","여자","합계",34558,25767,8791,680,1286,144,273,245,7777,68,366,-
"제주특별자치도","여자","5~19세",237,237,,-,-,-,-,-,-,-,-,-
"제주특별자치도","여자","20~24세",1201,1197,4,-,-,-,-,-,-,-,4,-
"제주특별자치도","여자","25~29세",1510,1499,11,-,-,-,-,-,11,-,-,-
"제주특별자치도","여자","30~34세",1531,1529,2,-,-,2,-,-,-,-,-,-
"제주특별자치도","여자","35~39세",1758,1731,27,6,-,-,-,-,10,6,5,-
"제주특별자치도","여자","40~44세",1971,1901,70,-,12,-,-,-,53,5,-,-
"제주특별자치도","여자","45~49세",2412,2327,85,12,13,8,-,6,57,5,4,-
"제주특별자치도","여자","50~54세",2608,2399,209,15,8,6,-,-,160,9,38,-
"제주특별자치도","여자","55~59세",2956,2643,313,29,34,16,-,3,219,15,39,-
"제주특별자치도","여자","60~64세",2407,2041,366,12,8,5,5,22,330,6,20,-
"제주특별자치도","여자","65~69세",2906,2185,721,60,52,20,10,25,617,5,56,-
"제주특별자치도","여자","70~74세",3156,2109,1047,63,71,17,18,39,936,4,33,-
"제주특별자치도","여자","75세 이상",9905,3969,5936,483,1088,70,240,150,5384,13,167,-
