"행정구역별","성별","연령별",2015,2015,2015,2015,2015,2015,2015,2015,2015,2015,2015
"행정구역별","성별","연령별",1인 가구,1년 미만,1~2,2~3,3~5,5~10,10~15,15~20,20~25,25년 이상,미상
"전국","계","합계",5211133,1252308,744710,467852,486727,908457,337142,203196,181205,629536,
"전국","계","20세 미만",58636,44827,7799,1486,2138,1499,412,302,166,7,
"전국","계","20~24",358138,202459,91859,27834,21430,10879,1623,993,925,136,
"전국","계","25~29",461560,208012,115329,54244,45053,30873,3338,2167,1499,1045,
"전국","계","30~34",453910,166691,101464,59789,57320,55001,6515,3201,2101,1828,
"전국","계","35~39",369337,116232,73552,48284,48035,63937,9987,3923,2618,2769,
"전국","계","40~44",377935,104372,65164,45727,49977,80499,17392,6855,3547,4402,
"전국","계","45~49",381607,94814,59512,42438,46274,89114,24828,11601,5701,7325,
"전국","계","50~54",412320,87004,58364,42818,47450,100101,33748,18173,10901,13761,
"전국","계","55~59",448594,76053,53036,42439,47639,113654,44358,25201,19429,26785,
"전국","계","60~64",375358,48847,35381,29860,33879,91273,42834,26185,23313,43786,
"전국","계","65~69",359916,35171,26973,23826,27265,78259,41509,27795,27614,71504,
"전국","계","70~74",374541,28061,22195,19757,24123,70938,39475,26851,29119,114022,
"전국","계","75세 이상",779281,39765,34082,29350,36144,122430,71123,49949,54272,342166,
"전국","남자","합계",2315038,694334,393594,235703,240009,399926,117391,65078,50721,118282,
"전국","남자","20세 미만",29001,22625,3310,750,1069,822,174,170,74,7,
"전국","남자","20~24",165805,96350,41381,11770,9128,5233,809,508,531,95,
"전국","남자","25~29",259821,123367,64143,27963,23405,15932,1986,1336,971,718,
"전국","남자","30~34",279490,106332,63381,35620,34249,31279,3923,1971,1350,1385,
"전국","남자","35~39",230558,74164,45507,29819,29090,39295,6171,2598,1880,2034,
"전국","남자","40~44",235021,66312,40246,27774,30240,48897,10971,4521,2463,3597,
"전국","남자","45~49",225217,58526,35070,24780,26945,50408,13673,6697,3432,5686,
"전국","남자","50~54",223684,51325,33358,23453,25044,51804,15586,8631,5432,9051,
"전국","남자","55~59",209317,41319,27355,20678,22872,51021,17010,9661,7300,12101,
"전국","남자","60~64",143965,23177,16290,12860,14470,36306,13861,7860,6933,12208,
"전국","남자","65~69",108365,13889,10044,8726,9586,27328,11680,6771,6165,14176,
"전국","남자","70~74",84769,8764,6648,5828,6913,19437,9307,5925,5614,16333,
"전국","남자","75세 이상",120025,8184,6861,5682,6998,22164,12240,8429,8576,40891,
"전국","여자","합계",2896095,557974,351116,232149,246718,508531,219751,138118,130484,511254,
"전국","여자","20세 미만",29635,22202,4489,736,1069,677,238,132,92,,
"전국","여자","20~24",192333,106109,50478,16064,12302,5646,814,485,394,41,
"전국","여자","25~29",201739,84645,51186,26281,21648,14941,1352,831,528,327,
"전국","여자","30~34",174420,60359,38083,24169,23071,23722,2592,1230,751,443,
"전국","여자","35~39",138779,42068,28045,18465,18945,24642,3816,1325,738,735,
"전국","여자","40~44",142914,38060,24918,17953,19737,31602,6421,2334,1084,805,
"전국","여자","45~49",156390,36288,24442,17658,19329,38706,11155,4904,2269,1639,
"전국","여자","50~54",188636,35679,25006,19365,22406,48297,18162,9542,5469,4710,
"전국","여자","55~59",239277,34734,25681,21761,24767,62633,27348,15540,12129,14684,
"전국","여자","60~64",231393,25670,19091,17000,19409,54967,28973,18325,16380,31578,
"전국","여자","65~69",251551,21282,16929,15100,17679,50931,29829,21024,21449,57328,
"전국","여자","70~74",289772,19297,15547,13929,17210,51501,30168,20926,23505,97689,
"전국","여자","75세 이상",659256,31581,27221,23668,29146,100266,58883,41520,45696,301275,
"동부","계","합계",4123510,1092390,654007,404712,415204,760285,277088,161401,140368,218055,
"동부","계","20세 미만",51029,38922,6931,1353,1823,1286,332,226,151,5,
"동부","계","20~24",320381,180023,83083,25180,19069,9822,1457,858,776,113,
"동부","계","25~29",422092,188793,106335,50042,41147,28524,3088,1959,1379,825,
"동부","계","30~34",410584,150088,92153,54480,51798,49787,5883,2988,1959,1448,
"동부","계","35~39",328246,102830,65924,43254,42911,56807,8743,3412,2427,1938,
"동부","계","40~44",328543,90505,56886,40002,43796,70700,15144,5765,3086,2659,
"동부","계","45~49",320339,80007,50945,36069,38927,76017,20887,9487,4383,3617,
"동부","계","50~54",333392,71860,48846,35715,39202,82897,27419,13785,8073,5595,
"동부","계","55~59",354301,62409,43905,35113,38565,92377,35900,20037,14841,11154,
"동부","계","60~64",290427,40151,29434,24660,27437,74392,35514,20914,18574,19351,
"동부","계","65~69",266511,29716,22791,19441,22095,63014,33888,22326,22272,30968,
"동부","계","70~74",253202,23719,18620,16097,19666,57231,31887,20831,22708,42443,
"동부","계","75세 이상",444463,33367,28154,23306,28768,97431,56946,38813,39739,97939,
"동부","남자","합계",1912019,596647,341489,202221,202310,333134,94812,50719,39751,50936,
"동부","남자","20세 미만",24957,19431,2895,693,912,694,135,118,74,5,
"동부","남자","20~24",144979,83686,36823,10449,7740,4629,712,432,417,91,
"동부","남자","25~29",233317,110064,58131,25311,20954,14436,1799,1178,883,561,
"동부","남자","30~34",248646,94599,56742,31810,30198,27668,3484,1821,1261,1063,
"동부","남자","35~39",200580,64310,40041,26252,25313,34091,5253,2188,1744,1388,
"동부","남자","40~44",200562,56541,34579,23942,26068,42170,9420,3688,2072,2082,
"동부","남자","45~49",186163,48916,29534,20921,22353,42388,11349,5372,2600,2730,
"동부","남자","50~54",178079,41839,27593,19534,20421,42418,12377,6373,3909,3615,
"동부","남자","55~59",162313,33104,22319,16889,18335,40875,13234,7387,5456,4714,
"동부","남자","60~64",110088,18417,13251,10400,11403,28791,11098,5880,5490,5358,
"동부","남자","65~69",81490,11453,8268,6852,7457,21646,9047,5283,4895,6589,
"동부","남자","70~74",62575,7345,5531,4555,5572,15520,7200,4493,4495,7864,
"동부","남자","75세 이상",78270,6942,5782,4613,5584,17808,9704,6506,6455,14876,
"동부","여자","합계",2211491,495743,312518,202491,212894,427151,182276,110682,100617,167119,
"동부","여자","20세 미만",26072,19491,4036,660,911,592,197,108,77,,
"동부","여자","20~24",175402,96337,46260,14731,11329,5193,745,426,359,22,
"동부","여자","25~29",188775,78729,48204,24731,20193,14088,1289,781,496,264,
"동부","여자","30~34",161938,55489,35411,22670,21600,22119,2399,1167,698,385,
"동부","여자","35~39",127666,38520,25883,17002,17598,22716,3490,1224,683,550,
"동부","여자","40~44",127981,33964,22307,16060,17728,28530,5724,2077,1014,577,
"동부","여자","45~49",134176,31091,21411,15148,16574,33629,9538,4115,1783,887,
"동부","여자","50~54",155313,30021,21253,16181,18781,40479,15042,7412,4164,1980,
"동부","여자","55~59",191988,29305,21586,18224,20230,51502,22666,12650,9385,6440,
"동부","여자","60~64",180339,21734,16183,14260,16034,45601,24416,15034,13084,13993,
"동부","여자","65~69",185021,18263,14523,12589,14638,41368,24841,17043,17377,24379,
"동부","여자","70~74",190627,16374,13089,11542,14094,41711,24687,16338,18213,34579,
"동부","여자","75세 이상",366193,26425,22372,18693,23184,79623,47242,32307,33284,83063,
"읍부","계","합계",450831,92655,51415,35256,38300,74805,27692,17906,15899,96903,
"읍부","계","20세 미만",4082,3075,565,78,171,113,32,33,15,,
"읍부","계","20~24",21747,12893,5038,1579,1286,674,131,57,84,5,
"읍부","계","25~29",25555,12506,5809,2825,2668,1295,184,112,78,78,
"읍부","계","30~34",28161,10852,5979,3549,3590,3474,361,128,86,142,
"읍부","계","35~39",25648,8473,4942,3212,3096,4471,741,305,82,326,
"읍부","계","40~44",29023,8339,5106,3427,3762,5908,1202,577,205,497,
"읍부","계","45~49",33633,8660,4995,3809,4159,7288,2061,1065,498,1098,
"읍부","계","50~54",38469,8260,5069,3800,4231,8615,2951,2066,1135,2342,
"읍부","계","55~59",41953,7079,4504,3656,4480,10093,3842,2136,1918,4245,
"읍부","계","60~64",33972,4519,2836,2508,2833,7649,3170,2087,1990,6380,
"읍부","계","65~69",33995,2648,1983,2121,2381,6865,3241,2305,2077,10374,
"읍부","계","70~74",39731,2208,1747,1778,2101,6306,3361,2504,2452,17274,
"읍부","계","75세 이상",94862,3143,2842,2914,3542,12054,6415,4531,5279,54142,
"읍부","남자","합계",191116,55525,29156,18304,19670,32365,9342,5761,4029,16964,
"읍부","남자","20세 미만",2067,1571,265,28,104,64,9,26,,,
"읍부","남자","20~24",11356,6792,2456,776,776,386,74,41,55,,
"읍부","남자","25~29",16562,8410,3727,1716,1632,756,130,90,54,47,
"읍부","남자","30~34",19465,7536,4118,2451,2573,2306,229,87,46,119,
"읍부","남자","35~39",18367,6136,3513,2207,2229,3194,569,244,49,226,
"읍부","남자","40~44",19548,5701,3410,2176,2472,3998,759,434,178,420,
"읍부","남자","45~49",20516,5508,3151,2252,2492,4237,1141,621,283,831,
"읍부","남자","50~54",21203,5091,3094,1976,2267,4407,1333,975,563,1497,
"읍부","남자","55~59",19820,4119,2390,1770,2019,4483,1524,792,685,2038,
"읍부","남자","60~64",12738,2311,1312,1134,1128,2933,947,687,557,1729,
"읍부","남자","65~69",9377,1070,766,786,849,2049,927,549,370,2011,
"읍부","남자","70~74",7523,661,483,585,488,1540,716,506,381,2163,
"읍부","남자","75세 이상",12574,619,471,447,641,2012,984,709,808,5883,
"읍부","여자","합계",259715,37130,22259,16952,18630,42440,18350,12145,11870,79939,
"읍부","여자","20세 미만",2015,1504,300,50,67,49,23,7,15,,
"읍부","여자","20~24",10391,6101,2582,803,510,288,57,16,29,5,
"읍부","여자","25~29",8993,4096,2082,1109,1036,539,54,22,24,31,
"읍부","여자","30~34",8696,3316,1861,1098,1017,1168,132,41,40,23,
"읍부","여자","35~39",7281,2337,1429,1005,867,1277,172,61,33,100,
"읍부","여자","40~44",9475,2638,1696,1251,1290,1910,443,143,27,77,
"읍부","여자","45~49",13117,3152,1844,1557,1667,3051,920,444,215,267,
"읍부","여자","50~54",17266,3169,1975,1824,1964,4208,1618,1091,572,845,
"읍부","여자","55~59",22133,2960,2114,1886,2461,5610,2318,1344,1233,2207,
"읍부","여자","60~64",21234,2208,1524,1374,1705,4716,2223,1400,1433,4651,
"읍부","여자","65~69",24618,1578,1217,1335,1532,4816,2314,1756,1707,8363,
"읍부","여자","70~74",32208,1547,1264,1193,1613,4766,2645,1998,2071,15111,
"읍부","여자","75세 이상",82288,2524,2371,2467,2901,10042,5431,3822,4471,48259,
"면부","계","합계",636792,67263,39288,27884,33223,73367,32362,23889,24938,314578,
"면부","계","20세 미만",3525,2830,303,55,144,100,48,43,,2,
"면부","계","20~24",16010,9543,3738,1075,1075,383,35,78,65,18,
"면부","계","25~29",13913,6713,3185,1377,1238,1054,66,96,42,142,
"면부","계","30~34",15165,5751,3332,1760,1932,1740,271,85,56,238,
"면부","계","35~39",15443,4929,2686,1818,2028,2659,503,206,109,505,
"면부","계","40~44",20369,5528,3172,2298,2419,3891,1046,513,256,1246,
"면부","계","45~49",27635,6147,3572,2560,3188,5809,1880,1049,820,2610,
"면부","계","50~54",40459,6884,4449,3303,4017,8589,3378,2322,1693,5824,
"면부","계","55~59",52340,6565,4627,3670,4594,11184,4616,3028,2670,11386,
"면부","계","60~64",50959,4177,3111,2692,3609,9232,4150,3184,2749,18055,
"면부","계","65~69",59410,2807,2199,2264,2789,8380,4380,3164,3265,30162,
"면부","계","70~74",81608,2134,1828,1882,2356,7401,4227,3516,3959,54305,
"면부","계","75세 이상",239956,3255,3086,3130,3834,12945,7762,6605,9254,190085,
"면부","남자","합계",211903,42162,22949,15178,18029,34427,13237,8598,6941,50382,
"면부","남자","20세 미만",1977,1623,150,29,53,64,30,26,,2,
"면부","남자","20~24",9470,5872,2102,545,612,218,23,35,59,4,
"면부","남자","25~29",9942,4893,2285,936,819,740,57,68,34,110,
"면부","남자","30~34",11379,4197,2521,1359,1478,1305,210,63,43,203,
"면부","남자","35~39",11611,3718,1953,1360,1548,2010,349,166,87,420,
"면부","남자","40~44",14911,4070,2257,1656,1700,2729,792,399,213,1095,
"면부","남자","45~49",18538,4102,2385,1607,2100,3783,1183,704,549,2125,
"면부","남자","50~54",24402,4395,2671,1943,2356,4979,1876,1283,960,3939,
"면부","남자","55~59",27184,4096,2646,2019,2518,5663,2252,1482,1159,5349,
"면부","남자","60~64",21139,2449,1727,1326,1939,4582,1816,1293,886,5121,
"면부","남자","65~69",17498,1366,1010,1088,1280,3633,1706,939,900,5576,
"면부","남자","70~74",14671,758,634,688,853,2377,1391,926,738,6306,
"면부","남자","75세 이상",29181,623,608,622,773,2344,1552,1214,1313,20132,
"면부","여자","합계",424889,25101,16339,12706,15194,38940,19125,15291,17997,264196,
"면부","여자","20세 미만",1548,1207,153,26,91,36,18,17,,,
"면부","여자","20~24",6540,3671,1636,530,463,165,12,43,6,14,
"면부","여자","25~29",3971,1820,900,441,419,314,9,28,8,32,
"면부","여자","30~34",3786,1554,811,401,454,435,61,22,13,35,
"면부","여자","35~39",3832,1211,733,458,480,649,154,40,22,85,
"면부","여자","40~44",5458,1458,915,642,719,1162,254,114,43,151,
"면부","여자","45~49",9097,2045,1187,953,1088,2026,697,345,271,485,
"면부","여자","50~54",16057,2489,1778,1360,1661,3610,1502,1039,733,1885,
"면부","여자","55~59",25156,2469,1981,1651,2076,5521,2364,1546,1511,6037,
"면부","여자","60~64",29820,1728,1384,1366,1670,4650,2334,1891,1863,12934,
"면부","여자","65~69",41912,1441,1189,1176,1509,4747,2674,2225,2365,24586,
"면부","여자","70~74",66937,1376,1194,1194,1503,5024,2836,2590,3221,47999,
"면부","여자","75세 이상",210775,2632,2478,2508,3061,10601,6210,5391,7941,169953,
"서울특별시","계","합계",1114964,307113,187299,117730,121792,202326,68633,39698,33560,36813,
"서울특별시","계","20세 미만",12612,9336,1736,318,639,372,57,76,78,,
"서울특별시","계","20~24",93906,51434,23794,8045,6789,3035,300,266,216,27,
"서울특별시","계","25~29",157730,67882,39800,19760,17084,10971,714,790,535,194,
"서울특별시","계","30~34",144964,48606,32323,20700,19841,19219,1965,1214,738,358,
"서울특별시","계","35~39",100013,28885,19216,13654,14352,18300,2713,1422,1014,457,
"서울특별시","계","40~44",88614,21877,14356,10623,12761,20967,4265,2018,1074,673,
"서울특별시","계","45~49",75893,17218,11345,8659,10091,19219,5182,2298,1253,628,
"서울특별시","계","50~54",72223,15000,10299,7455,8971,19018,6136,2742,1738,864,
"서울특별시","계","55~59",77869,13865,9760,7984,8540,20948,8100,4303,2974,1395,
"서울특별시","계","60~64",66776,9665,6923,6199,6063,17680,8492,4724,3965,3065,
"서울특별시","계","65~69",65104,7930,6172,4945,5346,15624,8665,5310,5466,5646,
"서울특별시","계","70~74",60875,6581,4574,3797,4762,14238,8216,5480,5145,8082,
"서울특별시","계","75세 이상",98385,8834,7001,5591,6553,22735,13828,9055,9364,15424,
"서울특별시","남자","합계",511647,156894,93203,57254,57999,90712,23610,13260,10159,8556,
"서울특별시","남자","20세 미만",5773,4326,633,187,329,215,22,30,31,,
"서울특별시","남자","20~24",36840,20607,9074,2937,2603,1222,123,119,139,16,
"서울특별시","남자","25~29",78727,36290,19512,9038,7526,5080,377,475,348,81,
"서울특별시","남자","30~34",81357,28646,18697,11029,10680,9879,1080,654,457,235,
"서울특별시","남자","35~39",56290,16761,11022,7675,7715,9932,1377,807,709,292,
"서울특별시","남자","40~44",51234,12793,8367,6167,7047,11967,2587,1214,619,473,
"서울특별시","남자","45~49",44115,10260,6772,5041,5842,10939,2702,1349,801,409,
"서울특별시","남자","50~54",39105,8638,5653,4139,4796,10234,2786,1379,1007,473,
"서울특별시","남자","55~59",36365,6802,5012,4071,4124,9973,3098,1652,1108,525,
"서울특별시","남자","60~64",25523,4404,3034,2698,2563,6966,2708,1292,1118,740,
"서울특별시","남자","65~69",20943,3183,2488,1856,1941,5621,2331,1419,988,1116,
"서울특별시","남자","70~74",16464,2184,1420,1226,1382,4243,1926,1240,1144,1699,
"서울특별시","남자","75세 이상",18911,2000,1519,1190,1451,4441,2493,1630,1690,2497,
"서울특별시","여자","합계",603317,150219,94096,60476,63793,111614,45023,26438,23401,28257,
"서울특별시","여자","20세 미만",6839,5010,1103,131,310,157,35,46,47,,
"서울특별시","여자","20~24",57066,30827,14720,5108,4186,1813,177,147,77,11,
"서울특별시","여자","25~29",79003,31592,20288,10722,9558,5891,337,315,187,113,
"서울특별시","여자","30~34",63607,19960,13626,9671,9161,9340,885,560,281,123,
"서울특별시","여자","35~39",43723,12124,8194,5979,6637,8368,1336,615,305,165,
"서울특별시","여자","40~44",37380,9084,5989,4456,5714,9000,1678,804,455,200,
"서울특별시","여자","45~49",31778,6958,4573,3618,4249,8280,2480,949,452,219,
"서울특별시","여자","50~54",33118,6362,4646,3316,4175,8784,3350,1363,731,391,
"서울특별시","여자","55~59",41504,7063,4748,3913,4416,10975,5002,2651,1866,870,
"서울특별시","여자","60~64",41253,5261,3889,3501,3500,10714,5784,3432,2847,2325,
"서울특별시","여자","65~69",44161,4747,3684,3089,3405,10003,6334,3891,4478,4530,
"서울특별시","여자","70~74",44411,4397,3154,2571,3380,9995,6290,4240,4001,6383,
"서울특별시","여자","75세 이상",79474,6834,5482,4401,5102,18294,11335,7425,7674,12927,
"부산광역시","계","합계",361547,85185,51543,31438,29929,66711,29076,17214,15892,34559,
"부산광역시","계","20세 미만",5114,4211,579,86,99,79,27,15,13,5,
"부산광역시","계","20~24",27750,16417,7198,2023,1202,675,90,60,73,12,
"부산광역시","계","25~29",25962,12569,6661,2744,2010,1504,181,103,105,85,
"부산광역시","계","30~34",22825,9378,5382,2657,2351,2248,328,188,103,190,
"부산광역시","계","35~39",19916,6644,4351,2647,1920,3110,509,278,183,274,
"부산광역시","계","40~44",22422,6282,4152,2836,2267,4600,1054,394,330,507,
"부산광역시","계","45~49",24580,5827,4087,2790,2623,5825,1598,788,360,682,
"부산광역시","계","50~54",28886,5801,4119,3143,3175,7279,2373,1240,831,925,
"부산광역시","계","55~59",36568,5492,4215,3389,3990,9475,4283,2319,1416,1989,
"부산광역시","계","60~64",35230,4029,3125,2886,3121,8605,4778,2632,2449,3605,
"부산광역시","계","65~69",32096,2834,2549,2055,2373,7173,4233,2724,2800,5355,
"부산광역시","계","70~74",29984,2349,2114,1894,2092,6257,3584,2387,2838,6469,
"부산광역시","계","75세 이상",50214,3352,3011,2288,2706,9881,6038,4086,4391,14461,
"부산광역시","남자","합계",149952,43180,24580,14003,13433,26566,9486,5214,4514,8976,
"부산광역시","남자","20세 미만",2509,2146,198,34,64,26,20,9,7,5,
"부산광역시","남자","20~24",12317,7368,3069,884,449,381,60,60,34,12,
"부산광역시","남자","25~29",13851,6937,3438,1315,1099,734,109,70,72,77,
"부산광역시","남자","30~34",12816,5465,2967,1430,1242,1180,203,134,60,135,
"부산광역시","남자","35~39",11710,3906,2419,1510,1070,1931,321,209,153,191,
"부산광역시","남자","40~44",13085,3777,2335,1570,1252,2571,583,306,259,432,
"부산광역시","남자","45~49",13977,3352,2278,1603,1549,3054,948,438,206,549,
"부산광역시","남자","50~54",14876,3173,2303,1477,1571,3710,993,573,450,626,
"부산광역시","남자","55~59",15984,2860,2061,1426,1756,3932,1664,781,555,949,
"부산광역시","남자","60~64",12925,1704,1351,1171,1348,3303,1478,754,731,1085,
"부산광역시","남자","65~69",9478,1060,867,666,790,2342,1219,695,620,1219,
"부산광역시","남자","70~74",7360,749,631,507,676,1661,790,583,543,1220,
"부산광역시","남자","75세 이상",9064,683,663,410,567,1741,1098,602,824,2476,
"부산광역시","여자","합계",211595,42005,26963,17435,16496,40145,19590,12000,11378,25583,
"부산광역시","여자","20세 미만",2605,2065,381,52,35,53,7,6,6,,
"부산광역시","여자","20~24",15433,9049,4129,1139,753,294,30,,39,,
"부산광역시","여자","25~29",12111,5632,3223,1429,911,770,72,33,33,8,
"부산광역시","여자","30~34",10009,3913,2415,1227,1109,1068,125,54,43,55,
"부산광역시","여자","35~39",8206,2738,1932,1137,850,1179,188,69,30,83,
"부산광역시","여자","40~44",9337,2505,1817,1266,1015,2029,471,88,71,75,
"부산광역시","여자","45~49",10603,2475,1809,1187,1074,2771,650,350,154,133,
"부산광역시","여자","50~54",14010,2628,1816,1666,1604,3569,1380,667,381,299,
"부산광역시","여자","55~59",20584,2632,2154,1963,2234,5543,2619,1538,861,1040,
"부산광역시","여자","60~64",22305,2325,1774,1715,1773,5302,3300,1878,1718,2520,
"부산광역시","여자","65~69",22618,1774,1682,1389,1583,4831,3014,2029,2180,4136,
"부산광역시","여자","70~74",22624,1600,1483,1387,1416,4596,2794,1804,2295,5249,
"부산광역시","여자","75세 이상",41150,2669,2348,1878,2139,8140,4940,3484,3567,11985,
"대구광역시","계","합계",240352,55009,34233,22340,22385,47010,19952,12319,10930,16174,
"대구광역시","계","20세 미만",3110,2440,407,76,105,42,30,10,,,
"대구광역시","계","20~24",16922,9186,4634,1370,956,609,83,32,41,11,
"대구광역시","계","25~29",16775,7544,4399,1851,1414,1133,214,96,55,69,
"대구광역시","계","30~34",16840,6359,3781,2109,1923,2135,262,136,69,66,
"대구광역시","계","35~39",15089,4657,2930,2192,1790,2596,446,225,125,128,
"대구광역시","계","40~44",17342,4585,3038,2313,2113,3791,859,362,137,144,
"대구광역시","계","45~49",18888,4480,2942,2147,2141,4562,1500,642,257,217,
"대구광역시","계","50~54",20850,4108,2960,2378,2456,5348,1939,862,438,361,
"대구광역시","계","55~59",22847,3725,2550,2225,2482,5828,2592,1665,1156,624,
"대구광역시","계","60~64",20481,2488,1853,1649,1983,5215,2594,1764,1468,1467,
"대구광역시","계","65~69",18699,1739,1400,1165,1465,4327,2491,1903,1963,2246,
"대구광역시","계","70~74",19526,1539,1285,1131,1488,4604,2540,1724,1903,3312,
"대구광역시","계","75세 이상",32983,2159,2054,1734,2069,6820,4402,2898,3318,7529,
"대구광역시","남자","합계",101897,29418,17184,10392,9870,18930,6236,3603,2807,3457,
"대구광역시","남자","20세 미만",1373,1112,150,44,42,18,,7,,,
"대구광역시","남자","20~24",7615,4381,2005,527,367,241,44,15,29,6,
"대구광역시","남자","25~29",9872,4586,2676,916,771,667,148,56,23,29,
"대구광역시","남자","30~34",10255,4251,2285,1104,1162,1076,175,96,52,54,
"대구광역시","남자","35~39",9108,2925,1857,1309,971,1433,303,155,75,80,
"대구광역시","남자","40~44",10237,2723,1798,1281,1199,2274,515,238,98,111,
"대구광역시","남자","45~49",11006,2753,1659,1301,1222,2610,826,307,173,155,
"대구광역시","남자","50~54",10462,2312,1567,1310,1135,2573,742,395,180,248,
"대구광역시","남자","55~59",9692,1920,1220,999,1129,2306,918,532,442,226,
"대구광역시","남자","60~64",7361,1034,866,601,788,1916,798,472,435,451,
"대구광역시","남자","65~69",5124,608,449,354,431,1351,566,493,458,414,
"대구광역시","남자","70~74",4389,448,307,325,337,1183,495,353,313,628,
"대구광역시","남자","75세 이상",5403,365,345,321,316,1282,706,484,529,1055,
"대구광역시","여자","합계",138455,25591,17049,11948,12515,28080,13716,8716,8123,12717,
"대구광역시","여자","20세 미만",1737,1328,257,32,63,24,30,3,,,
"대구광역시","여자","20~24",9307,4805,2629,843,589,368,39,17,12,5,
"대구광역시","여자","25~29",6903,2958,1723,935,643,466,66,40,32,40,
"대구광역시","여자","30~34",6585,2108,1496,1005,761,1059,87,40,17,12,
"대구광역시","여자","35~39",5981,1732,1073,883,819,1163,143,70,50,48,
"대구광역시","여자","40~44",7105,1862,1240,1032,914,1517,344,124,39,33,
"대구광역시","여자","45~49",7882,1727,1283,846,919,1952,674,335,84,62,
"대구광역시","여자","50~54",10388,1796,1393,1068,1321,2775,1197,467,258,113,
"대구광역시","여자","55~59",13155,1805,1330,1226,1353,3522,1674,1133,714,398,
"대구광역시","여자","60~64",13120,1454,987,1048,1195,3299,1796,1292,1033,1016,
"대구광역시","여자","65~69",13575,1131,951,811,1034,2976,1925,1410,1505,1832,
"대구광역시","여자","70~74",15137,1091,978,806,1151,3421,2045,1371,1590,2684,
"대구광역시","여자","75세 이상",27580,1794,1709,1413,1753,5538,3696,2414,2789,6474,
"인천광역시","계","합계",243261,61632,35515,23891,26049,47462,16954,10319,8428,13011,
"인천광역시","계","20세 미만",1944,1440,224,72,83,87,25,13,,,
"인천광역시","계","20~24",11675,6328,3202,788,759,377,107,75,39,,
"인천광역시","계","25~29",17905,8304,4206,1928,1693,1263,194,126,121,70,
"인천광역시","계","30~34",21658,8317,4407,2792,2723,2478,398,285,172,86,
"인천광역시","계","35~39",20266,6742,3807,2497,2748,3289,633,269,151,130,
"인천광역시","계","40~44",21391,6259,3643,2526,3062,4215,893,438,201,154,
"인천광역시","계","45~49",21275,5655,3148,2451,2666,4742,1370,676,397,170,
"인천광역시","계","50~54",23813,5094,3423,2498,3019,5825,1827,1124,566,437,
"인천광역시","계","55~59",24659,4747,3028,2495,2632,6524,2284,1172,935,842,
"인천광역시","계","60~64",18318,2826,1882,1629,1657,4853,2126,1291,1073,981,
"인천광역시","계","65~69",16498,1929,1478,1386,1667,3870,1908,1241,1116,1903,
"인천광역시","계","70~74",15592,1601,1325,1257,1319,3479,1746,1101,1363,2401,
"인천광역시","계","75세 이상",28267,2390,1742,1572,2021,6460,3443,2508,2294,5837,
"인천광역시","남자","합계",118296,34898,19571,12253,13169,22108,6765,3724,2670,3138,
"인천광역시","남자","20세 미만",936,682,117,25,57,37,5,13,,,
"인천광역시","남자","20~24",5657,3153,1545,313,334,175,70,50,17,,
"인천광역시","남자","25~29",10378,5046,2386,1037,918,656,118,86,76,55,
"인천광역시","남자","30~34",13574,5278,2794,1662,1709,1480,277,175,135,64,
"인천광역시","남자","35~39",12831,4316,2292,1532,1638,2224,461,189,95,84,
"인천광역시","남자","40~44",13889,4092,2428,1524,2045,2651,595,304,144,106,
"인천광역시","남자","45~49",12892,3529,1930,1441,1522,2895,811,418,212,134,
"인천광역시","남자","50~54",13938,3135,2115,1506,1567,3369,1037,593,312,304,
"인천광역시","남자","55~59",12143,2598,1731,1176,1240,3161,898,553,416,370,
"인천광역시","남자","60~64",7776,1377,965,810,760,2016,816,396,365,271,
"인천광역시","남자","65~69",5338,811,483,533,596,1344,585,277,270,439,
"인천광역시","남자","70~74",3970,426,377,383,404,909,503,242,307,419,
"인천광역시","남자","75세 이상",4974,455,408,311,379,1191,589,428,321,892,
"인천광역시","여자","합계",124965,26734,15944,11638,12880,25354,10189,6595,5758,9873,
"인천광역시","여자","20세 미만",1008,758,107,47,26,50,20,,,,
"인천광역시","여자","20~24",6018,3175,1657,475,425,202,37,25,22,,
"인천광역시","여자","25~29",7527,3258,1820,891,775,607,76,40,45,15,
"인천광역시","여자","30~34",8084,3039,1613,1130,1014,998,121,110,37,22,
"인천광역시","여자","35~39",7435,2426,1515,965,1110,1065,172,80,56,46,
"인천광역시","여자","40~44",7502,2167,1215,1002,1017,1564,298,134,57,48,
"인천광역시","여자","45~49",8383,2126,1218,1010,1144,1847,559,258,185,36,
"인천광역시","여자","50~54",9875,1959,1308,992,1452,2456,790,531,254,133,
"인천광역시","여자","55~59",12516,2149,1297,1319,1392,3363,1386,619,519,472,
"인천광역시","여자","60~64",10542,1449,917,819,897,2837,1310,895,708,710,
"인천광역시","여자","65~69",11160,1118,995,853,1071,2526,1323,964,846,1464,
"인천광역시","여자","70~74",11622,1175,948,874,915,2570,1243,859,1056,1982,
"인천광역시","여자","75세 이상",23293,1935,1334,1261,1642,5269,2854,2080,1973,4945,
"광주광역시","계","합계",163354,36066,27031,15370,14653,34480,11056,7420,6752,10526,
"광주광역시","계","20세 미만",2378,1611,448,131,61,84,25,6,12,,
"광주광역시","계","20~24",14039,6524,4839,1237,828,452,86,22,39,12,
"광주광역시","계","25~29",15545,5882,4430,1814,1563,1513,185,77,51,30,
"광주광역시","계","30~34",15143,5096,3484,1942,1884,2156,341,84,100,56,
"광주광역시","계","35~39",13306,3645,2742,1752,1632,2858,375,120,115,67,
"광주광역시","계","40~44",12053,2863,2142,1648,1457,3030,472,221,127,93,
"광주광역시","계","45~49",12152,2583,2112,1336,1335,3385,834,274,110,183,
"광주광역시","계","50~54",13018,2528,1965,1273,1406,3820,993,480,370,183,
"광주광역시","계","55~59",13610,2025,1586,1245,1192,4194,1290,890,679,509,
"광주광역시","계","60~64",10634,1058,1075,778,901,2999,1346,917,810,750,
"광주광역시","계","65~69",10774,758,817,719,696,2812,1372,1026,1154,1420,
"광주광역시","계","70~74",10329,614,523,664,744,2441,1387,979,1100,1877,
"광주광역시","계","75세 이상",20373,879,868,831,954,4736,2350,2324,2085,5346,
"광주광역시","남자","합계",75168,20471,14633,7879,7667,14805,3523,1908,1840,2442,
"광주광역시","남자","20세 미만",1164,813,189,81,19,39,11,,12,,
"광주광역시","남자","20~24",6304,3065,2177,445,313,238,20,15,19,12,
"광주광역시","남자","25~29",8775,3564,2560,995,831,691,55,29,31,19,
"광주광역시","남자","30~34",9190,3222,2168,1125,1227,1152,165,29,56,46,
"광주광역시","남자","35~39",8573,2315,1727,1095,1103,1833,242,95,100,63,
"광주광역시","남자","40~44",7786,1830,1359,1064,961,1940,312,141,94,85,
"광주광역시","남자","45~49",7270,1750,1276,805,827,1832,406,136,91,147,
"광주광역시","남자","50~54",6829,1526,1139,719,820,1810,376,164,138,137,
"광주광역시","남자","55~59",6253,1110,847,687,587,1830,500,277,208,207,
"광주광역시","남자","60~64",4037,576,508,302,365,1152,430,193,271,240,
"광주광역시","남자","65~69",3035,271,334,242,190,878,353,232,210,325,
"광주광역시","남자","70~74",2581,235,172,162,251,640,323,244,223,331,
"광주광역시","남자","75세 이상",3371,194,177,157,173,770,330,353,387,830,
"광주광역시","여자","합계",88186,15595,12398,7491,6986,19675,7533,5512,4912,8084,
"광주광역시","여자","20세 미만",1214,798,259,50,42,45,14,6,,,
"광주광역시","여자","20~24",7735,3459,2662,792,515,214,66,7,20,,
"광주광역시","여자","25~29",6770,2318,1870,819,732,822,130,48,20,11,
"광주광역시","여자","30~34",5953,1874,1316,817,657,1004,176,55,44,10,
"광주광역시","여자","35~39",4733,1330,1015,657,529,1025,133,25,15,4,
"광주광역시","여자","40~44",4267,1033,783,584,496,1090,160,80,33,8,
"광주광역시","여자","45~49",4882,833,836,531,508,1553,428,138,19,36,
"광주광역시","여자","50~54",6189,1002,826,554,586,2010,617,316,232,46,
"광주광역시","여자","55~59",7357,915,739,558,605,2364,790,613,471,302,
"광주광역시","여자","60~64",6597,482,567,476,536,1847,916,724,539,510,
"광주광역시","여자","65~69",7739,487,483,477,506,1934,1019,794,944,1095,
"광주광역시","여자","70~74",7748,379,351,502,493,1801,1064,735,877,1546,
"광주광역시","여자","75세 이상",17002,685,691,674,781,3966,2020,1971,1698,4516,
"대전광역시","계","합계",169024,51692,28604,16200,15557,28374,10130,5766,5366,7335,
"대전광역시","계","20세 미만",4909,4032,644,42,65,85,28,8,5,,
"대전광역시","계","20~24",25297,14498,6996,1871,1245,584,84,10,5,4,
"대전광역시","계","25~29",19117,8712,4813,2243,1933,1233,61,52,48,22,
"대전광역시","계","30~34",14470,5306,3326,1946,1752,1788,143,94,94,21,
"대전광역시","계","35~39",10861,3468,2065,1576,1291,1893,340,66,74,88,
"대전광역시","계","40~44",11806,3602,1947,1468,1524,2371,553,161,99,81,
"대전광역시","계","45~49",11156,2899,1833,1241,1290,2618,723,300,134,118,
"대전광역시","계","50~54",12738,2730,1985,1379,1613,3033,1013,519,318,148,
"대전광역시","계","55~59",13760,2210,1663,1457,1577,3776,1380,719,602,376,
"대전광역시","계","60~64",10995,1399,1081,905,1022,3127,1290,768,843,560,
"대전광역시","계","65~69",9946,1025,776,773,706,2388,1477,869,834,1098,
"대전광역시","계","70~74",8451,689,563,534,535,2064,1070,747,748,1501,
"대전광역시","계","75세 이상",15518,1122,912,765,1004,3414,1968,1453,1562,3318,
"대전광역시","남자","합계",81011,28971,14906,7880,7747,12587,3628,1831,1580,1881,
"대전광역시","남자","20세 미만",2545,2116,319,18,31,48,,8,5,,
"대전광역시","남자","20~24",12007,7209,3179,683,571,331,24,5,5,,
"대전광역시","남자","25~29",11156,5394,2807,1127,1059,619,54,32,48,16,
"대전광역시","남자","30~34",8744,3363,2071,1147,981,990,74,47,50,21,
"대전광역시","남자","35~39",6667,2271,1233,942,729,1092,206,53,69,72,
"대전광역시","남자","40~44",7136,2288,1202,895,862,1345,294,130,65,55,
"대전광역시","남자","45~49",6558,1852,1078,662,786,1494,365,175,76,70,
"대전광역시","남자","50~54",6685,1674,1027,744,905,1483,435,187,147,83,
"대전광역시","남자","55~59",6603,1251,844,727,799,1733,551,288,241,169,
"대전광역시","남자","60~64",4219,700,495,401,413,1133,434,227,237,179,
"대전광역시","남자","65~69",3269,367,251,273,229,947,459,210,229,304,
"대전광역시","남자","70~74",2197,215,181,123,147,632,267,189,145,298,
"대전광역시","남자","75세 이상",3225,271,219,138,235,740,465,280,263,614,
"대전광역시","여자","합계",88013,22721,13698,8320,7810,15787,6502,3935,3786,5454,
"대전광역시","여자","20세 미만",2364,1916,325,24,34,37,28,,,,
"대전광역시","여자","20~24",13290,7289,3817,1188,674,253,60,5,,4,
"대전광역시","여자","25~29",7961,3318,2006,1116,874,614,7,20,,6,
"대전광역시","여자","30~34",5726,1943,1255,799,771,798,69,47,44,,
"대전광역시","여자","35~39",4194,1197,832,634,562,801,134,13,5,16,
"대전광역시","여자","40~44",4670,1314,745,573,662,1026,259,31,34,26,
"대전광역시","여자","45~49",4598,1047,755,579,504,1124,358,125,58,48,
"대전광역시","여자","50~54",6053,1056,958,635,708,1550,578,332,171,65,
"대전광역시","여자","55~59",7157,959,819,730,778,2043,829,431,361,207,
"대전광역시","여자","60~64",6776,699,586,504,609,1994,856,541,606,381,
"대전광역시","여자","65~69",6677,658,525,500,477,1441,1018,659,605,794,
"대전광역시","여자","70~74",6254,474,382,411,388,1432,803,558,603,1203,
"대전광역시","여자","75세 이상",12293,851,693,627,769,2674,1503,1173,1299,2704,
"울산광역시","계","합계",103675,27738,16321,10430,9418,18407,6578,3370,3451,7962,
"울산광역시","계","20세 미만",496,405,60,6,10,8,,,7,,
"울산광역시","계","20~24",4452,2809,1012,277,189,91,19,36,13,6,
"울산광역시","계","25~29",8525,4240,2088,974,650,424,55,19,51,24,
"울산광역시","계","30~34",10272,4162,2375,1332,1044,1025,180,26,60,68,
"울산광역시","계","35~39",8790,3128,1722,1183,991,1381,214,48,47,76,
"울산광역시","계","40~44",9347,2718,1826,1285,1147,1726,433,111,56,45,
"울산광역시","계","45~49",9636,2562,1862,1064,984,2099,589,261,117,98,
"울산광역시","계","50~54",10063,2503,1728,1099,1160,2065,724,321,245,218,
"울산광역시","계","55~59",10571,2013,1254,1103,1143,2704,988,560,425,381,
"울산광역시","계","60~64",8985,1353,936,744,706,2222,1034,605,575,810,
"울산광역시","계","65~69",6666,693,477,471,431,1486,821,497,633,1157,
"울산광역시","계","70~74",5984,486,391,365,445,1360,636,318,414,1569,
"울산광역시","계","75세 이상",9888,666,590,527,518,1816,885,568,808,3510,
"울산광역시","남자","합계",53661,17310,9834,6117,5451,8645,2565,1047,981,1711,
"울산광역시","남자","20세 미만",234,207,19,,,8,,,,,
"울산광역시","남자","20~24",2408,1501,539,145,105,73,13,13,13,6,
"울산광역시","남자","25~29",5889,2935,1404,667,463,297,36,12,51,24,
"울산광역시","남자","30~34",7516,3083,1757,916,807,686,169,20,53,25,
"울산광역시","남자","35~39",6282,2284,1197,848,666,974,193,37,33,50,
"울산광역시","남자","40~44",6388,1933,1230,865,781,1125,327,68,38,21,
"울산광역시","남자","45~49",5690,1646,1055,666,564,1202,328,127,51,51,
"울산광역시","남자","50~54",5599,1490,1041,711,690,1015,258,129,113,152,
"울산광역시","남자","55~59",5024,1140,734,525,581,1179,397,171,144,153,
"울산광역시","남자","60~64",3472,610,405,345,394,826,313,200,123,256,
"울산광역시","남자","65~69",2168,251,201,207,183,574,266,98,137,251,
"울산광역시","남자","70~74",1384,120,136,115,114,341,123,49,87,299,
"울산광역시","남자","75세 이상",1607,110,116,107,103,345,142,123,138,423,
"울산광역시","여자","합계",50014,10428,6487,4313,3967,9762,4013,2323,2470,6251,
"울산광역시","여자","20세 미만",262,198,41,6,10,,,,7,,
"울산광역시","여자","20~24",2044,1308,473,132,84,18,6,23,,,
"울산광역시","여자","25~29",2636,1305,684,307,187,127,19,7,,,
"울산광역시","여자","30~34",2756,1079,618,416,237,339,11,6,7,43,
"울산광역시","여자","35~39",2508,844,525,335,325,407,21,11,14,26,
"울산광역시","여자","40~44",2959,785,596,420,366,601,106,43,18,24,
"울산광역시","여자","45~49",3946,916,807,398,420,897,261,134,66,47,
"울산광역시","여자","50~54",4464,1013,687,388,470,1050,466,192,132,66,
"울산광역시","여자","55~59",5547,873,520,578,562,1525,591,389,281,228,
"울산광역시","여자","60~64",5513,743,531,399,312,1396,721,405,452,554,
"울산광역시","여자","65~69",4498,442,276,264,248,912,555,399,496,906,
"울산광역시","여자","70~74",4600,366,255,250,331,1019,513,269,327,1270,
"울산광역시","여자","75세 이상",8281,556,474,420,415,1471,743,445,670,3087,
"세종특별자치시","계","합계",21909,11117,3157,1243,1232,1381,497,416,424,2442,
"세종특별자치시","계","20세 미만",807,673,62,10,43,6,13,,,,
"세종특별자치시","계","20~24",3810,2678,618,204,214,85,4,5,,2,
"세종특별자치시","계","25~29",2495,1689,478,135,119,58,,9,7,,
"세종특별자치시","계","30~34",1749,1200,288,94,107,50,1,1,6,2,
"세종특별자치시","계","35~39",1489,909,266,104,102,52,24,8,13,11,
"세종특별자치시","계","40~44",1476,897,280,93,57,90,39,8,,12,
"세종특별자치시","계","45~49",1647,942,282,123,94,111,29,26,5,35,
"세종특별자치시","계","50~54",1559,765,269,125,139,106,51,25,16,63,
"세종특별자치시","계","55~59",1574,714,239,91,89,189,61,50,36,105,
"세종특별자치시","계","60~64",1044,298,120,65,73,136,63,64,55,170,
"세종특별자치시","계","65~69",792,152,91,14,55,102,51,60,81,186,
"세종특별자치시","계","70~74",882,96,67,73,49,83,61,55,45,353,
"세종특별자치시","계","75세 이상",2585,104,97,112,91,313,100,105,160,1503,
"세종특별자치시","남자","합계",10513,6113,1670,597,651,593,200,160,63,466,
"세종특별자치시","남자","20세 미만",417,377,16,6,14,,4,,,,
"세종특별자치시","남자","20~24",2068,1470,322,93,123,55,4,1,,,
"세종특별자치시","남자","25~29",1506,941,321,98,97,40,,4,5,,
"세종특별자치시","남자","30~34",970,655,157,46,74,34,1,1,,2,
"세종특별자치시","남자","35~39",839,480,144,57,72,47,20,8,7,4,
"세종특별자치시","남자","40~44",888,527,140,62,45,67,31,6,,10,
"세종특별자치시","남자","45~49",896,521,160,56,30,65,16,18,5,25,
"세종특별자치시","남자","50~54",874,468,148,58,60,58,23,10,7,42,
"세종특별자치시","남자","55~59",800,398,120,48,50,80,23,18,12,51,
"세종특별자치시","남자","60~64",437,147,69,42,26,61,28,13,4,47,
"세종특별자치시","남자","65~69",270,82,42,2,23,30,16,16,7,52,
"세종특별자치시","남자","70~74",200,25,16,15,27,18,16,39,1,43,
"세종특별자치시","남자","75세 이상",348,22,15,14,10,38,18,26,15,190,
"세종특별자치시","여자","합계",11396,5004,1487,646,581,788,297,256,361,1976,
"세종특별자치시","여자","20세 미만",390,296,46,4,29,6,9,,,,
"세종특별자치시","여자","20~24",1742,1208,296,111,91,30,,4,,2,
"세종특별자치시","여자","25~29",989,748,157,37,22,18,,5,2,,
"세종특별자치시","여자","30~34",779,545,131,48,33,16,,,6,,
"세종특별자치시","여자","35~39",650,429,122,47,30,5,4,,6,7,
"세종특별자치시","여자","40~44",588,370,140,31,12,23,8,2,,2,
"세종특별자치시","여자","45~49",751,421,122,67,64,46,13,8,,10,
"세종특별자치시","여자","50~54",685,297,121,67,79,48,28,15,9,21,
"세종특별자치시","여자","55~59",774,316,119,43,39,109,38,32,24,54,
"세종특별자치시","여자","60~64",607,151,51,23,47,75,35,51,51,123,
"세종특별자치시","여자","65~69",522,70,49,12,32,72,35,44,74,134,
"세종특별자치시","여자","70~74",682,71,51,58,22,65,45,16,44,310,
"세종특별자치시","여자","75세 이상",2237,82,82,98,81,275,82,79,145,1313,
"경기도","계","합계",1028089,271231,155792,103084,117278,195272,69082,36753,26633,52964,
"경기도","계","20세 미만",7273,5122,1021,296,362,282,111,62,17,,
"경기도","계","20~24",49649,28778,10948,3724,3473,1847,404,236,204,35,
"경기도","계","25~29",89528,41738,20919,10405,9087,5582,952,454,227,164,
"경기도","계","30~34",102404,38365,22293,12994,13946,12027,1457,633,378,311,
"경기도","계","35~39",90096,28971,17967,11326,12882,14924,2389,773,424,440,
"경기도","계","40~44",95657,27506,16073,11470,14081,19467,4292,1441,643,684,
"경기도","계","45~49",92063,24412,14136,10234,12520,21133,5384,2427,904,913,
"경기도","계","50~54",91182,20462,13199,10329,11128,22183,6644,3747,1800,1690,
"경기도","계","55~59",93524,18412,12158,9682,11150,23304,8509,4344,2947,3018,
"경기도","계","60~64",70112,11719,7750,5921,7893,17730,7920,4090,2992,4097,
"경기도","계","65~69",64396,8655,5937,5285,6135,15634,7959,4686,3809,6296,
"경기도","계","70~74",63922,7259,5280,4579,5616,14587,7802,4638,4280,9881,
"경기도","계","75세 이상",118283,9832,8111,6839,9005,26572,15259,9222,8008,25435,
"경기도","남자","합계",506853,155244,86477,54893,60425,90759,25148,12450,8382,13075,
"경기도","남자","20세 미만",3570,2521,481,158,173,150,50,35,2,,
"경기도","남자","20~24",23394,13792,5012,1738,1578,855,194,104,104,17,
"경기도","남자","25~29",53755,25971,12515,5721,5299,3072,607,286,135,149,
"경기도","남자","30~34",67235,25565,14981,8437,8980,7422,890,442,248,270,
"경기도","남자","35~39",58608,19287,11747,7432,8116,9450,1470,521,271,314,
"경기도","남자","40~44",61307,18044,10280,7148,8729,12327,2735,960,492,592,
"경기도","남자","45~49",55948,15314,8496,6199,7469,12553,3146,1477,580,714,
"경기도","남자","50~54",51031,11770,7826,5814,5987,12137,3427,1822,978,1270,
"경기도","남자","55~59",45213,9886,6234,4808,5476,10895,3223,1849,1325,1517,
"경기도","남자","60~64",28154,5378,3440,2639,3193,7330,2581,1236,1033,1324,
"경기도","남자","65~69",20884,3421,2147,1902,2089,5517,2212,1097,971,1528,
"경기도","남자","70~74",15953,2161,1590,1421,1615,4006,1847,953,895,1465,
"경기도","남자","75세 이상",21801,2134,1728,1476,1721,5045,2766,1668,1348,3915,
"경기도","여자","합계",521236,115987,69315,48191,56853,104513,43934,24303,18251,39889,
"경기도","여자","20세 미만",3703,2601,540,138,189,132,61,27,15,,
"경기도","여자","20~24",26255,14986,5936,1986,1895,992,210,132,100,18,
"경기도","여자","25~29",35773,15767,8404,4684,3788,2510,345,168,92,15,
"경기도","여자","30~34",35169,12800,7312,4557,4966,4605,567,191,130,41,
"경기도","여자","35~39",31488,9684,6220,3894,4766,5474,919,252,153,126,
"경기도","여자","40~44",34350,9462,5793,4322,5352,7140,1557,481,151,92,
"경기도","여자","45~49",36115,9098,5640,4035,5051,8580,2238,950,324,199,
"경기도","여자","50~54",40151,8692,5373,4515,5141,10046,3217,1925,822,420,
"경기도","여자","55~59",48311,8526,5924,4874,5674,12409,5286,2495,1622,1501,
"경기도","여자","60~64",41958,6341,4310,3282,4700,10400,5339,2854,1959,2773,
"경기도","여자","65~69",43512,5234,3790,3383,4046,10117,5747,3589,2838,4768,
"경기도","여자","70~74",47969,5098,3690,3158,4001,10581,5955,3685,3385,8416,
"경기도","여자","75세 이상",96482,7698,6383,5363,7284,21527,12493,7554,6660,21520,
"강원도","계","합계",189651,40439,22021,13604,15345,31106,13540,9338,8868,35390,
"강원도","계","20세 미만",2899,2475,234,35,81,39,17,16,,2,
"강원도","계","20~24",16077,9825,3666,1217,883,330,52,56,44,4,
"강원도","계","25~29",11029,4859,2802,1200,1133,837,68,63,44,23,
"강원도","계","30~34",9491,3836,1947,1097,1150,1161,125,61,44,70,
"강원도","계","35~39",8454,2733,1615,1097,1113,1373,285,145,22,71,
"강원도","계","40~44",9923,2653,1756,1035,1218,2222,485,213,111,230,
"강원도","계","45~49",12502,3093,1848,1328,1338,2738,885,480,297,495,
"강원도","계","50~54",16573,3267,2185,1567,1672,3767,1619,887,588,1021,
"강원도","계","55~59",18567,2875,1916,1398,1929,4319,1845,1213,1119,1953,
"강원도","계","60~64",15657,1605,1231,1040,1365,3642,1669,1208,1169,2728,
"강원도","계","65~69",14444,1047,775,817,983,3009,1536,1183,1043,4051,
"강원도","계","70~74",17514,791,936,638,1003,2747,1848,1400,1527,6624,
"강원도","계","75세 이상",36521,1380,1110,1135,1477,4922,3106,2413,2860,18118,
"강원도","남자","합계",82512,24507,12005,6896,7466,13347,4931,3223,2550,7587,
"강원도","남자","20세 미만",1849,1616,127,16,40,28,8,12,,2,
"강원도","남자","20~24",9628,6039,2172,648,458,201,43,32,31,4,
"강원도","남자","25~29",7018,3241,1742,756,622,516,57,42,24,18,
"강원도","남자","30~34",5867,2518,1215,643,668,595,88,51,41,48,
"강원도","남자","35~39",5220,1734,939,701,651,847,174,93,20,61,
"강원도","남자","40~44",6399,1846,1163,577,695,1362,345,131,76,204,
"강원도","남자","45~49",7464,1977,1070,800,798,1456,520,269,189,385,
"강원도","남자","50~54",8989,1949,1202,801,945,1878,771,429,345,669,
"강원도","남자","55~59",9068,1706,1009,737,975,1930,741,551,435,984,
"강원도","남자","60~64",6436,840,584,443,646,1581,579,518,421,824,
"강원도","남자","65~69",4572,449,289,347,353,1129,565,341,266,833,
"강원도","남자","70~74",4105,290,316,190,266,884,519,363,273,1004,
"강원도","남자","75세 이상",5897,302,177,237,349,940,521,391,429,2551,
"강원도","여자","합계",107139,15932,10016,6708,7879,17759,8609,6115,6318,27803,
"강원도","여자","20세 미만",1050,859,107,19,41,11,9,4,,,
"강원도","여자","20~24",6449,3786,1494,569,425,129,9,24,13,,
"강원도","여자","25~29",4011,1618,1060,444,511,321,11,21,20,5,
"강원도","여자","30~34",3624,1318,732,454,482,566,37,10,3,22,
"강원도","여자","35~39",3234,999,676,396,462,526,111,52,2,10,
"강원도","여자","40~44",3524,807,593,458,523,860,140,82,35,26,
"강원도","여자","45~49",5038,1116,778,528,540,1282,365,211,108,110,
"강원도","여자","50~54",7584,1318,983,766,727,1889,848,458,243,352,
"강원도","여자","55~59",9499,1169,907,661,954,2389,1104,662,684,969,
"강원도","여자","60~64",9221,765,647,597,719,2061,1090,690,748,1904,
"강원도","여자","65~69",9872,598,486,470,630,1880,971,842,777,3218,
"강원도","여자","70~74",13409,501,620,448,737,1863,1329,1037,1254,5620,
"강원도","여자","75세 이상",30624,1078,933,898,1128,3982,2585,2022,2431,15567,
"충청북도","계","합계",173811,39291,22643,13953,13882,28596,10233,6203,6604,32406,
"충청북도","계","20세 미만",2812,2132,426,84,68,61,12,22,7,,
"충청북도","계","20~24",14864,8512,3914,1162,745,442,33,4,52,,
"충청북도","계","25~29",13974,6517,3504,1691,1101,991,83,40,38,9,
"충청북도","계","30~34",11472,4163,2709,1608,1450,1268,153,56,10,55,
"충청북도","계","35~39",9215,2917,1810,1271,1092,1678,216,72,57,102,
"충청북도","계","40~44",10104,2848,1719,1225,1232,2168,441,233,72,166,
"충청북도","계","45~49",11831,2801,1808,1320,1463,2722,779,415,214,309,
"충청북도","계","50~54",13584,2830,1732,1235,1524,3318,1106,668,383,788,
"충청북도","계","55~59",14943,2243,1656,1361,1437,3834,1393,758,772,1489,
"충청북도","계","60~64",12899,1496,1205,844,1024,2932,1581,879,834,2104,
"충청북도","계","65~69",11020,929,640,710,842,2361,1027,711,885,2915,
"충청북도","계","70~74",13731,627,588,512,734,2352,1230,750,1089,5849,
"충청북도","계","75세 이상",33362,1276,932,930,1170,4469,2179,1595,2191,18620,
"충청북도","남자","합계",76632,22959,12629,7494,6846,12725,3574,2069,1700,6636,
"충청북도","남자","20세 미만",1606,1264,213,38,33,39,10,9,,,
"충청북도","남자","20~24",7937,4621,2073,565,373,261,33,2,9,,
"충청북도","남자","25~29",8713,4188,2213,1046,575,588,37,31,26,9,
"충청북도","남자","30~34",7290,2751,1702,990,868,800,87,35,2,55,
"충청북도","남자","35~39",6062,1875,1193,874,719,1061,140,61,45,94,
"충청북도","남자","40~44",6387,1868,1062,769,755,1292,285,172,60,124,
"충청북도","남자","45~49",7028,1755,1120,748,790,1527,447,257,121,263,
"충청북도","남자","50~54",7303,1629,968,714,741,1729,517,332,169,504,
"충청북도","남자","55~59",7317,1365,817,733,718,1887,548,262,300,687,
"충청북도","남자","60~64",4949,758,623,379,521,1157,437,290,190,594,
"충청북도","남자","65~69",3621,426,284,302,300,930,338,201,196,644,
"충청북도","남자","70~74",3032,218,174,141,213,667,365,147,202,905,
"충청북도","남자","75세 이상",5387,241,187,195,240,787,330,270,380,2757,
"충청북도","여자","합계",97179,16332,10014,6459,7036,15871,6659,4134,4904,25770,
"충청북도","여자","20세 미만",1206,868,213,46,35,22,2,13,7,,
"충청북도","여자","20~24",6927,3891,1841,597,372,181,,2,43,,
"충청북도","여자","25~29",5261,2329,1291,645,526,403,46,9,12,,
"충청북도","여자","30~34",4182,1412,1007,618,582,468,66,21,8,,
"충청북도","여자","35~39",3153,1042,617,397,373,617,76,11,12,8,
"충청북도","여자","40~44",3717,980,657,456,477,876,156,61,12,42,
"충청북도","여자","45~49",4803,1046,688,572,673,1195,332,158,93,46,
"충청북도","여자","50~54",6281,1201,764,521,783,1589,589,336,214,284,
"충청북도","여자","55~59",7626,878,839,628,719,1947,845,496,472,802,
"충청북도","여자","60~64",7950,738,582,465,503,1775,1144,589,644,1510,
"충청북도","여자","65~69",7399,503,356,408,542,1431,689,510,689,2271,
"충청북도","여자","70~74",10699,409,414,371,521,1685,865,603,887,4944,
"충청북도","여자","75세 이상",27975,1035,745,735,930,3682,1849,1325,1811,15863,
"충청남도","계","합계",235777,55500,29646,17652,18447,32671,12482,7890,6905,54584,
"충청남도","계","20세 미만",3699,2968,391,71,178,64,12,7,8,,
"충청남도","계","20~24",20237,12043,5104,1473,1039,462,55,34,27,,
"충청남도","계","25~29",19275,8886,4971,2186,1988,1045,69,65,28,37,
"충청남도","계","30~34",16461,6502,3547,2136,2254,1703,163,61,6,89,
"충청남도","계","35~39",13316,4460,2655,1713,1595,2232,383,72,34,172,
"충청남도","계","40~44",13589,4303,2313,1588,1584,2664,528,215,128,266,
"충청남도","계","45~49",14125,3643,2253,1557,1628,2957,871,518,150,548,
"충청남도","계","50~54",17621,4047,2370,1667,1915,3703,1301,920,488,1210,
"충청남도","계","55~59",18723,3130,2056,1477,1883,4442,1650,1036,927,2122,
"충청남도","계","60~64",14954,1837,1213,1060,1029,3369,1464,909,811,3262,
"충청남도","계","65~69",16332,1381,934,861,1110,2930,1430,1106,820,5760,
"충청남도","계","70~74",19266,1080,603,700,852,2461,1622,964,1126,9858,
"충청남도","계","75세 이상",48179,1220,1236,1163,1392,4639,2934,1983,2352,31260,
"충청남도","남자","합계",101654,32821,16587,9433,9837,14681,4255,2536,1820,9684,
"충청남도","남자","20세 미만",1599,1281,156,20,91,34,10,7,,,
"충청남도","남자","20~24",9599,5850,2367,610,438,269,33,16,16,,
"충청남도","남자","25~29",11851,5869,2887,1239,1167,568,44,52,12,13,
"충청남도","남자","30~34",11441,4563,2492,1512,1522,1121,116,45,6,64,
"충청남도","남자","35~39",9489,3235,1813,1193,1135,1606,294,62,18,133,
"충청남도","남자","40~44",9100,2969,1505,1088,1055,1717,273,150,112,231,
"충청남도","남자","45~49",8519,2371,1380,818,967,1739,429,297,89,429,
"충청남도","남자","50~54",9957,2642,1473,1047,1026,1777,592,399,247,754,
"충청남도","남자","55~59",8825,1848,1211,669,951,1855,622,376,317,976,
"충청남도","남자","60~64",5925,1020,579,501,518,1349,430,303,212,1013,
"충청남도","남자","65~69",4770,592,339,323,494,1046,479,258,227,1012,
"충청남도","남자","70~74",3815,357,179,233,264,723,369,200,199,1291,
"충청남도","남자","75세 이상",6764,224,206,180,209,877,564,371,365,3768,
"충청남도","여자","합계",134123,22679,13059,8219,8610,17990,8227,5354,5085,44900,
"충청남도","여자","20세 미만",2100,1687,235,51,87,30,2,,8,,
"충청남도","여자","20~24",10638,6193,2737,863,601,193,22,18,11,,
"충청남도","여자","25~29",7424,3017,2084,947,821,477,25,13,16,24,
"충청남도","여자","30~34",5020,1939,1055,624,732,582,47,16,,25,
"충청남도","여자","35~39",3827,1225,842,520,460,626,89,10,16,39,
"충청남도","여자","40~44",4489,1334,808,500,529,947,255,65,16,35,
"충청남도","여자","45~49",5606,1272,873,739,661,1218,442,221,61,119,
"충청남도","여자","50~54",7664,1405,897,620,889,1926,709,521,241,456,
"충청남도","여자","55~59",9898,1282,845,808,932,2587,1028,660,610,1146,
"충청남도","여자","60~64",9029,817,634,559,511,2020,1034,606,599,2249,
"충청남도","여자","65~69",11562,789,595,538,616,1884,951,848,593,4748,
"충청남도","여자","70~74",15451,723,424,467,588,1738,1253,764,927,8567,
"충청남도","여자","75세 이상",41415,996,1030,983,1183,3762,2370,1612,1987,27492,
"전라북도","계","합계",215497,38305,23916,14917,14517,34653,13401,9671,9108,57009,
"전라북도","계","20세 미만",2662,1982,474,44,90,57,1,7,7,,
"전라북도","계","20~24",15204,8207,4174,1204,918,547,56,43,47,8,
"전라북도","계","25~29",12459,5373,3152,1600,998,1061,116,79,16,64,
"전라북도","계","30~34",11196,3927,2515,1436,1278,1521,187,113,95,124,
"전라북도","계","35~39",10205,3073,2198,1339,1101,1891,296,92,72,143,
"전라북도","계","40~44",10803,2951,1855,1368,1139,2462,534,217,103,174,
"전라북도","계","45~49",12774,3064,1859,1388,1145,3176,905,495,271,471,
"전라북도","계","50~54",15361,2761,1909,1621,1582,3719,1286,903,512,1068,
"전라북도","계","55~59",17910,2242,1758,1496,1612,4704,1781,1212,957,2148,
"전라북도","계","60~64",16060,1521,1151,883,1273,3693,1663,1221,1081,3574,
"전라북도","계","65~69",17945,1130,879,777,1058,3479,1792,1383,1395,6052,
"전라북도","계","70~74",19747,758,700,612,794,2693,1517,1465,1558,9650,
"전라북도","계","75세 이상",53171,1316,1292,1149,1529,5650,3267,2441,2994,33533,
"전라북도","남자","합계",82211,22060,13042,7541,6999,14045,4296,2748,2207,9273,
"전라북도","남자","20세 미만",1400,1047,232,22,50,38,,4,7,,
"전라북도","남자","20~24",8270,4510,2330,639,440,269,23,25,26,8,
"전라북도","남자","25~29",7551,3444,1824,904,597,620,82,37,7,36,
"전라북도","남자","30~34",7011,2538,1541,901,790,923,96,64,65,93,
"전라북도","남자","35~39",6644,2014,1427,856,757,1151,213,59,49,118,
"전라북도","남자","40~44",6912,1912,1191,855,711,1547,346,119,74,157,
"전라북도","남자","45~49",7349,1799,1122,828,641,1734,455,247,130,393,
"전라북도","남자","50~54",8268,1725,1116,834,785,1786,640,421,219,742,
"전라북도","남자","55~59",7896,1354,923,742,769,1908,631,394,267,908,
"전라북도","남자","60~64",5797,708,478,321,545,1440,577,381,346,1001,
"전라북도","남자","65~69",4881,447,355,298,398,1159,456,292,322,1154,
"전라북도","남자","70~74",3712,292,261,170,189,585,285,338,288,1304,
"전라북도","남자","75세 이상",6520,270,242,171,327,885,492,367,407,3359,
"전라북도","여자","합계",133286,16245,10874,7376,7518,20608,9105,6923,6901,47736,
"전라북도","여자","20세 미만",1262,935,242,22,40,19,1,3,,,
"전라북도","여자","20~24",6934,3697,1844,565,478,278,33,18,21,,
"전라북도","여자","25~29",4908,1929,1328,696,401,441,34,42,9,28,
"전라북도","여자","30~34",4185,1389,974,535,488,598,91,49,30,31,
"전라북도","여자","35~39",3561,1059,771,483,344,740,83,33,23,25,
"전라북도","여자","40~44",3891,1039,664,513,428,915,188,98,29,17,
"전라북도","여자","45~49",5425,1265,737,560,504,1442,450,248,141,78,
"전라북도","여자","50~54",7093,1036,793,787,797,1933,646,482,293,326,
"전라북도","여자","55~59",10014,888,835,754,843,2796,1150,818,690,1240,
"전라북도","여자","60~64",10263,813,673,562,728,2253,1086,840,735,2573,
"전라북도","여자","65~69",13064,683,524,479,660,2320,1336,1091,1073,4898,
"전라북도","여자","70~74",16035,466,439,442,605,2108,1232,1127,1270,8346,
"전라북도","여자","75세 이상",46651,1046,1050,978,1202,4765,2775,2074,2587,30174,
"전라남도","계","합계",219463,27305,17540,11588,11713,28989,11732,9069,10668,90859,
"전라남도","계","20세 미만",1076,739,162,31,53,53,25,13,,,
"전라남도","계","20~24",5750,3132,1316,471,413,295,42,40,36,5,
"전라남도","계","25~29",7624,3572,1702,904,603,565,109,54,44,71,
"전라남도","계","30~34",9291,3382,2233,1035,844,1446,175,55,41,80,
"전라남도","계","35~39",8064,2505,1596,994,821,1567,238,128,68,147,
"전라남도","계","40~44",9505,2508,1782,980,938,2063,526,184,157,367,
"전라남도","계","45~49",12007,2852,1731,1106,1191,2645,831,571,326,754,
"전라남도","계","50~54",15661,2761,1912,1411,1343,3450,1538,978,740,1528,
"전라남도","계","55~59",17866,2103,1710,1310,1401,4061,1693,1050,1210,3328,
"전라남도","계","60~64",15904,1222,1022,891,941,3015,1336,1168,1221,5088,
"전라남도","계","65~69",19779,851,752,751,899,2762,1410,1317,1592,9445,
"전라남도","계","70~74",24728,687,525,540,840,2503,1286,1195,1622,15530,
"전라남도","계","75세 이상",72208,991,1097,1164,1426,4564,2523,2316,3611,54516,
"전라남도","남자","합계",72546,16120,9497,5753,5544,12359,4305,2965,2637,13366,
"전라남도","남자","20세 미만",577,409,64,19,26,31,17,11,,,
"전라남도","남자","20~24",2810,1543,630,220,203,135,22,27,25,5,
"전라남도","남자","25~29",4425,2175,994,487,312,296,51,31,33,46,
"전라남도","남자","30~34",6104,2297,1466,659,539,903,115,41,27,57,
"전라남도","남자","35~39",5584,1728,1065,623,602,1142,152,97,61,114,
"전라남도","남자","40~44",6373,1698,1149,659,608,1360,357,124,111,307,
"전라남도","남자","45~49",7128,1762,988,650,733,1378,495,377,204,541,
"전라남도","남자","50~54",8450,1731,1084,775,759,1618,762,466,330,925,
"전라남도","남자","55~59",8428,1337,866,667,624,1883,707,449,442,1453,
"전라남도","남자","60~64",5806,626,527,400,397,1245,516,418,345,1332,
"전라남도","남자","65~69",5049,371,292,302,315,1002,418,310,344,1695,
"전라남도","남자","70~74",3984,271,138,136,218,601,301,275,255,1789,
"전라남도","남자","75세 이상",7828,172,234,156,208,765,392,339,460,5102,
"전라남도","여자","합계",146917,11185,8043,5835,6169,16630,7427,6104,8031,77493,
"전라남도","여자","20세 미만",499,330,98,12,27,22,8,2,,,
"전라남도","여자","20~24",2940,1589,686,251,210,160,20,13,11,,
"전라남도","여자","25~29",3199,1397,708,417,291,269,58,23,11,25,
"전라남도","여자","30~34",3187,1085,767,376,305,543,60,14,14,23,
"전라남도","여자","35~39",2480,777,531,371,219,425,86,31,7,33,
"전라남도","여자","40~44",3132,810,633,321,330,703,169,60,46,60,
"전라남도","여자","45~49",4879,1090,743,456,458,1267,336,194,122,213,
"전라남도","여자","50~54",7211,1030,828,636,584,1832,776,512,410,603,
"전라남도","여자","55~59",9438,766,844,643,777,2178,986,601,768,1875,
"전라남도","여자","60~64",10098,596,495,491,544,1770,820,750,876,3756,
"전라남도","여자","65~69",14730,480,460,449,584,1760,992,1007,1248,7750,
"전라남도","여자","70~74",20744,416,387,404,622,1902,985,920,1367,13741,
"전라남도","여자","75세 이상",64380,819,863,1008,1218,3799,2131,1977,3151,49414,
"경상북도","계","합계",325348,63651,37894,22038,23384,44537,18403,12747,12819,89875,
"경상북도","계","20세 미만",3815,3010,494,93,86,77,17,28,10,,
"경상북도","계","20~24",22832,13279,6297,1538,1136,417,103,30,32,,
"경상북도","계","25~29",20758,9803,5406,2338,1809,1112,121,49,59,61,
"경상북도","계","30~34",19014,7612,4477,2449,2215,1815,185,69,84,108,
"경상북도","계","35~39",15298,4975,3319,1833,1983,2408,414,82,82,202,
"경상북도","계","40~44",16324,4690,2888,1785,2096,3265,839,290,121,350,
"경상북도","계","45~49",20035,4804,3073,2103,2228,4494,1376,731,495,731,
"경상북도","계","50~54",23432,4561,2989,2116,2643,5232,2206,1209,882,1594,
"경상북도","계","55~59",27198,4087,2871,2321,2697,6066,2612,1836,1594,3114,
"경상북도","계","60~64",24659,2275,1837,1698,1988,4970,2342,1805,1771,5973,
"경상북도","계","65~69",24484,1568,1318,1146,1437,4185,2377,1696,1852,8905,
"경상북도","계","70~74",29648,1102,1072,992,1174,3692,2055,1653,2062,15846,
"경상북도","계","75세 이상",77851,1885,1853,1626,1892,6804,3756,3269,3775,52991,
"경상북도","남자","합계",123303,36444,19807,10897,11386,17878,6214,3633,3194,13850,
"경상북도","남자","20세 미만",1971,1553,208,61,59,42,17,21,10,,
"경상북도","남자","20~24",11295,6870,2989,663,499,197,44,10,23,,
"경상북도","남자","25~29",12546,6183,3262,1317,1030,576,69,26,41,42,
"경상북도","남자","30~34",12367,4998,2920,1654,1377,1128,104,44,48,94,
"경상북도","남자","35~39",10050,3347,1977,1183,1359,1633,291,61,53,146,
"경상북도","남자","40~44",10336,3063,1755,1062,1332,1974,555,186,100,309,
"경상북도","남자","45~49",11499,3011,1719,1172,1230,2382,724,366,264,631,
"경상북도","남자","50~54",12135,2764,1704,1141,1338,2340,981,568,341,958,
"경상북도","남자","55~59",12022,2248,1430,1027,1283,2459,991,640,565,1379,
"경상북도","남자","60~64",8471,1173,829,712,788,1909,706,491,484,1379,
"경상북도","남자","65~69",6270,645,445,415,441,1415,654,336,389,1530,
"경상북도","남자","70~74",5073,289,290,210,317,899,530,357,385,1796,
"경상북도","남자","75세 이상",9268,300,279,280,333,924,548,527,491,5586,
"경상북도","여자","합계",202045,27207,18087,11141,11998,26659,12189,9114,9625,76025,
"경상북도","여자","20세 미만",1844,1457,286,32,27,35,,7,,,
"경상북도","여자","20~24",11537,6409,3308,875,637,220,59,20,9,,
"경상북도","여자","25~29",8212,3620,2144,1021,779,536,52,23,18,19,
"경상북도","여자","30~34",6647,2614,1557,795,838,687,81,25,36,14,
"경상북도","여자","35~39",5248,1628,1342,650,624,775,123,21,29,56,
"경상북도","여자","40~44",5988,1627,1133,723,764,1291,284,104,21,41,
"경상북도","여자","45~49",8536,1793,1354,931,998,2112,652,365,231,100,
"경상북도","여자","50~54",11297,1797,1285,975,1305,2892,1225,641,541,636,
"경상북도","여자","55~59",15176,1839,1441,1294,1414,3607,1621,1196,1029,1735,
"경상북도","여자","60~64",16188,1102,1008,986,1200,3061,1636,1314,1287,4594,
"경상북도","여자","65~69",18214,923,873,731,996,2770,1723,1360,1463,7375,
"경상북도","여자","70~74",24575,813,782,782,857,2793,1525,1296,1677,14050,
"경상북도","여자","75세 이상",68583,1585,1574,1346,1559,5880,3208,2742,3284,47405,
"경상남도","계","합계",346889,68679,44067,27372,25945,56875,21626,12931,12704,76690,
"경상남도","계","20세 미만",2551,1931,343,73,76,101,12,13,2,,
"경상남도","계","20~24",13784,7728,3762,1083,546,513,86,29,27,10,
"경상남도","계","25~29",19683,8990,5313,2101,1569,1335,163,75,49,88,
"경상남도","계","30~34",23014,9065,5590,2952,2155,2616,364,66,84,122,
"경상남도","계","35~39",21174,7036,4557,2647,2255,3828,420,94,119,218,
"경상남도","계","40~44",22824,6484,4459,2860,2685,4593,1015,282,124,322,
"경상남도","계","45~49",25546,6451,4242,3030,2951,5527,1668,590,344,743,
"경상남도","계","50~54",30206,6605,4482,3043,3050,7001,2493,1287,841,1404,
"경상남도","계","55~59",32636,5199,3794,2792,3266,7987,3332,1867,1430,2969,
"경상남도","계","60~64",28358,3499,2528,2183,2382,6238,2746,1909,1951,4922,
"경상남도","계","65~69",26787,2154,1689,1677,1741,5144,2628,1836,1855,8063,
"경상남도","계","70~74",30201,1578,1422,1257,1389,4699,2446,1795,2031,13584,
"경상남도","계","75세 이상",70125,1959,1886,1674,1880,7293,4253,3088,3847,44245,
"경상남도","남자","합계",143218,40309,24178,14016,13070,25210,7378,4035,3028,11994,
"경상남도","남자","20세 미만",1236,989,135,20,21,67,,4,,,
"경상남도","남자","20~24",6967,3951,1751,626,247,306,51,5,21,9,
"경상남도","남자","25~29",12142,5860,3189,1155,900,776,107,62,18,75,
"경상남도","남자","30~34",15638,6352,3715,2045,1378,1731,226,47,42,102,
"경상남도","남자","35~39",14574,4880,3056,1746,1611,2654,268,71,104,184,
"경상남도","남자","40~44",14780,4169,2707,1868,1792,2940,735,233,77,259,
"경상남도","남자","45~49",14793,3954,2428,1730,1646,2969,889,383,200,594,
"경상남도","남자","50~54",16241,3959,2593,1406,1582,3686,1016,640,382,977,
"경상남도","남자","55~59",14871,2919,1915,1297,1533,3413,1293,764,453,1284,
"경상남도","남자","60~64",10792,1781,1308,879,991,2525,882,601,538,1287,
"경상남도","남자","65~69",7445,754,673,605,677,1714,672,427,448,1475,
"경상남도","남자","70~74",5545,395,390,361,385,1245,565,314,302,1588,
"경상남도","남자","75세 이상",8194,346,318,278,307,1184,674,484,443,4160,
"경상남도","여자","합계",203671,28370,19889,13356,12875,31665,14248,8896,9676,64696,
"경상남도","여자","20세 미만",1315,942,208,53,55,34,12,9,2,,
"경상남도","여자","20~24",6817,3777,2011,457,299,207,35,24,6,1,
"경상남도","여자","25~29",7541,3130,2124,946,669,559,56,13,31,13,
"경상남도","여자","30~34",7376,2713,1875,907,777,885,138,19,42,20,
"경상남도","여자","35~39",6600,2156,1501,901,644,1174,152,23,15,34,
"경상남도","여자","40~44",8044,2315,1752,992,893,1653,280,49,47,63,
"경상남도","여자","45~49",10753,2497,1814,1300,1305,2558,779,207,144,149,
"경상남도","여자","50~54",13965,2646,1889,1637,1468,3315,1477,647,459,427,
"경상남도","여자","55~59",17765,2280,1879,1495,1733,4574,2039,1103,977,1685,
"경상남도","여자","60~64",17566,1718,1220,1304,1391,3713,1864,1308,1413,3635,
"경상남도","여자","65~69",19342,1400,1016,1072,1064,3430,1956,1409,1407,6588,
"경상남도","여자","70~74",24656,1183,1032,896,1004,3454,1881,1481,1729,11996,
"경상남도","여자","75세 이상",61931,1613,1568,1396,1573,6109,3579,2604,3404,40085,
"제주특별자치도","계","합계",58522,12355,7488,5002,5201,9607,3767,2072,2093,10937,
"제주특별자치도","계","20세 미만",479,320,94,18,39,2,,6,,,
"제주특별자치도","계","20~24",1890,1081,385,147,95,118,19,15,30,,
"제주특별자치도","계","25~29",3176,1452,685,370,299,246,53,16,21,34,
"제주특별자치도","계","30~34",3646,1415,787,510,403,345,88,59,17,22,
"제주특별자치도","계","35~39",3785,1484,736,459,367,557,92,29,18,43,
"제주특별자치도","계","40~44",4755,1346,935,624,616,805,164,67,64,134,
"제주특별자치도","계","45~49",5497,1528,951,561,586,1161,304,109,67,230,
"제주특별자치도","계","50~54",5550,1181,838,479,654,1234,499,261,145,259,
"제주특별자치도","계","55~59",5769,971,822,613,619,1299,565,207,250,423,
"제주특별자치도","계","60~64",4292,557,449,485,458,847,390,231,245,630,
"제주특별자치도","계","65~69",4154,396,289,274,321,973,332,247,316,1006,
"제주특별자치도","계","70~74",4161,224,227,212,287,678,429,200,268,1636,
"제주특별자치도","계","75세 이상",11368,400,290,250,457,1342,832,625,652,6520,
"제주특별자치도","남자","합계",23964,6615,3791,2405,2449,3976,1277,672,589,2190,
"제주특별자치도","남자","20세 미만",242,166,53,1,20,2,,,,,
"제주특별자치도","남자","20~24",689,420,147,34,27,24,8,9,20,,
"제주특별자치도","남자","25~29",1666,743,413,145,139,136,35,5,21,29,
"제주특별자치도","남자","30~34",2115,787,453,320,245,179,57,46,8,20,
"제주특별자치도","남자","35~39",2027,806,399,243,176,285,46,20,18,34,
"제주특별자치도","남자","40~44",2784,780,575,320,371,438,96,39,44,121,
"제주특별자치도","남자","45~49",3085,920,539,260,329,579,166,56,40,196,
"제주특별자치도","남자","50~54",2942,740,399,257,337,601,230,124,67,187,
"제주특별자치도","남자","55~59",2813,577,381,339,277,597,205,104,70,263,
"제주특별자치도","남자","60~64",1885,341,229,216,214,397,148,75,80,185,
"제주특별자치도","남자","65~69",1248,151,105,99,136,329,91,69,83,185,
"제주특별자치도","남자","70~74",1005,89,70,110,108,200,83,39,52,254,
"제주특별자치도","남자","75세 이상",1463,95,28,61,70,209,112,86,86,716,
"제주특별자치도","여자","합계",34558,5740,3697,2597,2752,5631,2490,1400,1504,8747,
"제주특별자치도","여자","20세 미만",237,154,41,17,19,,,6,,,
"제주특별자치도","여자","20~24",1201,661,238,113,68,94,11,6,10,,
"제주특별자치도","여자","25~29",1510,709,272,225,160,110,18,11,,5,
"제주특별자치도","여자","30~34",1531,628,334,190,158,166,31,13,9,2,
"제주특별자치도","여자","35~39",1758,678,337,216,191,272,46,9,,9,
"제주특별자치도","여자","40~44",1971,566,360,304,245,367,68,28,20,13,
"제주특별자치도","여자","45~49",2412,608,412,301,257,582,138,53,27,34,
"제주특별자치도","여자","50~54",2608,441,439,222,317,633,269,137,78,72,
"제주특별자치도","여자","55~59",2956,394,441,274,342,702,360,103,180,160,
"제주특별자치도","여자","60~64",2407,216,220,269,244,450,242,156,165,445,
"제주특별자치도","여자","65~69",2906,245,184,175,185,644,241,178,233,821,
"제주특별자치도","여자","70~74",3156,135,157,102,179,478,346,161,216,1382,
"제주특별자치도","여자","75세 이상",9905,305,262,189,387,1133,720,539,566,5804,
