"가구원수별","가계수지항목별",2019.1/4,2019.1/4,2019.1/4,2019.2/4,2019.2/4,2019.2/4,2019.3/4,2019.3/4,2019.3/4,2019.4/4,2019.4/4,2019.4/4,2020.1/4,2020.1/4,2020.1/4,2020.2/4,2020.2/4,2020.2/4,2020.3/4,2020.3/4,2020.3/4,2020.4/4,2020.4/4,2020.4/4,2021.1/4,2021.1/4,2021.1/4,2021.2/4,2021.2/4,2021.2/4,2021.3/4,2021.3/4,2021.3/4,2021.4/4,2021.4/4,2021.4/4,2022.1/4,2022.1/4,2022.1/4,2022.2/4,2022.2/4,2022.2/4,2022.3/4,2022.3/4,2022.3/4,2022.4/4,2022.4/4,2022.4/4
"가구원수별","가계수지항목별",전체가구,근로자가구,근로자외가구,전체가구,근로자가구,근로자외가구,전체가구,근로자가구,근로자외가구,전체가구,근로자가구,근로자외가구,전체가구,근로자가구,근로자외가구,전체가구,근로자가구,근로자외가구,전체가구,근로자가구,근로자외가구,전체가구,근로자가구,근로자외가구,전체가구,근로자가구,근로자외가구,전체가구,근로자가구,근로자외가구,전체가구,근로자가구,근로자외가구,전체가구,근로자가구,근로자외가구,전체가구,근로자가구,근로자외가구,전체가구,근로자가구,근로자외가구,전체가구,근로자가구,근로자외가구,전체가구,근로자가구,근로자외가구
"전체 평균","가구원수 (명)",2.42,2.61,2.18,2.41,2.56,2.19,2.42,2.56,2.22,2.42,2.55,2.22,2.40,2.53,2.22,2.40,2.52,2.25,2.40,2.52,2.24,2.39,2.49,2.25,2.37,2.49,2.22,2.37,2.48,2.21,2.37,2.47,2.22,2.36,2.47,2.22,2.33,2.44,2.18,2.33,2.43,2.18,2.33,2.43,2.17,2.33,2.44,2.16
"전체 평균","가구주연령 (세)",52.20,46.71,59.57,52.15,47.60,58.90,52.03,47.17,58.99,52.08,47.30,59.08,52.43,47.13,59.55,52.42,47.40,59.17,52.46,47.37,59.62,52.47,47.62,59.40,52.84,47.50,59.87,52.66,48.42,58.88,52.62,48.17,59.17,52.67,47.81,59.68,52.35,47.08,59.81,52.30,47.65,59.19,52.27,47.86,59.05,52.27,47.73,59.56
"전체 평균","가구분포 (%)",100.00,100.00,100.00,100.00,100.00,100.00,100.00,100.00,100.00,100.00,100.00,100.00,100.00,100.00,100.00,100.00,100.00,100.00,100.00,100.00,100.00,100.00,100.00,100.00,100.00,100.00,100.00,100.00,100.00,100.00,100.00,100.00,100.00,100.00,100.00,100.00,100.00,100.00,100.00,100.00,100.00,100.00,100.00,100.00,100.00,100.00,100.00,100.00
"전체 평균","소득",4271911,5219758,3000893,4168865,4890840,3098305,4301979,5009750,3288868,4284972,4834230,3481096,4366070,5276492,3143146,4315385,5032809,3352037,4377301,5082240,3386126,4361723,4928143,3552108,4383813,5290038,3192094,4286962,5012008,3220820,4728905,5460932,3651827,4642311,5268864,3739680,4825037,5669470,3629796,4831061,5279701,4165507,4868667,5510040,3881281,4833575,5464131,3822462
"전체 평균","경상소득",4187631,5142679,2906957,4111302,4845590,3022483,4247403,4950467,3241031,4214941,4759726,3417611,4253196,5168985,3023063,4244221,4963305,3278645,4307546,5012952,3315715,4280242,4856110,3457124,4300458,5204857,3111140,4207908,4921512,3158590,4666109,5395464,3592964,4539211,5150188,3659019,4736658,5590495,3528108,4739277,5200760,4054671,4788007,5447181,3773217,4738128,5380940,3707364
"전체 평균","근로소득",2767115,4448305,512720,2715584,4196454,519716,2790651,4330233,586877,2726397,4186904,588846,2815578,4472808,589503,2576278,4088525,545652,2781474,4353933,570528,2738479,4232765,602616,2778016,4494651,520581,2742538,4233273,550490,2954059,4561910,588326,2893183,4480990,605737,3062287,4810484,587827,2886684,4412904,622552,3114403,4722605,638596,3120910,4690177,604553
"전체 평균","사업소득",774345,191951,1555308,833315,228785,1729726,852757,194634,1794801,975135,223173,2075684,779417,200896,1556516,778438,174370,1589574,853418,183657,1795132,937250,219491,1963181,767065,176757,1543340,806440,209729,1683872,884788,206460,1882855,1018136,236219,2144590,862489,213118,1781631,926706,241112,1943777,991030,244283,2140639,1017988,278584,2203641
"전체 평균","재산소득",34095,30432,39008,45210,50009,38093,27562,16253,43749,25145,15664,39022,38012,30209,48495,26511,16474,39989,31059,24478,40313,24915,16748,36589,32548,24182,43550,42347,44541,39120,23624,20017,28932,25880,19845,34576,31892,21990,45907,32650,24896,44154,30414,22008,43354,28874,20162,42843
"전체 평균","이전소득",612075,471991,799921,517194,370343,734948,576434,409348,815604,488263,333985,714060,620189,465071,828550,862994,683937,1103430,641594,450884,909742,579598,387105,854738,722829,509267,1003669,616584,433970,885108,803638,607076,1092851,602012,413133,874117,779991,544902,1112743,893237,521848,1444189,652161,458286,950629,570356,392017,856327
"전체 평균","비경상소득",84280,77079,93936,57563,45249,75822,54576,59284,47837,70031,74504,63485,112874,107507,120083,71164,69504,73392,69755,69289,70411,81481,72034,94984,83355,85181,80953,79054,90496,62230,62796,65468,58864,103100,118676,80660,88379,78975,101688,91784,78941,110836,80660,62859,108064,95446,83191,115098
"전체 평균","가계지출",3458752,4027578,2695984,3191378,3653718,2505810,3386671,3869950,2694900,3287733,3738516,2627981,3264129,3765720,2590367,3181429,3620515,2591830,3284260,3718166,2674169,3227499,3660373,2608769,3291618,3817542,2600009,3308279,3794599,2593172,3499828,3989555,2779262,3405845,3854925,2758887,3495914,4039838,2726024,3507630,3949409,2852253,3720713,4119250,3107172,3624996,4056758,2932656
"전체 평균","소비지출",2544919,2876669,2100058,2357094,2615437,1974017,2467777,2750911,2062496,2464541,2738476,2063618,2379576,2647195,2020097,2385004,2630463,2055405,2426415,2658150,2100584,2407610,2646977,2065469,2418703,2697192,2052480,2475079,2744442,2078995,2544163,2811703,2150514,2546841,2777341,2214775,2531308,2811123,2135249,2619402,2842954,2287763,2702345,2907617,2386331,2696830,2909351,2356047
"전체 평균","01.식료품 · 비주류음료",330884,346139,310426,308864,322744,288281,348036,352566,341550,342639,343517,341354,358109,379405,329504,363972,377304,346071,406929,413570,397591,394453,392973,396570,384374,392421,373793,371261,383745,352903,430029,438016,418277,403521,397820,411734,387984,395835,376873,364574,366054,362378,406619,408932,403059,398961,394709,405779
"전체 평균","02.주류 · 담배",36489,40141,31592,35550,38418,31297,37370,39618,34152,33809,35844,30831,34436,37191,30735,38889,42192,34455,40230,44093,34798,36448,40381,30826,36499,41362,30104,39512,43494,33657,42376,45398,37930,37811,41271,32825,36279,39535,31669,38346,42032,32877,42052,46244,35598,39413,42016,35238
"전체 평균","03.의류 · 신발",134719,160770,99787,144409,169193,107658,111399,128978,86236,163304,186919,128743,97489,115958,72682,134561,159074,101646,96306,112780,73142,143790,168008,109173,106509,126516,80199,128920,148467,100177,105894,122581,81340,161273,184455,127876,112625,132673,84247,144980,162617,118816,122077,141979,91437,163875,188970,123634
"전체 평균","04.주거 · 수도 · 광열",321450,330405,309441,265155,273763,252392,250660,251967,248790,273103,285924,254340,318010,324103,309827,283702,292638,271702,263000,278142,241708,279471,289037,265799,339681,354324,320424,305945,321031,283761,269469,279364,254909,279023,284941,270497,347599,359985,330069,295947,299020,291388,268742,270369,266237,295824,298757,291120
"전체 평균","05.가정용품 · 가사서비스",118167,135217,95303,118880,124717,110227,109794,123501,90174,116087,129208,96883,103958,119463,83132,143076,156848,124583,130945,138985,119639,127864,139889,110676,118656,137461,93926,133004,157018,97692,140309,152854,121850,129290,140378,113316,106280,118496,88988,120479,129638,106894,127566,126145,129753,114446,120895,104105
"전체 평균","06.보건",207099,204393,210729,197888,195624,201244,195754,186202,209425,208402,208198,208701,224818,228638,219688,211678,205859,219493,216218,209824,225209,229094,229277,228833,214730,215778,213352,234101,243629,220091,223178,225445,219842,233248,222914,248135,230818,227648,235305,239971,231064,253185,227314,221118,236852,231286,224995,241374
"전체 평균","07.교통",285307,331389,223514,265880,311323,198497,307792,376903,208867,323291,380344,239789,278881,304604,244329,297292,338484,241980,271294,300463,230282,305879,355940,234324,270775,315574,211863,295996,330693,244976,287161,336668,214317,296148,339432,233793,278347,317141,223435,330965,391919,240541,311724,334289,276986,344681,383024,283196
"전체 평균","08.통신",117159,129726,100308,122189,131054,109042,124483,136818,106827,128299,138456,113433,118363,129644,103209,117103,126288,104770,124036,135165,108388,119958,132500,102031,120094,130660,106199,118830,131655,99971,127767,140687,108757,128467,140786,110721,121676,133537,104887,123161,132894,108723,131373,141950,115090,134917,148930,112447
"전체 평균","09.오락 · 문화",195295,229221,149803,178765,200009,147264,185039,211652,146945,163452,192971,120249,151646,175595,119477,141346,164617,110098,136496,156432,108466,129506,155029,93024,137391,163598,102927,147101,166327,118830,141510,162333,110871,143778,166543,110981,143824,169643,107278,176256,198637,143055,180949,200971,150124,172561,182470,156671
"전체 평균","10.교육",258482,325286,168901,165121,211361,96555,243397,301379,160401,153169,192019,96309,187560,241597,114975,114338,148177,68900,206918,256021,137878,127438,160450,80253,202477,246068,145153,149886,186251,96414,221198,271904,146590,153735,192198,98325,229823,286537,149548,166451,200137,116478,239347,288451,163751,175683,219636,105202
"전체 평균","11.음식 · 숙박",335250,410359,234534,343207,406470,249399,354046,419879,259812,349821,414047,255823,299615,364413,212575,332287,394988,248092,335402,396079,250088,309449,366783,227498,292485,357212,207366,343397,404758,253169,352921,412884,264692,361915,426300,269161,333221,399526,239371,401937,463375,310793,433731,498223,334446,414746,476975,314960
"전체 평균","12.기타상품 · 서비스",204617,233624,165720,211186,230761,182160,200007,221448,169317,209164,231028,177165,206690,226585,179965,206759,223994,183616,198641,216594,173397,204260,216710,186464,195033,216217,167175,207128,227376,177353,202353,223569,171137,218632,240302,187412,202834,230568,163578,216333,225567,202636,210852,228945,182999,210438,227972,182321
"전체 평균","비소비지출",913833,1150909,595926,834284,1038281,531794,918894,1119039,632404,823192,1000039,564363,884553,1118525,570270,796425,990053,536425,857846,1060016,573585,819889,1013396,543300,872915,1120350,547529,833200,1050157,514177,955665,1177852,628748,859005,1077584,544112,964606,1228715,590776,888228,1106455,564490,1018368,1211632,720841,928166,1147407,576609
"전체 평균","처분가능소득",3358077,4068849,2404967,3334581,3852559,2566512,3383085,3890712,2656464,3461781,3834191,2916733,3481518,4157967,2572876,3518960,4042757,2815612,3519456,4022225,2812541,3541834,3914748,3008808,3510898,4169688,2644565,3453761,3961851,2706643,3773240,4283080,3023080,3783306,4191279,3195568,3860431,4440755,3039020,3942833,4173246,3601017,3850299,4298408,3160441,3905409,4316724,3245854
"전체 평균","흑자액",813159,1192180,304909,977487,1237122,592495,915308,1139800,593968,997240,1095714,853115,1101941,1510772,552779,1133956,1412294,760207,1093041,1364075,711957,1134224,1267770,943339,1092195,1472496,592085,978682,1217409,627648,1229077,1471377,872566,1236466,1413939,980793,1329123,1629632,903772,1323431,1330292,1313253,1147954,1390791,774109,1208578,1407373,889807
"전체 평균","흑자율 (%)",24.2,29.3,12.7,29.3,32.1,23.1,27.1,29.3,22.4,28.8,28.6,29.2,31.7,36.3,21.5,32.2,34.9,27.0,31.1,33.9,25.3,32.0,32.4,31.4,31.1,35.3,22.4,28.3,30.7,23.2,32.6,34.4,28.9,32.7,33.7,30.7,34.4,36.7,29.7,33.6,31.9,36.5,29.8,32.4,24.5,30.9,32.6,27.4
"전체 평균","평균소비성향 (%)",75.8,70.7,87.3,70.7,67.9,76.9,72.9,70.7,77.6,71.2,71.4,70.8,68.3,63.7,78.5,67.8,65.1,73.0,68.9,66.1,74.7,68.0,67.6,68.6,68.9,64.7,77.6,71.7,69.3,76.8,67.4,65.6,71.1,67.3,66.3,69.3,65.6,63.3,70.3,66.4,68.1,63.5,70.2,67.6,75.5,69.1,67.4,72.6
"1인","가구원수 (명)",1.00,1.00,1.00,1.00,1.00,1.00,1.00,1.00,1.00,1.00,1.00,1.00,1.00,1.00,1.00,1.00,1.00,1.00,1.00,1.00,1.00,1.00,1.00,1.00,1.00,1.00,1.00,1.00,1.00,1.00,1.00,1.00,1.00,1.00,1.00,1.00,1.00,1.00,1.00,1.00,1.00,1.00,1.00,1.00,1.00,1.00,1.00,1.00
"1인","가구주연령 (세)",50.24,41.99,59.17,50.08,43.38,58.28,50.07,43.55,57.98,50.28,43.56,58.63,50.40,43.36,59.22,50.34,43.71,58.63,50.60,43.61,59.72,50.55,44.03,59.21,51.11,43.88,60.23,50.89,45.37,58.63,50.59,44.61,59.25,50.61,44.44,59.36,49.73,42.94,59.08,49.85,43.83,58.56,49.71,43.87,58.45,49.59,43.46,58.80
"1인","가구분포 (%)",29.17,26.46,32.80,29.35,27.04,32.77,29.16,27.17,32.01,29.15,27.19,32.03,29.65,28.75,30.87,29.68,28.76,30.90,29.75,28.83,31.03,29.75,28.85,31.03,30.24,29.68,30.97,30.27,29.70,31.11,30.27,30.05,30.59,30.29,30.09,30.59,31.75,31.41,32.23,31.75,31.42,32.23,31.75,31.39,32.30,31.75,30.95,33.02
"1인","소득",2407648,3167443,1585811,2361746,2989643,1593391,2290356,2939179,1502138,2254577,2868134,1492281,2295401,2991933,1423946,2305677,2947290,1503699,2365787,3039003,1486382,2294730,2885134,1509942,2473262,3295805,1436406,2424039,3061706,1528932,2644641,3255947,1760953,2538700,3110166,1728689,2725847,3373824,1832029,2805444,3218095,2208621,2851084,3381495,2057585,2715204,3313821,1815259
"1인","경상소득",2341772,3117968,1502194,2328837,2966462,1548580,2261634,2918599,1463524,2203310,2816637,1441299,2272118,2965726,1404323,2281683,2925237,1477280,2318958,3001280,1427658,2263483,2864819,1464164,2431501,3248052,1402199,2387650,3013571,1509029,2606731,3221751,1717675,2472083,3029941,1681360,2683991,3340172,1778856,2755259,3167472,2159068,2814393,3356510,2003382,2654433,3257613,1747629
"1인","근로소득",1480923,2787653,67489,1456926,2603936,53338,1437108,2588114,38817,1407838,2503791,46203,1504100,2678075,35302,1416992,2534200,20549,1557053,2717165,41629,1519848,2619274,58449,1655717,2939971,36853,1607323,2728275,33816,1695098,2848895,27202,1625679,2745229,38797,1784001,3032060,62428,1716660,2857631,66453,1827651,3032417,25310,1795261,2963440,39052
"1인","사업소득",378508,36717,748209,394789,39054,830101,364478,45680,751767,374970,44446,785620,328651,23373,710596,300802,30805,638282,309608,35917,667124,317826,41386,685280,275188,37741,574501,311593,26446,711861,342158,35956,784793,404418,58667,894495,359492,29572,814584,426988,31291,999291,485442,39124,1153138,418258,59752,957226
"1인","재산소득",18913,23835,13589,62289,100382,15674,11351,10817,11999,15423,11870,19837,15796,14637,17246,10657,7196,14984,12819,7886,19262,12476,7496,19096,11476,4769,19930,21945,19842,24897,12663,11084,14944,14068,10866,18607,11460,5958,19051,16579,12012,23185,23079,25463,19513,13693,12274,15825
"1인","이전소득",463428,269763,672907,414833,223090,649467,448697,273988,660941,405079,256529,589639,423571,249641,641180,553233,353036,803466,439478,240312,699643,413333,196663,701339,489121,265571,770915,446788,239008,738454,556813,325815,890736,427919,215179,729462,529037,272582,882792,595032,266537,1070140,478221,259506,805421,427222,222147,735527
"1인","비경상소득",65876,49475,83617,32908,23182,44811,28722,20580,38615,51267,51497,50982,23282,26207,19623,23993,22053,26419,46829,37723,58724,31247,20315,45778,41761,47753,34207,36390,48135,19903,37910,34197,43278,66617,80225,47329,41856,33652,53174,50185,50623,49552,36691,24985,54203,60771,56208,67630
"1인","가계지출",2010485,2508360,1471955,1885611,2273341,1411148,1912408,2292378,1450804,1931884,2340407,1424327,1783132,2119708,1362031,1750338,2076766,1342323,1849606,2179407,1418795,1819614,2147532,1383732,1814585,2192257,1338511,1862922,2196634,1394483,1984253,2268770,1572963,2001201,2348914,1508342,2033385,2411926,1511224,2091301,2372837,1684109,2199310,2464908,1801974,2171925,2497815,1681990
"1인","소비지출",1457365,1730032,1162433,1370579,1559684,1139171,1361723,1550937,1131857,1472874,1724262,1160543,1294287,1475446,1067633,1292405,1445003,1101668,1354651,1505579,1157497,1341519,1501974,1128236,1307699,1488278,1080070,1378178,1538760,1152765,1441962,1560066,1271236,1487754,1651755,1255295,1467065,1652149,1211759,1554627,1673262,1383043,1588645,1712290,1403672,1604836,1742139,1398418
"1인","01.식료품 · 비주류음료",164708,154906,175310,150794,146491,156060,171405,162796,181863,170092,158220,184843,163653,161120,166823,166174,155847,179083,197820,183728,216228,195202,177064,219312,186855,176699,199658,177443,166234,193177,210351,194618,233095,202720,184246,228905,192225,176020,214579,181874,162335,210135,204164,188453,227667,204409,182929,236701
"1인","02.주류 · 담배",34011,40933,26524,32289,36745,26836,33244,36287,29548,29248,32577,25111,29864,34836,23643,33306,39560,25490,33075,37516,27274,29303,36073,20303,29751,36546,21184,32349,37854,24621,35912,41306,28114,33630,38790,26316,33048,38306,25796,35436,40947,27466,38778,44833,29720,34121,37250,29418
"1인","03.의류 · 신발",72812,93322,50628,74587,90855,54680,58574,72522,41631,93975,115846,66802,54877,71900,33579,67052,84296,45498,55424,65990,41621,76117,93331,53236,58782,76740,36145,68043,82648,47542,57598,71374,37685,88010,107174,60846,65171,82021,41928,77954,91431,58461,74289,90482,50065,95285,110565,72313
"1인","04.주거 · 수도 · 광열",280816,301940,257967,249132,266825,227480,232948,243883,219663,256170,259843,251607,286107,293459,276908,262938,277747,244428,238036,255930,214661,244019,251005,234733,277387,282441,271017,253667,258600,246742,245082,253466,232962,262423,267325,255475,300210,301040,299064,266772,270453,261448,245575,246172,244682,277955,278473,277175
"1인","05.가정용품 · 가사서비스",50484,47393,53826,57402,55071,60254,54642,58132,50403,70410,86032,51000,45669,50487,39640,64826,65806,63601,60818,61167,60363,58122,61381,53790,54303,59864,47293,58416,63752,50926,65825,60788,73108,70295,70278,70320,58219,64316,49809,73734,69751,79495,60761,51808,74156,65872,68521,61891
"1인","06.보건",106868,94189,120582,110390,89424,136045,112469,101182,126181,105941,99342,114139,104361,94618,116552,110102,103117,118833,124209,114477,136922,128289,121556,137240,114573,102174,130203,122980,116311,132342,127952,117857,142546,118494,111044,129055,130408,124075,139144,125501,110216,147606,125486,112932,144268,130803,117723,150467
"1인","07.교통",196838,280761,106062,185690,243519,114925,150889,190730,102487,206124,283389,110129,122706,155879,81202,116195,140427,85906,123208,149121,89357,141103,176263,94367,114537,157752,60061,151121,195421,88936,167252,187570,137882,161881,205937,99435,160101,204667,98627,195529,231569,143405,193545,203914,178034,173640,216141,109746
"1인","08.통신",60621,71023,49369,61275,73076,46834,61674,72485,48541,60779,70240,49025,60649,72732,45532,58133,65732,48636,61342,71505,48066,62706,75037,46315,63084,75893,46938,61815,72507,46807,67646,75828,55818,67347,76785,53968,64005,78352,44216,61601,71686,47015,70783,80437,56340,74845,86616,57149
"1인","09.오락 · 문화",98625,121658,73710,94657,111992,73444,95985,115831,71876,104061,140056,59340,92054,116243,61790,78864,96644,56640,85340,106990,57059,81426,106304,48357,80734,102442,53369,92430,107640,71079,87218,102712,64820,95916,113124,71525,91751,112196,63549,114351,131639,89348,117375,139195,84732,112435,126540,91229
"1인","10.교육",55426,89177,18919,17816,24006,10242,44168,57296,28220,19354,27405,9351,31432,43374,16489,8611,9578,7402,32830,38839,24980,12361,18574,4102,22557,28400,15191,13133,15495,9818,29729,36097,20524,13487,16450,9287,30204,41865,14120,14739,15314,13908,36795,50021,17010,19943,22521,16069
"1인","11.음식 · 숙박",222383,296433,142286,219218,278929,146149,228694,294129,149200,238482,305018,155816,203632,265215,126584,229169,295706,146002,232443,296361,148948,213783,273713,134121,203989,272668,117416,239306,299894,154256,240189,297469,157386,251276,312635,164304,232620,297406,143255,277993,343724,182926,300965,369614,198266,291341,359413,189004
"1인","12.기타상품 · 서비스",113774,138295,87251,117330,142752,86221,117030,145665,82243,118238,146295,83380,99283,115582,78892,97034,110543,80148,110107,123957,92016,99089,111675,82360,101147,116658,81594,107475,122405,86519,107207,120981,87296,122276,147967,85859,109102,131887,77672,129143,134199,121831,120129,134431,98733,124187,135448,107259
"1인","비소비지출",553120,778328,309523,515032,713656,271977,550685,741441,318947,459010,616144,263784,488845,644262,294399,457933,631763,240655,494956,673828,261298,478095,645559,255496,506886,703979,258441,484744,657874,241718,542290,708704,301727,513447,697159,253048,566320,759777,299465,536674,699575,301066,610665,752619,398302,567089,755677,283572
"1인","처분가능소득",1854528,2389115,1276289,1846713,2275987,1321414,1739671,2197738,1183191,1795567,2251990,1228497,1806555,2347671,1129548,1847744,2315527,1263043,1870832,2365175,1225084,1816635,2239575,1254446,1966375,2591826,1177965,1939295,2403832,1287214,2102350,2547243,1459226,2025254,2413007,1475641,2159528,2614047,1532564,2268771,2518520,1907554,2240419,2628877,1659283,2148115,2558145,1531688
"1인","흑자액",397163,659083,113856,476135,716303,182243,377948,646801,51335,322693,527728,67954,512269,872226,61915,555339,870525,161376,516181,859596,67587,475116,737602,126211,658677,1103548,97895,561117,865072,134449,660388,987177,187990,537499,761252,220346,692463,961897,320805,714144,845257,524511,651774,916587,255611,543279,816006,133270
"1인","흑자율 (%)",21.4,27.6,8.9,25.8,31.5,13.8,21.7,29.4,4.3,18.0,23.4,5.5,28.4,37.2,5.5,30.1,37.6,12.8,27.6,36.3,5.5,26.2,32.9,10.1,33.5,42.6,8.3,28.9,36.0,10.4,31.4,38.8,12.9,26.5,31.5,14.9,32.1,36.8,20.9,31.5,33.6,27.5,29.1,34.9,15.4,25.3,31.9,8.7
"1인","평균소비성향 (%)",78.6,72.4,91.1,74.2,68.5,86.2,78.3,70.6,95.7,82.0,76.6,94.5,71.6,62.8,94.5,69.9,62.4,87.2,72.4,63.7,94.5,73.8,67.1,89.9,66.5,57.4,91.7,71.1,64.0,89.6,68.6,61.2,87.1,73.5,68.5,85.1,67.9,63.2,79.1,68.5,66.4,72.5,70.9,65.1,84.6,74.7,68.1,91.3
"2인","가구원수 (명)",2.00,2.00,2.00,2.00,2.00,2.00,2.00,2.00,2.00,2.00,2.00,2.00,2.00,2.00,2.00,2.00,2.00,2.00,2.00,2.00,2.00,2.00,2.00,2.00,2.00,2.00,2.00,2.00,2.00,2.00,2.00,2.00,2.00,2.00,2.00,2.00,2.00,2.00,2.00,2.00,2.00,2.00,2.00,2.00,2.00,2.00,2.00,2.00
"2인","가구주연령 (세)",60.07,52.21,66.36,59.71,53.39,65.77,59.90,53.18,66.35,60.09,54.48,65.54,60.00,53.54,65.35,59.70,53.19,65.49,59.84,53.23,65.94,59.52,53.44,65.51,59.80,52.80,65.52,59.45,54.26,64.28,59.69,54.58,64.49,59.92,53.58,65.78,59.95,52.96,66.28,59.44,53.50,65.35,59.75,54.60,65.00,59.93,54.24,65.80
"2인","가구분포 (%)",27.09,21.04,35.21,27.10,22.20,34.35,27.10,22.53,33.65,27.16,22.53,33.94,27.72,21.92,35.51,27.65,22.71,34.30,27.56,22.63,34.49,27.55,23.24,33.70,28.04,22.22,35.69,28.13,22.81,35.95,28.06,22.86,35.73,27.97,22.77,35.47,28.02,22.75,35.50,28.02,23.42,34.85,28.02,23.34,35.23,28.02,23.12,35.89
"2인","소득",3453068,4494358,2618514,3549568,4354623,2778099,3733041,4489553,3007848,3815484,4338362,3307559,3537686,4541027,2705812,3738192,4512421,3049890,3711034,4453956,3025547,3893514,4542484,3253846,3748599,4819848,2871719,3812983,4704289,2981587,4152376,4893290,3455043,4224733,4904610,3595916,4116120,5123210,3202637,4343485,4924719,3764071,4305258,5042286,3553432,4433217,5035754,3810785
"2인","경상소득",3398330,4470486,2539038,3469770,4287668,2685994,3679952,4437309,2953950,3731408,4272883,3205417,3455277,4452498,2628478,3643231,4419007,2953554,3659125,4385411,2988986,3799335,4434034,3173732,3650497,4695520,2795085,3754275,4645622,2922842,4082902,4848457,3362378,4085373,4728407,3490631,4031585,5034966,3121467,4257147,4856613,3659560,4236173,4991289,3465894,4296356,4923819,3648175
"2인","근로소득",1842503,3675116,373734,1901066,3496821,371885,1949069,3577302,388244,1917585,3487244,392812,1853832,3665199,352021,1777259,3407646,327821,1895955,3546876,372664,1940092,3518637,384171,1853528,3722323,323809,1929485,3616397,355961,2029653,3775908,386114,2010234,3786461,367403,2055888,3960828,328010,2061035,3688630,438539,2217022,3938688,460787,2166528,3877316,399250
"2인","사업소득",714202,227798,1104036,776533,234835,1295632,835066,223514,1421301,1058909,270252,1825014,751197,225132,1187359,751495,196895,1244542,836044,194689,1427818,931289,264657,1588366,744656,239005,1158562,862228,265064,1419254,976177,256464,1653556,1176404,328682,1960461,887340,300570,1419570,956241,349386,1561195,1042670,350568,1748669,1232035,393816,2097933
"2인","재산소득",46204,28388,60483,47172,32272,61450,47430,24939,68990,47114,27380,66284,55675,26677,79718,47035,22423,68916,62826,53159,71747,41387,28480,54109,57882,54748,60448,87096,125654,51129,39131,44942,33661,39636,35371,43581,61175,47149,73898,59711,48437,70950,55841,39212,72803,49734,38666,61167
"2인","이전소득",795421,539185,1000785,744999,523740,957026,848387,611554,1075415,707800,488008,921307,794573,535490,1009379,1067441,792042,1312275,864298,590687,1116757,886567,622260,1147086,994431,679444,1252266,875467,638508,1096498,1037941,771143,1289046,859099,577894,1119185,1027182,726420,1299990,1180160,770159,1588876,920640,662821,1183636,848059,614022,1089825
"2인","비경상소득",54738,23872,79477,79798,66956,92105,53089,52244,53898,84077,65479,102142,82408,88529,77334,94961,93415,96336,51910,68545,36560,94180,108450,80114,98102,124328,76634,58708,58667,58746,69474,44833,92666,139360,176202,105285,84535,88244,81170,86337,68106,104511,69086,50996,87538,136861,111935,162610
"2인","가계지출",2809925,3301605,2415862,2672812,3028425,2332036,2823905,3214300,2449672,2803739,3204059,2414865,2668574,3239997,2194806,2680606,3111047,2297937,2744627,3153707,2367171,2796659,3245539,2354212,2795381,3315010,2370035,2792981,3205859,2407855,3013736,3416136,2635005,2945048,3328947,2589980,2986133,3572346,2454409,2991244,3389443,2594294,3164992,3537812,2784687,3093796,3404238,2773105
"2인","소비지출",2058559,2324135,1845709,1992889,2175521,1817877,2058554,2250592,1874466,2094331,2330046,1865356,1933080,2265369,1657578,2073782,2316040,1858412,2052013,2297550,1825459,2108016,2386640,1833386,2057621,2335175,1830428,2103083,2291190,1927620,2179231,2393211,1977837,2230998,2410461,2065014,2185563,2510104,1891188,2251172,2461056,2041946,2273548,2470996,2072136,2324517,2439822,2205404
"2인","01.식료품 · 비주류음료",322096,318366,325086,294769,285028,304103,353495,338169,368187,354220,342202,365895,347286,358015,338390,343427,335625,350363,418738,409005,427718,401259,378915,423283,379959,374088,384764,371014,372072,370027,443970,438392,449220,419128,396569,439993,391752,394764,389019,367199,353590,380765,424821,413040,436838,422534,400870,444913
"2인","02.주류 · 담배",35552,43212,29413,35068,41466,28937,35208,42651,28073,31673,36307,27172,31223,33799,29088,37667,43530,32455,38312,46477,30778,33501,39302,27783,33596,38908,29247,35994,40610,31689,37303,40165,34610,33062,37251,29189,33610,39304,28445,34625,40003,29264,37270,41704,32747,36587,38846,34252
"2인","03.의류 · 신발",102943,131883,79749,114815,140967,89754,86300,102645,70631,130623,156194,105784,70959,91561,53878,104602,126975,84713,77080,94952,60589,110361,133210,87839,77141,101894,56880,103328,123423,84583,86406,100474,73166,128009,159962,98456,86605,113105,62568,119198,137877,100578,98733,120096,76941,131397,162680,99081
"2인","04.주거 · 수도 · 광열",317974,340328,300059,256828,264902,249092,240839,242400,239342,242474,252408,232824,290797,312842,272520,265278,277982,253984,241229,263157,220996,258180,270638,245900,317464,342909,296635,273527,286132,261770,260811,292549,230940,261929,260013,263701,355254,411394,304332,283721,308615,258905,239345,271557,206486,274962,283567,266073
"2인","05.가정용품 · 가사서비스",116322,131190,104406,108868,105681,111922,101968,101734,102191,100755,109322,92433,87760,114205,65834,137272,151798,124357,112368,108808,115653,128845,145448,112480,101260,122072,84224,100155,119638,81982,128084,148752,108632,121643,122142,121181,94000,99302,89191,107754,112962,102563,118071,107271,129089,107452,108147,106733
"2인","06.보건",239945,214381,260433,237188,237075,237297,229533,191883,265624,255065,239363,270318,245657,247510,244120,250809,225335,273455,248407,253249,243939,265233,251102,279161,244036,223372,260951,256696,249702,263220,260745,266245,255568,280592,261978,297809,259720,232243,284644,264993,238551,291351,259318,234833,284294,271970,257789,286619
"2인","07.교통",198305,244404,161358,231170,262547,201102,249366,317210,184331,258950,321729,197967,200008,271113,141054,263909,355512,182472,243282,291250,199023,267255,378325,157778,259983,321042,210002,269883,297509,244113,231680,252628,211964,275851,287756,264840,242854,296570,194132,295361,367053,223893,240404,282538,197425,261331,253824,269085
"2인","08.통신",94257,114357,78147,91860,104863,79399,103052,121441,85425,102211,123545,81487,91937,105358,80809,95088,102793,88238,98496,118664,79887,94123,111418,77077,92295,108450,79070,96037,104567,88081,105580,119896,92105,101885,122593,82733,95531,115730,77210,102636,116998,88319,110370,121955,98553,108105,125342,90299
"2인","09.오락 · 문화",140417,149183,133392,139548,150476,129076,139256,153782,125332,135915,157331,115111,114251,139785,93082,106768,129584,86484,92680,109684,76990,98813,131262,66829,94949,124491,70766,120873,140699,102379,102027,117748,87232,104473,126092,84477,117750,164773,75098,146527,181995,111170,141546,161246,121450,157924,149989,166121
"2인","10.교육",69840,106174,40720,29243,45687,13486,68713,100168,38560,27313,38212,16726,47668,68069,30754,17616,18112,17175,57410,75731,40505,30024,47631,12669,53801,77638,34290,29680,36289,23516,62377,73243,52150,29663,39293,20757,65685,90593,43092,25387,29107,21679,72066,93705,49992,29550,41791,16905
"2인","11.음식 · 숙박",250481,328802,187711,268165,337549,201676,268479,333910,205758,267410,334389,202347,223249,299730,159838,251948,328230,184131,255115,328336,187554,238311,302800,174747,215201,288141,155495,267349,333330,205802,278173,333483,226116,281275,358444,209902,254753,328958,187446,310861,372873,249043,335233,410868,258079,326137,395710,254266
"2인","12.기타상품 · 서비스",170425,201856,145235,185366,199281,172033,182345,204599,161013,187720,219043,157293,182284,223382,148210,199399,220562,180584,168898,198237,141828,182112,196591,167841,187938,212171,168103,178547,187219,170458,182075,209637,156134,193487,238368,151976,188047,223367,156010,192910,201433,184414,196371,212182,180242,196571,221268,171059
"2인","비소비지출",751366,977470,570153,679923,852904,514159,765351,963708,575206,709408,874013,549509,735494,974628,537228,606823,795006,439526,692613,856157,541712,688643,858899,520827,737760,979835,539608,689898,914669,480235,834505,1022925,657168,714049,918486,524966,800570,1062241,563221,740072,928387,552348,891444,1066817,712551,769280,964415,567700
"2인","처분가능소득",2701702,3516888,2048362,2869645,3501719,2263941,2967690,3525845,2432642,3106077,3464349,2758049,2802192,3566400,2168584,3131368,3717415,2610364,3018421,3597799,2483834,3204872,3683585,2733020,3010839,3840013,2332112,3123085,3789620,2501353,3317871,3870365,2797875,3510684,3986123,3070950,3315550,4060969,2639416,3603412,3996333,3211723,3413814,3975469,2840882,3663938,4071339,3243084
"2인","흑자액",643143,1192752,202653,876756,1326199,446064,909136,1275253,558176,1011746,1134303,892693,869112,1301030,511006,1057586,1401375,751952,966408,1300249,658376,1096856,1296945,899634,953218,1504838,501684,1020002,1498430,573733,1138640,1477154,820038,1279685,1575663,1005936,1129987,1550865,748229,1352240,1535276,1169777,1140266,1504473,768746,1339421,1631516,1037680
"2인","흑자율 (%)",23.8,33.9,9.9,30.6,37.9,19.7,30.6,36.2,22.9,32.6,32.7,32.4,31.0,36.5,23.6,33.8,37.7,28.8,32.0,36.1,26.5,34.2,35.2,32.9,31.7,39.2,21.5,32.7,39.5,22.9,34.3,38.2,29.3,36.5,39.5,32.8,34.1,38.2,28.3,37.5,38.4,36.4,33.4,37.8,27.1,36.6,40.1,32.0
"2인","평균소비성향 (%)",76.2,66.1,90.1,69.4,62.1,80.3,69.4,63.8,77.1,67.4,67.3,67.6,69.0,63.5,76.4,66.2,62.3,71.2,68.0,63.9,73.5,65.8,64.8,67.1,68.3,60.8,78.5,67.3,60.5,77.1,65.7,61.8,70.7,63.5,60.5,67.2,65.9,61.8,71.7,62.5,61.6,63.6,66.6,62.2,72.9,63.4,59.9,68.0
"3인","가구원수 (명)",3.00,3.00,3.00,3.00,3.00,3.00,3.00,3.00,3.00,3.00,3.00,3.00,3.00,3.00,3.00,3.00,3.00,3.00,3.00,3.00,3.00,3.00,3.00,3.00,3.00,3.00,3.00,3.00,3.00,3.00,3.00,3.00,3.00,3.00,3.00,3.00,3.00,3.00,3.00,3.00,3.00,3.00,3.00,3.00,3.00,3.00,3.00,3.00
"3인","가구주연령 (세)",50.75,48.14,55.55,51.52,49.70,55.25,50.89,48.07,56.16,50.53,47.45,56.55,50.89,47.34,56.61,51.10,47.88,56.29,51.22,48.44,55.99,51.41,48.49,56.43,51.46,48.69,56.04,51.87,49.58,56.05,51.50,49.13,55.63,51.25,48.65,55.58,51.45,48.96,55.52,51.67,49.35,55.59,51.28,48.64,55.98,51.12,48.51,56.41
"3인","가구분포 (%)",21.19,23.98,17.45,21.11,23.77,17.17,21.12,23.36,17.92,21.21,23.63,17.66,20.99,22.61,18.82,21.04,22.66,18.86,20.99,22.70,18.58,21.16,22.75,18.87,21.04,23.06,18.38,20.99,22.81,18.32,21.03,22.46,18.92,21.06,22.31,19.26,20.07,21.28,18.37,20.07,21.13,18.51,20.07,21.19,18.36,20.07,21.82,17.27
"3인","소득",5339528,5988534,4143142,5334850,5822415,4333522,5445891,5854020,4684545,5566053,5759290,5187670,5874621,6546918,4789957,5507653,6021168,4679270,5658865,6120041,4866681,5641010,6084594,4876363,5682447,6244374,4755408,5591510,6013725,4818234,6141727,6758785,5063706,6071852,6530596,5306397,6355548,6861855,5525507,6328851,6502974,6033894,6365272,6772254,5642350,6253738,6545940,5661887
"3인","경상소득",5204754,5829352,4053361,5258664,5768673,4211241,5348730,5739806,4619197,5506577,5682320,5162451,5606643,6299494,4488819,5411375,5914478,4599788,5563973,6034918,4755012,5530576,5973034,4767872,5620393,6159652,4730751,5437828,5828932,4721531,6050607,6628670,5040710,5935090,6376175,5199099,6215515,6792548,5269527,6173165,6345659,5880969,6205009,6668315,5382039,6176793,6463785,5595496
"3인","근로소득",3580312,4957021,1042468,3673129,4940883,1069497,3688215,5001743,1237892,3749869,4991579,1318444,3815759,5376320,1297994,3356362,4765925,1082514,3685946,5190640,1101267,3718573,5193198,1176629,3742835,5291428,1188043,3639501,4983930,1177216,3980394,5578631,1188219,3949449,5573331,1239855,4069323,5774076,1274553,3855508,5414315,1214964,4160780,5739965,1355671,4238610,5638892,1402364
"3인","사업소득",899044,240429,2113143,984027,299119,2390646,1033754,250282,2495283,1248203,330229,3045714,1040521,302007,2232018,1024167,243574,2283387,1138972,264193,2641619,1198409,329051,2697000,1043104,232577,2380270,1087196,284122,2558004,1131597,267659,2640925,1312961,287230,3024484,1169862,281658,2625985,1256302,306930,2864494,1314041,321509,3077077,1333445,357227,3310755
"3인","재산소득",43138,41730,45733,49611,59903,28474,42312,26248,72278,28370,19187,46352,34245,20074,57108,34070,25659,47639,29899,25076,38185,28423,20873,41436,40940,24973,67281,43044,35589,56697,27795,18866,43395,27869,17869,44555,43394,30855,63951,31625,23635,45161,25487,9509,53867,38069,15320,84146
"3인","이전소득",682260,590171,852017,551897,468768,722623,584449,461533,813743,480134,341325,751941,716119,601093,901698,996775,879321,1186248,709156,555009,973941,585172,429913,852807,793515,610674,1095157,668086,525290,929614,910821,763514,1168171,644811,497745,890206,932935,705960,1305037,1029730,600780,1756351,704702,597332,895424,566670,452345,798231
"3인","비경상소득",134774,159182,89780,76186,53742,122281,97161,114214,65348,59476,76970,25219,267978,247424,301138,96278,106690,79482,94891,85123,111670,110433,111560,108491,62054,84722,24657,153683,184794,96703,91121,130115,22996,136762,154421,107298,140033,69308,255980,155685,157315,152925,160263,103939,260311,76945,82155,66392
"3인","가계지출",4206441,4459555,3739848,3896154,4154059,3366487,4167437,4381345,3768401,4102780,4356444,3606074,4206839,4542474,3665335,3942647,4203264,3522232,4028076,4306347,3550077,4084350,4483503,3396292,4201496,4571866,3590478,4190745,4503373,3618176,4387606,4814386,3642008,4279076,4633517,3687659,4344960,4713078,3741467,4481275,4838887,3875498,4730139,4893588,4439805,4436793,4659073,3986569
"3인","소비지출",3083417,3178447,2908239,2833351,2944890,2604278,3002930,3103304,2815687,3025057,3145684,2788853,3060810,3181197,2866581,2890831,3020879,2681042,2947642,3061804,2751539,3037527,3248071,2674593,3059112,3203391,2821089,3112902,3272338,2820898,3161092,3365581,2803843,3160277,3292232,2940098,3099743,3239074,2871324,3325869,3477450,3069096,3425123,3448688,3383265,3229201,3295110,3095704
"3인","01.식료품 · 비주류음료",396277,401679,386319,379506,389805,358354,425003,423295,428188,416853,404948,440165,451026,464268,429662,451692,460756,437072,489981,488939,491771,485453,483462,488887,485601,489166,479718,463835,466472,459006,527894,525852,531461,483030,466993,509790,478014,481538,472237,449730,451521,446696,495616,483616,516930,482457,468161,511412
"3인","02.주류 · 담배",41269,42971,38134,39543,40428,37727,41679,39594,45568,38906,39408,37923,39013,40412,36757,44719,46173,42373,46081,47838,43063,43677,47493,37099,42449,45720,37054,43693,45201,40932,45927,46657,44652,43473,45292,40436,40529,40611,40396,40079,40854,38765,44924,48200,39106,44026,47307,37380
"3인","03.의류 · 신발",172369,188714,142237,177852,196849,138837,144646,155073,125195,208175,222001,181104,130874,144426,109010,174652,195714,140676,120449,137690,90835,188555,212527,147230,145409,152919,133019,160194,167062,147615,136819,149319,114981,215569,227447,195749,143897,153473,128198,186465,195313,171477,158859,178744,123536,210110,227895,174086
"3인","04.주거 · 수도 · 광열",332871,302602,388669,265123,253221,289566,269105,242778,318216,285180,289693,276343,346428,337333,361102,298648,295008,304519,287699,287826,287481,294987,301505,283750,382999,390184,371145,401583,425724,357368,284460,264179,319893,286531,292169,277124,356707,358548,353689,319824,307785,340219,309876,276951,368360,306211,305414,307825
"3인","05.가정용품 · 가사서비스",145524,156580,125144,142750,132698,163394,146672,158245,125083,151804,156253,143093,137082,150143,116010,175526,191493,149769,163400,162864,164319,163922,188222,122034,143925,161376,115135,186391,206215,150083,184319,189611,175072,156425,177184,121786,131987,144190,111982,149960,154640,142033,193275,193489,192894,141994,143411,139125
"3인","06.보건",244122,240632,250556,228241,232348,219806,216096,209321,228735,243416,241775,246630,307066,312700,297976,240136,243598,234551,244398,226864,274515,274167,271219,279250,244717,249462,236890,273126,286308,248984,258982,266346,246116,267798,254543,289915,239254,234785,246579,308359,303907,315901,252236,247020,261500,254865,252016,260635
"3인","07.교통",428949,420615,444311,341422,378509,265257,396877,426349,341899,426526,460053,360876,381247,364552,408183,367266,399953,314537,324656,356896,269276,459623,511970,369388,378975,402551,340081,389193,409204,352543,387887,464127,254693,411749,450659,346825,398500,443595,324571,487970,604059,291320,459282,421280,526783,434438,445230,412579
"3인","08.통신",147478,148420,145740,158313,156977,161055,153155,151083,157021,170733,168930,174264,157327,161737,150211,148596,147472,150410,168954,172144,163475,162964,167057,155910,150942,148852,154390,153230,157971,144547,166222,165625,167265,162804,165541,158237,164511,163791,165691,161945,161272,163085,166816,171758,158037,181700,178271,188646
"3인","09.오락 · 문화",223260,248550,176639,223935,242783,185228,233499,240050,221277,213474,233849,173577,192913,200190,181172,181925,190183,168605,175987,186873,157287,165515,180992,138836,182251,195296,160729,174302,175854,171460,177132,186739,160348,169427,186853,140351,172328,181154,157859,214982,218357,209264,223433,234634,203536,187663,194603,173607
"3인","10.교육",271588,281613,253106,177375,187054,157495,277998,317010,205223,150643,170779,111216,251648,295492,180912,132367,140809,118749,257318,289237,202490,134440,153486,101609,257219,272730,231631,164300,183922,128362,281956,339272,181824,180587,210190,131191,287259,306632,255498,208623,220860,187894,299854,326496,252529,204512,225995,161000
"3인","11.음식 · 숙박",410853,455110,329268,427678,463558,353989,443025,477028,379596,444906,481039,374154,379455,430166,297641,397131,429267,345291,408088,443988,346421,389451,432677,314938,382602,418584,323243,424067,457367,363078,446985,493643,365471,467107,507972,398922,423465,458207,366510,511475,541730,460224,550576,585453,488624,516158,536256,475449
"3인","12.기타상품 · 서비스",268860,290961,228117,271614,270661,273570,255176,263479,239685,274440,276958,269508,286730,279778,297944,278171,280452,274491,260631,260646,260606,274773,297462,235663,262023,276552,238054,278989,291039,256919,262508,274209,242066,315777,307390,329771,263293,272551,248115,286457,277153,302218,270379,281047,251430,265068,270551,253962
"3인","비소비지출",1123024,1281108,831610,1062804,1209168,762209,1164507,1278041,952714,1077723,1210760,817221,1146029,1361278,798754,1051817,1182385,841190,1080434,1244542,798538,1046822,1235432,721699,1142384,1368475,769390,1077844,1231035,797278,1226514,1448805,838165,1118799,1341285,747561,1245216,1474004,870142,1155407,1361437,806402,1305016,1444900,1056540,1207591,1363963,890865
"3인","처분가능소득",4216504,4707426,3311532,4272047,4613246,3571313,4281384,4575979,3731830,4488330,4548531,4370449,4728592,5185640,3991203,4455836,4838784,3838081,4578430,4875499,4068143,4594188,4849162,4154664,4540063,4875899,3986018,4513667,4782691,4020956,4915213,5309980,4225541,4953053,5189311,4558836,5110331,5387852,4655364,5173444,5141537,5227492,5060256,5327354,4585809,5046146,5181977,4771023
"3인","흑자액",1133087,1528979,403293,1438696,1668356,967035,1278454,1472675,916143,1463273,1402846,1581596,1667782,2004444,1124622,1565005,1817905,1157039,1630789,1813694,1316604,1556660,1601091,1480071,1480951,1672508,1164929,1400765,1510352,1200058,1754121,1944399,1421699,1792776,1897079,1618739,2010588,2148778,1784040,1847575,1664087,2158396,1635132,1878666,1202544,1816945,1886867,1675319
"3인","흑자율 (%)",26.9,32.5,12.2,33.7,36.2,27.1,29.9,32.2,24.5,32.6,30.8,36.2,35.3,38.7,28.2,35.1,37.6,30.1,35.6,37.2,32.4,33.9,33.0,35.6,32.6,34.3,29.2,31.0,31.6,29.8,35.7,36.6,33.6,36.2,36.6,35.5,39.3,39.9,38.3,35.7,32.4,41.3,32.3,35.3,26.2,36.0,36.4,35.1
"3인","평균소비성향 (%)",73.1,67.5,87.8,66.3,63.8,72.9,70.1,67.8,75.5,67.4,69.2,63.8,64.7,61.3,71.8,64.9,62.4,69.9,64.4,62.8,67.6,66.1,67.0,64.4,67.4,65.7,70.8,69.0,68.4,70.2,64.3,63.4,66.4,63.8,63.4,64.5,60.7,60.1,61.7,64.3,67.6,58.7,67.7,64.7,73.8,64.0,63.6,64.9
"4인이상","가구원수 (명)",4.23,4.22,4.26,4.21,4.21,4.22,4.21,4.22,4.21,4.22,4.21,4.24,4.25,4.23,4.29,4.26,4.24,4.31,4.25,4.24,4.27,4.22,4.20,4.25,4.23,4.21,4.29,4.24,4.21,4.32,4.23,4.23,4.26,4.21,4.19,4.23,4.22,4.19,4.27,4.23,4.24,4.22,4.21,4.22,4.20,4.21,4.20,4.26
"4인이상","가구주연령 (세)",46.65,45.82,48.85,46.34,45.22,49.19,46.19,45.02,48.94,46.21,44.92,49.29,47.02,45.77,50.07,47.26,45.99,50.02,46.85,45.50,49.94,47.16,45.57,50.64,47.36,45.98,50.38,46.79,45.63,49.68,47.14,45.70,50.66,47.35,45.85,51.01,46.82,45.28,50.68,46.86,45.47,50.28,46.87,45.82,49.61,47.01,46.24,49.14
"4인이상","가구분포 (%)",22.55,28.52,14.55,22.45,26.99,15.72,22.61,26.94,16.42,22.48,26.66,16.37,21.64,26.72,14.80,21.63,25.87,15.94,21.70,25.83,15.89,21.55,25.15,16.40,20.69,25.05,14.97,20.60,24.68,14.62,20.64,24.64,14.77,20.67,24.83,14.69,20.16,24.57,13.91,20.16,24.03,14.41,20.16,24.09,14.11,20.16,24.11,13.82
"4인이상","소득",6663625,7012497,5746647,6182277,6416244,5586573,6509411,6800900,5824776,6276695,6438659,5890735,6801530,7262557,5683331,6650500,6942548,6014146,6741251,7001200,6147165,6557503,6581850,6504146,6716100,7191950,5668890,6342089,6717858,5409180,7129858,7494090,6235881,6833474,7085488,6219741,7592569,8076868,6381574,7207578,7245811,7113024,7339142,7627018,6582698,7312218,7656831,6348448
"4인이상","경상소득",6567501,6939600,5589476,6136838,6374224,5532431,6459492,6744324,5790493,6189343,6335248,5841652,6677338,7170398,5481446,6569470,6873839,5906269,6641717,6909944,6028712,6451337,6519896,6301084,6570292,7096714,5411790,6248610,6634137,5291477,7068501,7430267,6180577,6760266,7005081,6164065,7477016,7940172,6318893,7106342,7188199,6903902,7252415,7539440,6498206,7201314,7565622,6182462
"4인이상","근로소득",4777300,6131648,1217527,4443678,5711883,1214695,4706363,6134593,1351810,4447945,5781619,1269807,4874698,6301527,1413992,4429196,5820874,1396815,4709706,6152593,1412144,4479005,5874607,1420388,4689775,6288687,1171031,4606614,5920967,1343514,5011479,6453818,1471384,4869079,6240106,1530193,5471837,7035761,1561237,4912490,6271962,1550363,5346543,6790135,1553260,5422534,6828203,1491336
"4인이상","사업소득",1241396,268752,3797898,1333401,351950,3832279,1334540,272442,3829141,1394632,270793,4072733,1180004,286450,3347276,1229109,253605,3354672,1344723,268108,3805211,1543500,282948,4306141,1235564,234906,3437721,1171310,310421,3308608,1304813,312266,3740930,1402956,320782,4038392,1314028,307415,3831068,1344437,352070,3798674,1393834,340697,4161130,1350790,377874,4071718
"4인이상","재산소득",30688,28557,36288,16374,5415,44278,10875,5805,22783,8172,6510,12132,49487,58432,27790,14673,13523,17180,16838,17341,15688,17588,12791,28103,20482,19346,22983,10521,7579,17827,14369,8840,27939,22553,18265,32995,11903,11517,12868,21359,19906,24950,11521,11826,10719,14625,16926,8188
"4인이상","이전소득",518117,510643,537763,343385,304976,441179,407714,331484,586758,338594,276326,486980,573150,523988,692388,896492,785837,1137602,570450,471902,795669,411244,349550,546452,624472,553774,780056,460166,395170,621528,737841,655343,940325,465679,425928,562485,679248,585479,913720,828056,544261,1529913,500518,396783,773097,413366,342619,611220
"4인이상","비경상소득",96123,72897,157171,45439,42020,54142,49919,56576,34283,87352,103411,49083,124192,92160,201886,81030,68709,107877,99534,91256,118453,106166,61954,203062,145807,95236,257100,93478,83721,117703,61357,63823,55304,73208,80407,55676,115553,136697,62682,101236,57612,209122,86727,87578,84492,110905,91209,165986
"4인이상","가계지출",5408809,5609404,4881563,4861542,5110459,4227774,5232978,5565834,4451182,4861832,5068458,4369443,5142175,5310487,4733943,5044391,5273571,4545022,5216777,5413294,4767657,4880416,5034419,4542901,5197327,5495022,4542184,5236338,5606917,4316316,5478737,5868662,4521700,5197991,5462932,4552774,5662522,5970377,4892731,5486578,5774600,4774267,5884203,6157583,5165853,5843584,6139083,5017167
"4인이상","소비지출",4029827,4094358,3860213,3638488,3744950,3367426,3884665,4073951,3440079,3669014,3757138,3459016,3778036,3769117,3799668,3789655,3882449,3587465,3866931,3905790,3778122,3643747,3657186,3614293,3880367,3985006,3650088,3944769,4126574,3493409,4028088,4221808,3552622,3901162,4015323,3623145,4122031,4200572,3925640,4104764,4186756,3901988,4332725,4412598,4122844,4404110,4509200,4110207
"4인이상","01.식료품 · 비주류음료",494922,497341,488562,466085,471297,452817,497368,494658,503731,482398,479175,490080,548324,559976,520064,576254,587005,552828,598240,607867,576237,571454,571773,570757,576076,575275,577840,562058,579866,517845,633508,654498,581992,595648,595660,595617,601398,603574,595956,563860,569434,550075,611542,626581,572023,589445,594244,576023
"4인이상","02.주류 · 담배",36328,34761,40448,36640,35817,38735,41257,40463,43123,37498,35627,41957,40376,39783,41815,42441,40456,46768,46814,46056,48549,42980,39884,49767,44247,45236,42071,50579,51370,48618,55134,54095,57683,44592,44353,45176,40842,40389,41976,46377,46467,46154,50994,50762,51606,47082,46389,49022
"4인이상","03.의류 · 신발",217585,221157,208197,239958,246545,223189,178545,185311,162654,250364,254280,241031,157488,159278,153148,226472,238293,200715,153412,158734,141247,235987,245551,215025,176496,183039,162094,221440,233646,191137,171705,181180,148448,258321,261951,249481,192395,197520,179579,245076,251066,230261,193164,197961,180560,271011,279625,246920
"4인이상","04.주거 · 수도 · 광열",367449,372875,353186,296184,306100,270939,268044,276089,249150,320671,337506,280553,369026,355111,402777,321199,319981,323851,300979,307554,285953,340391,338384,344790,416774,416629,417093,329567,331641,324418,301728,312567,275125,318824,322655,309495,402523,388979,436390,335116,319317,374189,305135,294960,331872,342627,333346,368582
"4인이상","05.가정용품 · 가사서비스",182216,201702,130999,188889,203128,152635,155847,177504,104981,160151,166080,146022,172458,172020,173521,226275,232155,213461,219274,231297,191799,187481,181087,201496,210574,221058,187500,233047,258346,170239,221316,235454,186616,198443,208992,172751,173443,183266,148880,182434,202215,133514,180543,182075,176517,173237,179992,154347
"4인이상","06.보건",262489,268789,245930,236287,235578,238092,243663,247146,235483,251872,263128,225048,283403,286214,276584,273323,269940,280694,274205,263222,299304,277798,294736,240677,290891,312665,242974,326768,351812,264594,275266,281547,259849,302147,294257,321362,340371,349594,317309,317364,317734,316448,318373,326029,298256,309496,306824,316968
"4인이상","07.교통",369272,367500,373932,341565,360200,294119,496938,571704,321331,455578,458117,449528,494647,441348,623922,520331,489903,586633,458252,427857,527716,431774,400213,500944,403706,417691,372928,449557,451602,444481,435816,480313,326605,402591,448672,290369,394265,370448,453820,437418,439287,432797,450060,477833,377084,640556,664910,572447
"4인이상","08.통신",189310,179805,214293,204456,187857,246720,204381,202189,209531,207346,193626,240041,193509,183635,217459,195508,195679,195134,198967,188179,223621,189788,186633,196703,209707,198520,234325,198669,203557,186534,206917,216357,183750,219013,212793,234162,206196,194362,235787,210027,203469,226246,220704,215274,234971,220214,225006,206813
"4인이상","09.오락 · 문화",359980,371812,328881,293578,291269,299457,309485,332062,256457,226551,240827,192532,241188,248008,224648,231790,248543,195284,224074,225825,220073,199758,209398,178633,232082,241582,211174,235522,251845,194997,238514,254176,200072,240959,250132,218620,233700,237612,223918,276520,285125,255240,293546,290370,301894,272566,274453,267286
"4인이상","10.교육",735429,742739,716216,510189,556797,391520,677358,702260,618870,481108,508716,415318,518586,551569,438585,365459,422865,240376,586698,627210,494113,403921,433743,338565,611179,628881,572224,500245,532544,420057,655986,682441,591052,499760,529255,427930,715210,763255,595075,559509,590296,483367,730664,754459,668139,595418,637537,477625
"4인이상","11.음식 · 숙박",512027,538593,442199,516437,540671,454735,535133,569045,455481,504070,533187,434685,451533,468553,410254,513366,533934,468550,508202,524629,470660,453895,473053,411908,434902,462177,374876,517968,548359,442518,524034,553712,451193,525981,552901,460424,510884,544564,426669,614678,639144,554170,663409,673762,636204,631305,652208,572845
"4인이상","12.기타상품 · 서비스",302819,297283,317369,308219,309691,304470,276645,275520,279286,291408,286870,302222,307496,303623,316891,297238,303693,283171,297814,297361,298849,308518,282733,365028,273735,282253,254989,319348,331987,287972,308163,315467,290237,294882,293703,297755,310804,327010,270282,316385,323202,299528,314589,322532,293718,311153,314666,301328
"4인이상","비소비지출",1378982,1515047,1021350,1223054,1365509,860348,1348313,1491883,1011103,1192818,1311320,910427,1364139,1541369,934275,1254735,1391122,957557,1349846,1507504,989535,1236669,1377233,928608,1316959,1510016,892097,1291569,1480343,822907,1450649,1646855,969078,1296828,1447609,929629,1540491,1769805,967091,1381814,1587845,872279,1551478,1744984,1043008,1439474,1629883,906961
"4인이상","처분가능소득",5284642,5497450,4725297,4959223,5050734,4726225,5161097,5309017,4813672,5083877,5127339,4980308,5437391,5721188,4749056,5395765,5551426,5056589,5391405,5493696,5157630,5320834,5204617,5575538,5399140,5681934,4776794,5050520,5237515,4586272,5679209,5847236,5266803,5536646,5637878,5290112,6052077,6307063,5414483,5825764,5657967,6240745,5787664,5882034,5539690,5872744,6026948,5441488
"4인이상","흑자액",1254816,1403093,865084,1320735,1305785,1358799,1276433,1235066,1373594,1414862,1370200,1521292,1659355,1952071,949388,1606110,1668978,1469124,1524474,1587906,1379508,1677088,1547430,1961245,1518773,1696928,1126706,1105750,1110941,1092864,1651121,1625428,1714181,1635483,1622555,1666968,1930046,2106492,1488843,1721000,1471211,2338757,1454939,1469436,1416845,1468635,1517748,1331281
"4인이상","흑자율 (%)",23.7,25.5,18.3,26.6,25.9,28.8,24.7,23.3,28.5,27.8,26.7,30.5,30.5,34.1,20.0,29.8,30.1,29.1,28.3,28.9,26.7,31.5,29.7,35.2,28.1,29.9,23.6,21.9,21.2,23.8,29.1,27.8,32.5,29.5,28.8,31.5,31.9,33.4,27.5,29.5,26.0,37.5,25.1,25.0,25.6,25.0,25.2,24.5
"4인이상","평균소비성향 (%)",76.3,74.5,81.7,73.4,74.1,71.3,75.3,76.7,71.5,72.2,73.3,69.5,69.5,65.9,80.0,70.2,69.9,70.9,71.7,71.1,73.3,68.5,70.3,64.8,71.9,70.1,76.4,78.1,78.8,76.2,70.9,72.2,67.5,70.5,71.2,68.5,68.1,66.6,72.5,70.5,74.0,62.5,74.9,75.0,74.4,75.0,74.8,75.5
"4인","가구원수 (명)",4.00,4.00,4.00,4.00,4.00,4.00,4.00,4.00,4.00,4.00,4.00,4.00,4.00,4.00,4.00,4.00,4.00,4.00,4.00,4.00,4.00,4.00,4.00,4.00,4.00,4.00,4.00,4.00,4.00,4.00,4.00,4.00,4.00,4.00,4.00,4.00,4.00,4.00,4.00,4.00,4.00,4.00,4.00,4.00,4.00,4.00,4.00,4.00
"4인","가구주연령 (세)",46.54,45.78,48.59,46.41,45.36,49.13,46.33,45.09,49.28,46.18,44.93,49.28,47.04,45.84,50.16,47.30,46.10,50.09,47.11,45.78,50.18,47.29,45.71,50.81,47.37,46.00,50.59,46.71,45.60,49.75,47.11,45.63,50.87,47.36,45.77,51.36,46.91,45.21,51.48,47.09,45.43,51.24,46.80,45.47,50.27,46.76,45.91,49.34
"4인","가구분포 (%)",18.10,23.13,11.36,18.45,22.30,12.72,18.45,22.02,13.34,18.40,22.07,13.03,17.24,21.71,11.23,16.92,20.64,11.93,17.18,20.51,12.50,17.64,20.70,13.25,16.82,20.78,11.61,16.37,20.12,10.85,16.32,19.68,11.36,17.04,20.66,11.83,16.52,20.56,10.80,16.37,19.57,11.64,16.60,19.79,11.69,16.59,20.23,10.75
"4인","소득",6679713,7050602,5666760,6166173,6422305,5500415,6501217,6800068,5794959,6228040,6466765,5636139,6804313,7340264,5412676,6607269,6877543,5979340,6780896,7098873,6047411,6590971,6609316,6550009,6686468,7157546,5578145,6387981,6740873,5425249,7095320,7453617,6181766,6864317,7115926,6231144,7596651,8049253,6376906,7133277,7150860,7089415,7236129,7526456,6479531,7291555,7578327,6426146
"4인","경상소득",6581293,6985152,5478293,6121079,6375935,5458637,6458744,6746917,5777721,6149843,6371089,5601281,6696180,7233779,5300263,6528453,6809203,5876185,6673354,6997024,5926735,6474602,6551940,6301913,6552328,7071175,5331619,6290469,6652896,5301720,7037629,7400165,6113267,6790239,7027922,6192110,7479191,7909387,6319829,7026778,7095031,6856519,7147467,7431149,6408186,7173559,7479631,6249911
"4인","근로소득",4865935,6208575,1198990,4489286,5726454,1273546,4751559,6186055,1361499,4552720,5857597,1317375,4997224,6364602,1446722,4447791,5813759,1274235,4789532,6300787,1303478,4574502,5968286,1462289,4796352,6344948,1152920,4722857,5984689,1280415,5103905,6529733,1468459,4960628,6295983,1600202,5603662,7057639,1685248,4938646,6230826,1715313,5396147,6815715,1696723,5520808,6818559,1604519
"4인","사업소득",1216035,285621,3757131,1284775,349132,3716767,1351801,269540,3909447,1306442,271876,3871573,1106527,302099,3195286,1238625,255768,3522096,1343366,263320,3834739,1510566,273839,4272081,1192910,220885,3479823,1170232,332750,3454993,1249093,292210,3688867,1352998,297561,4009010,1233524,298848,3752442,1291641,368468,3594490,1285954,281828,3902728,1252603,332623,4028872
"4인","재산소득",18066,14121,28839,16191,2889,50766,7444,3440,16907,6181,4638,10009,57985,69605,27814,14301,10595,22910,20406,20604,19947,20262,13889,34495,20307,20495,19866,6492,3088,15780,16923,9969,34651,27091,21739,40558,8618,6303,14857,23531,21754,27961,11472,10909,12939,13601,15540,7752
"4인","이전소득",481257,476835,493333,330827,297459,417558,347939,287883,489867,284499,236977,402325,534443,497472,630441,827737,729082,1056943,520050,412313,768570,369272,295926,533049,542759,484847,679010,390888,332370,550532,667709,568253,921290,449522,412639,542339,633386,546597,867281,772960,473983,1518755,453894,322697,795796,386547,312908,608769
"4인","비경상소득",98420,65450,188467,45094,46370,41777,42473,53151,17238,78197,95677,34857,108134,106486,112413,78816,68340,103154,107542,101849,120676,116369,57376,248095,134139,86371,246526,97512,87976,123529,57691,53452,68499,74078,88004,39034,117461,139867,57078,106499,55829,232896,88662,95307,71345,117995,98696,176235
"4인","가계지출",5303889,5551743,4626964,4871471,5168940,4098267,5160353,5534843,4275344,4870952,5104916,4290857,5098224,5367036,4400234,5011066,5296763,4347306,5186648,5410015,4671399,4879076,5032125,4537328,5105477,5428573,4345319,5231306,5590604,4251094,5400613,5775531,4444680,5150656,5436127,4432267,5605505,5923539,4748416,5399504,5692873,4667697,5785089,6021047,5170180,5757839,6057938,4852212
"4인","소비지출",3909962,4014514,3624417,3614875,3761409,3233994,3777906,4003325,3245188,3635476,3744055,3366263,3696940,3775675,3492500,3737606,3881198,3403997,3816962,3869922,3694798,3612636,3621885,3591986,3767595,3889848,3479964,3904087,4080423,3423021,3912861,4098732,3438944,3828746,3956530,3507177,4025663,4128951,3747306,4003813,4093625,3779780,4215507,4263079,4091535,4295195,4412777,3940362
"4인","01.식료품 · 비주류음료",482495,489276,463974,455655,462181,438691,479851,476870,486896,471734,470494,474807,537461,554117,494213,560365,572740,531612,582425,592973,558095,554370,556107,550494,556825,561319,546251,546699,565596,495142,610769,631649,557532,580322,578155,585775,580773,583664,572982,540482,546698,524976,580262,591926,549866,566357,569303,557466
"4인","02.주류 · 담배",35675,34259,39543,36388,35756,38028,41262,39543,45324,37872,36804,40522,42356,41299,45102,43587,41477,48487,45999,45325,47555,42203,38631,50178,44347,45155,42444,51096,52388,47570,54557,53745,56627,44837,43675,47760,40325,39867,41558,46829,47673,44724,52398,52121,53118,48316,47365,51186
"4인","03.의류 · 신발",210623,218655,188686,241717,250121,219875,174861,184598,151851,248676,251701,241176,159101,161741,152248,225149,239770,191180,156271,160729,145988,234064,242124,216065,175491,183539,156557,220927,232806,188519,162543,170591,142022,249515,252560,241854,187407,191955,175150,241882,245994,231624,186956,186398,188410,263294,268434,247781
"4인","04.주거 · 수도 · 광열",362537,373705,332033,292711,305584,259251,263309,270237,246939,314451,329112,278098,357346,339291,404225,313323,312326,315640,307784,313043,295652,351933,350231,355735,413447,418272,402095,325866,328690,318162,306779,314314,287565,311205,307491,320552,398307,386483,430171,329251,316948,359938,300945,289866,329814,335200,323074,371795
"4인","05.가정용품 · 가사서비스",189826,208724,138212,190154,206042,148858,155585,179976,97945,162053,168014,147271,173546,174547,170947,222583,234667,194509,214010,221996,195587,188840,189722,186871,214456,229927,178057,244524,274485,162788,222958,240710,177696,196153,211114,158502,171061,178040,152252,167977,189523,114231,170308,170733,169200,178600,184365,161205
"4인","06.보건",244045,250938,225216,220996,230615,195992,240544,252205,212987,245767,263898,200810,259014,280495,203237,261741,261533,262224,267727,259631,286402,267133,280877,236445,279564,297626,237069,308906,335026,237646,262023,274665,229790,280480,282219,276104,332978,345453,299360,313664,307223,329732,313102,317482,301688,304007,298349,321081
"4인","07.교통",306801,316457,280428,349209,368771,298362,462521,540611,277975,461039,477126,421153,465122,472688,445477,499621,497418,504738,458722,430872,522964,458299,425323,531933,357720,371543,325196,423378,417064,440601,411412,440559,337094,423092,471825,300454,381316,373253,403047,444727,445186,443584,457606,487476,379765,613702,667995,449859
"4인","08.통신",178566,174318,190165,199668,186154,234792,198976,196949,203766,197957,187696,223399,188637,182121,205558,184711,183248,188110,189959,182515,207129,184439,180354,193560,198738,186954,226462,192372,197650,177971,198667,206541,178591,219880,214314,233888,200142,191897,222364,201862,197458,212847,206724,197401,231019,213607,216483,204928
"4인","09.오락 · 문화",351315,367415,307345,296783,297694,294414,298202,333252,215370,224117,239303,186462,242738,250872,221616,236556,255724,192024,223627,224176,222359,198365,211433,169185,228120,237388,206315,231929,244261,198286,227886,249856,171868,237252,248436,209109,228085,231069,220042,269793,276725,252500,277768,265276,310322,258102,267199,230651
"4인","10.교육",741977,749729,720804,512201,562796,380692,656137,682878,592941,475546,505333,401691,504739,535339,425285,366879,420279,242815,563629,612405,451116,372435,403076,304016,591178,610775,545071,508121,538524,425178,631769,661051,557109,475023,515869,372233,685384,740076,537993,527317,569040,423241,719026,745026,651271,580077,620568,457887
"4인","11.음식 · 숙박",514953,541888,441389,519927,545352,453841,531851,569564,442725,500999,526945,436670,454344,473227,405313,522042,549783,457589,508844,530709,458407,450568,468290,410998,435713,468348,358932,518646,550203,432555,523110,547667,460498,520010,541181,466735,513074,543327,431544,610672,634699,550739,647652,648591,645203,626311,637656,592073
"4인","12.기타상품 · 서비스",291152,289150,296621,299468,310344,271197,274807,276642,270470,295266,287628,314204,312537,309940,319280,301050,312234,275067,297966,295549,303544,309987,275719,386506,271996,279001,255515,331625,343730,298601,300389,307384,282554,290977,289692,294211,306810,323866,260844,309357,316457,291647,302762,310784,281859,307621,311986,294450
"4인","비소비지출",1393927,1537229,1002547,1256596,1407531,864273,1382447,1531518,1030156,1235476,1360861,924594,1401284,1591361,907733,1273460,1415564,943309,1369685,1540093,976602,1266439,1410241,945343,1337882,1538724,865354,1327218,1510181,828073,1487751,1676799,1005736,1321910,1479597,925090,1579842,1794588,1001110,1395690,1599248,887918,1569582,1757968,1078645,1462644,1645162,911851
"4인","처분가능소득",5285786,5513373,4664213,4909577,5014774,4636141,5118770,5268550,4764803,4992564,5105904,4711545,5403029,5748903,4504942,5333809,5461979,5036031,5411211,5558780,5070809,5324531,5199075,5604666,5348585,5618822,4712791,5060763,5230692,4597176,5607569,5776819,5176031,5542407,5636329,5306053,6016810,6254666,5375796,5737587,5551613,6201498,5666547,5768489,5400886,5828911,5933166,5514295
"4인","흑자액",1375824,1498859,1039796,1294702,1253365,1402147,1340863,1265225,1519615,1357088,1361849,1345282,1706089,1973228,1012442,1596203,1580781,1632034,1594248,1688857,1376011,1711895,1577190,2012680,1580991,1728974,1232827,1156676,1150269,1174155,1694707,1678086,1737087,1713661,1679799,1798876,1991146,2125714,1628490,1733773,1457988,2421718,1451040,1505410,1309351,1533716,1520389,1573933
"4인","흑자율 (%)",26.0,27.2,22.3,26.4,25.0,30.2,26.2,24.0,31.9,27.2,26.7,28.6,31.6,34.3,22.5,29.9,28.9,32.4,29.5,30.4,27.1,32.2,30.3,35.9,29.6,30.8,26.2,22.9,22.0,25.5,30.2,29.0,33.6,30.9,29.8,33.9,33.1,34.0,30.3,30.2,26.3,39.1,25.6,26.1,24.2,26.3,25.6,28.5
"4인","평균소비성향 (%)",74.0,72.8,77.7,73.6,75.0,69.8,73.8,76.0,68.1,72.8,73.3,71.4,68.4,65.7,77.5,70.1,71.1,67.6,70.5,69.6,72.9,67.8,69.7,64.1,70.4,69.2,73.8,77.1,78.0,74.5,69.8,71.0,66.4,69.1,70.2,66.1,66.9,66.0,69.7,69.8,73.7,60.9,74.4,73.9,75.8,73.7,74.4,71.5
"5인이상","가구원수 (명)",5.17,5.17,5.17,5.17,5.18,5.13,5.15,5.18,5.10,5.20,5.23,5.15,5.21,5.21,5.21,5.20,5.17,5.25,5.19,5.16,5.25,5.19,5.15,5.28,5.24,5.22,5.28,5.17,5.13,5.24,5.12,5.13,5.11,5.16,5.15,5.19,5.19,5.19,5.19,5.23,5.27,5.14,5.21,5.23,5.14,5.20,5.21,5.19
"5인이상","가구주연령 (세)",47.13,45.95,49.79,46.02,44.55,49.43,45.56,44.72,47.49,46.36,44.86,49.35,46.95,45.45,49.79,47.12,45.57,49.84,45.87,44.43,49.05,46.57,44.91,49.91,47.31,45.90,49.66,47.11,45.79,49.46,47.24,45.97,49.94,47.31,46.24,49.56,46.43,45.62,47.91,45.84,45.67,46.27,47.16,47.43,46.44,48.13,47.99,48.42
"5인이상","가구분포 (%)",4.45,5.39,3.19,4.00,4.68,2.99,4.16,4.92,3.08,4.09,4.59,3.35,4.40,5.02,3.57,4.71,5.23,4.01,4.52,5.33,3.39,3.92,4.45,3.15,3.88,4.27,3.35,4.24,4.56,3.77,4.33,4.95,3.41,3.63,4.17,2.86,3.64,4.02,3.11,3.78,4.46,2.78,3.56,4.30,2.42,3.57,3.88,3.08
"5인이상","소득",6598227,6849019,6030648,6256498,6387374,5952857,6545740,6804627,5953931,6495774,6303554,6881685,6790626,6926244,6534691,6805796,7199086,6117602,6590677,6625159,6514583,6406814,6454107,6311378,6844720,7359330,5983078,6164833,6616195,5362957,7260075,7654991,6416182,6688822,6934678,6172603,7574048,8218266,6397769,7529132,7662205,7211950,7819758,8090190,7080879,7408165,8065888,6076906
"5인이상","경상소득",6511441,6744174,5984733,6209472,6366073,5846148,6462808,6732712,5845816,6367202,6162968,6777233,6603510,6896087,6051365,6716811,7128918,5995687,6521560,6574687,6404318,6346586,6370862,6297599,6648268,7220964,5689369,6086936,6551272,5262010,7184898,7549939,6404843,6619696,6891912,6048130,7467151,8097800,6315646,7450675,7596772,7102447,7742058,8038213,6932899,7330185,8013693,5946736
"5인이상","근로소득",4417007,5801617,1283425,4233476,5642481,964503,4505987,5904144,1309840,3976164,5416403,1084660,4394590,6028539,1311037,4362399,5848954,1761162,4406528,5582047,1812386,4049026,5438913,1244270,4227167,6014972,1233736,4157638,5639489,1525024,4663003,6152020,1481129,4439721,5963256,1240778,4873878,6923741,1131026,4799294,6452360,859182,5115111,6672316,860493,4966217,6878450,1095774
"5인이상","사업소득",1344487,196380,3942825,1557512,365371,4323349,1258013,285440,3481286,1791730,265588,4855696,1467917,218723,3825367,1194927,245068,2857030,1349878,286543,3696453,1691788,325311,4449303,1420707,303119,3291951,1175471,211790,2887520,1514894,392002,3914396,1637255,435836,4159856,1679194,351282,4103832,1572924,280156,4654259,1897155,611838,5408917,1806699,613661,4221460
"5인이상","재산소득",81997,90493,62770,17219,17444,16698,26085,16395,48236,17135,15510,20398,16185,10075,27715,16013,25079,148,3286,4775,0,5548,7684,1238,21242,13758,33774,26083,27417,23713,4739,4349,5573,1270,1051,1732,26800,38210,5968,11960,11802,12336,11747,16046,0,19375,24149,9712
"5인이상","이전소득",667950,655683,695713,401265,340778,541598,672723,526733,1006454,582173,465468,816478,724818,638749,887245,1143473,1009818,1377347,761867,701322,895479,600224,598954,602788,979152,889114,1129908,727744,672576,825753,1002262,1001568,1003745,541450,491769,645765,887279,784567,1074821,1066497,852455,1576670,718045,738013,663489,537894,497433,619789
"5인이상","비경상소득",86786,104845,45915,47026,21301,106709,82932,71915,108115,128572,140586,104452,187116,30157,483326,88986,70167,121915,69117,50471,110266,60228,83246,13779,196452,138366,293710,77898,64924,100947,75178,105052,11339,69126,42766,124473,106897,120466,82122,78458,65433,109503,77700,51977,147980,77980,52195,130171
"5인이상","가계지출",5835296,5856782,5786671,4815783,4831919,4778344,5554958,5704614,5212848,4820766,4893212,4675319,5314392,5065741,5783642,5164100,5182045,5132700,5331206,5425918,5122197,4886450,5045088,4566323,5596007,5818307,5223797,5255776,5678976,4503932,5773291,6238907,4778319,5419986,5595746,5050945,5921153,6210201,5393380,5863409,6133006,5220820,6346629,6786445,5144956,6241722,6561903,5593663
"5인이상","소비지출",4517062,4436901,4698478,3747316,3666556,3934684,4357975,4390216,4284273,3820030,3820029,3820032,4095803,3740736,4765878,3976627,3887382,4132792,4056711,4043881,4085023,3783823,3821371,3708053,4369865,4447957,4239111,4101898,4330437,3695884,4462532,4711095,3931379,4240787,4306622,4102555,4559157,4567292,4544304,4541646,4595168,4414073,4879615,5101260,4274032,4909833,5011630,4703791
"5인이상","01.식료품 · 비주류음료",545435,531941,575974,514158,514713,512871,575027,574314,576657,530418,520900,549525,590892,585334,601380,633333,643302,615889,658304,665211,643062,648375,644633,655926,659639,643173,687210,621380,642899,583150,719244,745336,663489,667525,682393,636307,694951,705518,675656,665034,669139,655251,757481,786199,679019,696649,724204,640877
"5인이상","02.주류 · 담배",38984,36916,43665,37801,36104,41738,41237,44582,33589,35815,29974,47541,32616,33221,31475,38327,36424,41656,49911,48870,52208,46481,45710,48038,43816,45630,40778,48586,46871,51631,57310,55488,61202,43446,47708,34496,43190,43062,43425,44421,41178,52148,44448,44499,44307,41352,41300,41458
"5인이상","03.의류 · 신발",245886,231891,277559,231851,229513,237275,194877,188504,209447,257964,266679,240468,151168,148618,155979,231225,232464,229056,142553,151057,123786,244645,261489,210655,180856,180610,181268,223422,237358,198665,206249,223278,169860,299620,308483,281011,215016,226010,194944,258897,273307,224549,222128,251216,142655,306845,337937,243914
"5인이상","04.주거 · 수도 · 광열",387415,369311,428387,312192,308557,320627,289036,302295,258726,348681,377856,290108,414796,423579,398222,349488,350192,348258,275135,286421,250228,288422,283288,298782,431213,408634,469020,343864,344680,342414,282687,305622,233676,354557,397787,263787,421647,401755,457966,360502,329706,433904,324689,318422,341812,377110,386870,357354
"5인이상","05.가정용품 · 가사서비스",151282,171574,105356,183058,189251,168689,157010,166437,135460,151587,156781,141160,168197,161085,181619,239534,222242,269793,239269,267103,177845,181363,140925,262967,193720,177907,220195,188719,187055,191673,215128,214561,216338,209182,198478,231656,184247,210025,137179,244998,257872,214313,228296,234316,211847,148335,157208,130377
"5인이상","06.보건",337465,345372,319569,306763,259218,417069,257490,224489,332929,279363,259427,319386,378967,310965,507300,314928,303118,335594,298807,277048,346826,325816,359193,258463,340056,385828,263419,395760,425958,342112,325196,308907,360003,403763,353902,508455,373907,370802,379575,333374,363829,260784,342965,365395,281682,334983,350985,302593
"5인이상","07.교통",623213,586481,706342,306334,319375,276077,649527,710942,509133,430988,366742,559972,610341,305712,1185231,594726,460244,830050,456466,416248,545219,312343,283427,370694,603312,642206,538189,550673,604165,455640,527830,638353,291656,306444,333954,248681,453003,356087,629961,405786,413416,387599,414856,433421,364133,765247,648832,1000876
"5인이상","08.통신",232986,203345,300069,226527,195968,297426,228346,225651,234504,249620,222127,304815,212600,190189,254892,234292,244739,216010,233180,209985,284366,213877,215840,209915,257319,254790,261552,222992,229650,211165,238023,255378,200938,214948,205257,235296,233655,206983,282356,245365,229829,282393,285931,297599,254051,250892,269416,213400
"5인이상","09.오락 · 문화",395204,390678,405445,278810,260669,320897,359507,326732,434430,237514,248152,216157,235119,235612,234187,214667,220207,204974,225772,232170,211654,206034,199933,218345,249278,261986,227999,249399,285347,185535,278586,271351,294046,258345,258539,257938,259168,271111,237362,305634,321959,266723,367162,405945,261199,339723,312254,395323
"5인이상","10.교육",708814,712751,699903,500915,528225,437553,771442,789053,731186,506150,524975,468357,572841,621814,480421,360360,433071,233127,674316,684211,652481,545693,576372,483783,697996,716964,666235,469824,506129,405325,747288,767478,704144,615774,595576,658182,850501,881939,793099,698823,683513,735313,784964,797909,749595,666650,725958,546606
"5인이상","11.음식 · 숙박",500134,524460,445080,500354,518379,458536,549684,566721,510738,517896,563191,426958,440520,448322,425796,482204,471389,501128,505763,501219,515791,468874,495206,415735,431380,432158,430078,515347,540210,471177,527518,577743,420192,553985,610968,434337,500951,550894,409759,632011,658638,568546,736925,789696,592746,654493,728031,505649
"5인이상","12.기타상품 · 서비스",350244,332179,391127,348553,306584,445924,284792,270496,317475,274035,283225,255584,287746,276284,309376,283543,269990,307259,297236,304340,281558,301901,315355,274751,281281,298071,253168,271933,280115,257397,337474,347600,315835,313199,313576,312408,328922,343107,303022,346802,352780,332552,369770,376645,350987,327554,328635,325364
"5인이상","비소비지출",1318235,1419881,1088193,1068467,1165364,843660,1196983,1314398,928575,1000736,1073183,855287,1218589,1325005,1017764,1187473,1294663,999908,1274496,1382036,1037174,1102627,1223718,858270,1226142,1370350,984687,1153878,1348539,808048,1310759,1527811,846940,1179199,1289124,948390,1361996,1642909,849076,1321764,1537838,806747,1467014,1685184,870925,1331889,1550273,889873
"5인이상","처분가능소득",5279993,5429138,4942454,5188031,5222010,5109197,5348757,5490229,5025356,5495038,5230371,6026397,5572037,5601239,5516927,5618323,5904423,5117694,5316182,5243122,5477409,5304187,5230390,5453108,5618578,5988980,4998392,5010955,5267656,4554909,5949317,6127180,5569242,5509624,5645554,5224213,6212053,6575358,5548693,6207369,6124368,6405203,6352744,6405006,6209954,6076276,6515615,5187034
"5인이상","흑자액",762931,992237,243977,1440715,1555454,1174513,990782,1100013,741083,1675008,1410342,2206365,1476234,1860503,751049,1641696,2017041,984902,1259471,1199241,1392386,1520364,1409019,1745055,1248713,1541023,759281,909057,937219,859025,1486784,1416085,1637863,1268837,1338932,1121658,1652895,2008065,1004389,1665723,1529199,1991131,1473129,1303746,1935922,1166443,1503986,483243
"5인이상","흑자율 (%)",14.4,18.3,4.9,27.8,29.8,23.0,18.5,20.0,14.7,30.5,27.0,36.6,26.5,33.2,13.6,29.2,34.2,19.2,23.7,22.9,25.4,28.7,26.9,32.0,22.2,25.7,15.2,18.1,17.8,18.9,25.0,23.1,29.4,23.0,23.7,21.5,26.6,30.5,18.1,26.8,25.0,31.1,23.2,20.4,31.2,19.2,23.1,9.3
"5인이상","평균소비성향 (%)",85.6,81.7,95.1,72.2,70.2,77.0,81.5,80.0,85.3,69.5,73.0,63.4,73.5,66.8,86.4,70.8,65.8,80.8,76.3,77.1,74.6,71.3,73.1,68.0,77.8,74.3,84.8,81.9,82.2,81.1,75.0,76.9,70.6,77.0,76.3,78.5,73.4,69.5,81.9,73.2,75.0,68.9,76.8,79.6,68.8,80.8,76.9,90.7
