"행정구역별","성별","연령별",2020,2020,2020,2020,2020,2020,2020,2020
"행정구역별","성별","연령별",1인가구-계,본인의 직장 때문에,본인의 학업 때문에,본인의 독립 생활을 위하여,본인의 건강 때문에,가족이 학업취업홍인건강등으로 타지에 거주하게 되어서,가족과 사별,기타
"전국","계","합계",6643354,2277582,328259,1739462,102862,1127873,1029789,37527
"전국","계","20세 미만",72119,11198,58203,-,-,2276,408,34
"전국","계","20~24",496119,169637,212989,85667,-,21442,5504,880
"전국","계","25~29",775110,494366,49934,189162,-,29628,9719,2301
"전국","계","30~34",618316,388892,5356,180804,1662,28792,10020,2790
"전국","계","35~39",497027,267179,1034,179709,2913,30824,12560,2808
"전국","계","40~44",427257,207178,367,164182,4754,32625,14820,3331
"전국","계","45~49",476499,205865,238,180707,6791,55032,23416,4450
"전국","계","50~54",497959,183798,57,176347,9869,89742,32956,5190
"전국","계","55~59",541536,155950,45,174448,14070,134852,56504,5667
"전국","계","60~64",580701,111929,16,173605,16237,170297,104939,3678
"전국","계","65~69",458284,49820,6,120557,12997,139925,132160,2819
"전국","계","70~74",382524,20996,14,75338,10195,114726,159736,1519
"전국","계","75~79",350186,9608,-,38936,8903,106822,184816,1101
"전국","계","80~84",278847,1166,-,-,7194,104742,165218,527
"전국","계","85세 이상",190870,-,-,-,7277,66148,117013,432
"전국","남자","합계",3304398,1437882,175375,960142,53446,389434,265211,22908
"전국","남자","20세 미만",33854,5802,26782,-,-,1092,161,17
"전국","남자","20~24",219029,64115,105909,35675,-,10132,2735,463
"전국","남자","25~29",433190,271334,38218,100088,-,16139,5962,1449
"전국","남자","30~34",394473,256851,3680,108065,958,16327,6613,1979
"전국","남자","35~39",320100,182074,479,108009,1637,17596,8559,1746
"전국","남자","40~44",272897,145296,163,94727,2828,17643,10081,2159
"전국","남자","45~49",299310,146858,102,104252,4058,25940,15283,2817
"전국","남자","50~54",300477,131404,31,104065,6193,36730,18578,3476
"전국","남자","55~59",294220,108224,-,100679,8644,49610,23587,3476
"전국","남자","60~64",270517,74627,5,93812,9807,59716,30412,2138
"전국","남자","65~69",180497,32857,-,61174,7157,46983,30776,1550
"전국","남자","70~74",119128,12991,6,34841,5076,33341,32048,825
"전국","남자","75~79",79884,4911,-,14755,3306,24425,31982,505
"전국","남자","80~84",53056,538,-,-,2167,21840,28343,168
"전국","남자","85세 이상",33766,-,-,-,1615,11920,20091,140
"전국","여자","합계",3338956,839700,152884,779320,49416,738439,764578,14619
"전국","여자","20세 미만",38265,5396,31421,-,-,1184,247,17
"전국","여자","20~24",277090,105522,107080,49992,-,11310,2769,417
"전국","여자","25~29",341920,223032,11716,89074,-,13489,3757,852
"전국","여자","30~34",223843,132041,1676,72739,704,12465,3407,811
"전국","여자","35~39",176927,85105,555,71700,1276,13228,4001,1062
"전국","여자","40~44",154360,61882,204,69455,1926,14982,4739,1172
"전국","여자","45~49",177189,59007,136,76455,2733,29092,8133,1633
"전국","여자","50~54",197482,52394,26,72282,3676,53012,14378,1714
"전국","여자","55~59",247316,47726,45,73769,5426,85242,32917,2191
"전국","여자","60~64",310184,37302,11,79793,6430,110581,74527,1540
"전국","여자","65~69",277787,16963,6,59383,5840,92942,101384,1269
"전국","여자","70~74",263396,8005,8,40497,5119,81385,127688,694
"전국","여자","75~79",270302,4697,-,24181,5597,82397,152834,596
"전국","여자","80~84",225791,628,-,-,5027,82902,136875,359
"전국","여자","85세 이상",157104,-,-,-,5662,54228,96922,292
"동부","계","합계",5301112,1864383,288060,1503983,70141,858499,685654,30392
"동부","계","20세 미만",61466,9282,49775,-,-,2046,335,28
"동부","계","20~24",434915,146736,186152,78198,-,18427,4664,738
"동부","계","25~29",693054,435873,45697,174631,-,26375,8316,2162
"동부","계","30~34",546390,338801,4834,164939,1399,25307,8633,2477
"동부","계","35~39",429423,225251,938,161338,2345,26636,10502,2413
"동부","계","40~44",359437,167639,338,145523,3790,27131,12268,2748
"동부","계","45~49",390531,161336,211,156761,5217,44584,18739,3683
"동부","계","50~54",393310,137159,56,149149,7006,70705,25011,4224
"동부","계","55~59",413826,110146,23,143480,9391,104494,41825,4467
"동부","계","60~64",440021,77514,16,140250,10266,132361,76928,2686
"동부","계","65~69",342070,33580,6,97153,8062,107214,93958,2097
"동부","계","70~74",278118,13714,14,61012,6370,85279,110634,1095
"동부","계","75~79",235681,6544,-,31549,6080,74384,116313,811
"동부","계","80~84",171984,808,-,-,4904,71071,94802,399
"동부","계","85세 이상",110886,-,-,-,5311,42485,62726,364
"동부","남자","합계",2630040,1134510,153188,814741,34201,287634,187500,18266
"동부","남자","20세 미만",27897,4608,22201,-,-,943,134,11
"동부","남자","20~24",186078,51023,92008,31986,-,8451,2235,375
"동부","남자","25~29",377922,231119,34917,91478,-,14052,5007,1349
"동부","남자","30~34",341893,218672,3336,97528,808,14146,5618,1785
"동부","남자","35~39",270189,149099,433,95770,1254,15072,7055,1506
"동부","남자","40~44",223989,114239,150,82980,2239,14400,8229,1752
"동부","남자","45~49",239658,112666,101,89296,3069,20278,11949,2299
"동부","남자","50~54",231506,96296,31,86687,4352,27546,13791,2803
"동부","남자","55~59",217066,74985,-,81366,5568,35098,17362,2687
"동부","남자","60~64",194122,49662,5,73109,5774,42022,22087,1463
"동부","남자","65~69",127458,20957,-,46722,3975,33090,21624,1090
"동부","남자","70~74",83427,7763,6,26624,2780,23100,22578,576
"동부","남자","75~79",54562,3078,-,11195,1880,16845,21233,331
"동부","남자","80~84",33732,343,-,-,1389,14709,17162,129
"동부","남자","85세 이상",20541,-,-,-,1113,7882,11436,110
"동부","여자","합계",2671072,729873,134872,689242,35940,570865,498154,12126
"동부","여자","20세 미만",33569,4674,27574,-,-,1103,201,17
"동부","여자","20~24",248837,95713,94144,46212,-,9976,2429,363
"동부","여자","25~29",315132,204754,10780,83153,-,12323,3309,813
"동부","여자","30~34",204497,120129,1498,67411,591,11161,3015,692
"동부","여자","35~39",159234,76152,505,65568,1091,11564,3447,907
"동부","여자","40~44",135448,53400,188,62543,1551,12731,4039,996
"동부","여자","45~49",150873,48670,110,67465,2148,24306,6790,1384
"동부","여자","50~54",161804,40863,25,62462,2654,43159,11220,1421
"동부","여자","55~59",196760,35161,23,62114,3823,69396,24463,1780
"동부","여자","60~64",245899,27852,11,67141,4492,90339,54841,1223
"동부","여자","65~69",214612,12623,6,50431,4087,74124,72334,1007
"동부","여자","70~74",194691,5951,8,34388,3590,62179,88056,519
"동부","여자","75~79",181119,3466,-,20354,4200,57539,95080,480
"동부","여자","80~84",138252,465,-,-,3515,56362,77640,270
"동부","여자","85세 이상",90345,-,-,-,4198,34603,51290,254
"읍부","계","합계",621763,230878,23148,127517,11223,110884,114923,3190
"읍부","계","20세 미만",5825,1122,4507,-,-,146,44,6
"읍부","계","20~24",36941,13957,15287,5181,-,1824,571,121
"읍부","계","25~29",53548,37871,2847,9918,-,2012,849,51
"읍부","계","30~34",46687,32115,394,10767,119,2242,837,213
"읍부","계","35~39",42967,26432,69,12205,290,2521,1228,222
"읍부","계","40~44",40869,23590,14,12120,442,3014,1353,336
"읍부","계","45~49",48917,25519,10,14253,651,5646,2379,459
"읍부","계","50~54",53380,24064,-,14972,1047,9104,3779,414
"읍부","계","55~59",57796,21174,20,14372,1513,13999,6312,406
"읍부","계","60~64",58737,14524,-,14793,1889,15958,11230,343
"읍부","계","65~69",45559,6436,-,9770,1437,13061,14614,241
"읍부","계","70~74",38714,2749,-,6148,1266,11412,16940,199
"읍부","계","75~79",37780,1158,-,3018,999,11420,21091,94
"읍부","계","80~84",31797,167,-,-,847,11143,19584,56
"읍부","계","85세 이상",22246,-,-,-,723,7382,14112,29
"읍부","남자","합계",328440,165110,13089,73970,5809,39858,28643,1961
"읍부","남자","20세 미만",3128,657,2348,-,-,106,11,6
"읍부","남자","20~24",19218,7262,8205,2388,-,966,326,71
"읍부","남자","25~29",34988,25237,2203,5683,-,1325,504,36
"읍부","남자","30~34",33498,24004,283,6997,57,1438,605,114
"읍부","남자","35~39",31358,20522,42,8048,206,1498,893,149
"읍부","남자","40~44",28807,18340,8,7402,271,1646,887,253
"읍부","남자","45~49",32675,19075,-,8466,380,2842,1620,292
"읍부","남자","50~54",33593,17852,-,9070,612,3620,2171,268
"읍부","남자","55~59",32841,14977,-,8198,965,5827,2622,252
"읍부","남자","60~64",29343,10263,-,8234,1185,6307,3134,220
"읍부","남자","65~69",18761,4461,-,5232,827,4629,3483,129
"읍부","남자","70~74",12493,1796,-,3054,560,3544,3450,89
"읍부","남자","75~79",8195,575,-,1198,405,2609,3351,57
"읍부","남자","80~84",5883,89,-,-,197,2309,3278,10
"읍부","남자","85세 이상",3659,-,-,-,144,1192,2308,15
"읍부","여자","합계",293323,65768,10059,53547,5414,71026,86280,1229
"읍부","여자","20세 미만",2697,465,2159,-,-,40,33,-
"읍부","여자","20~24",17723,6695,7082,2793,-,858,245,50
"읍부","여자","25~29",18560,12634,644,4235,-,687,345,15
"읍부","여자","30~34",13189,8111,111,3770,62,804,232,99
"읍부","여자","35~39",11609,5910,27,4157,84,1023,335,73
"읍부","여자","40~44",12062,5250,6,4718,171,1368,466,83
"읍부","여자","45~49",16242,6444,10,5787,271,2804,759,167
"읍부","여자","50~54",19787,6212,-,5902,435,5484,1608,146
"읍부","여자","55~59",24955,6197,20,6174,548,8172,3690,154
"읍부","여자","60~64",29394,4261,-,6559,704,9651,8096,123
"읍부","여자","65~69",26798,1975,-,4538,610,8432,11131,112
"읍부","여자","70~74",26221,953,-,3094,706,7868,13490,110
"읍부","여자","75~79",29585,583,-,1820,594,8811,17740,37
"읍부","여자","80~84",25914,78,-,-,650,8834,16306,46
"읍부","여자","85세 이상",18587,-,-,-,579,6190,11804,14
"면부","계","합계",720479,182321,17051,107962,21498,158490,229212,3945
"면부","계","20세 미만",4828,794,3921,-,-,84,29,-
"면부","계","20~24",24263,8944,11550,2288,-,1191,269,21
"면부","계","25~29",28508,20622,1390,4613,-,1241,554,88
"면부","계","30~34",25239,17976,128,5098,144,1243,550,100
"면부","계","35~39",24637,15496,27,6166,278,1667,830,173
"면부","계","40~44",26951,15949,15,6539,522,2480,1199,247
"면부","계","45~49",37051,19010,17,9693,923,4802,2298,308
"면부","계","50~54",51269,22575,1,12226,1816,9933,4166,552
"면부","계","55~59",69914,24630,2,16596,3166,16359,8367,794
"면부","계","60~64",81943,19891,-,18562,4082,21978,16781,649
"면부","계","65~69",70655,9804,-,13634,3498,19650,23588,481
"면부","계","70~74",65692,4533,-,8178,2559,18035,32162,225
"면부","계","75~79",76725,1906,-,4369,1824,21018,47412,196
"면부","계","80~84",75066,191,-,-,1443,22528,50832,72
"면부","계","85세 이상",57738,-,-,-,1243,16281,40175,39
"면부","남자","합계",345918,138262,9098,71431,13436,61942,49068,2681
"면부","남자","20세 미만",2829,537,2233,-,-,43,16,-
"면부","남자","20~24",13733,5830,5696,1301,-,715,174,17
"면부","남자","25~29",20280,14978,1098,2927,-,762,451,64
"면부","남자","30~34",19082,14175,61,3540,93,743,390,80
"면부","남자","35~39",18553,12453,4,4191,177,1026,611,91
"면부","남자","40~44",20101,12717,5,4345,318,1597,965,154
"면부","남자","45~49",26977,15117,1,6490,609,2820,1714,226
"면부","남자","50~54",35378,17256,-,8308,1229,5564,2616,405
"면부","남자","55~59",44313,18262,-,11115,2111,8685,3603,537
"면부","남자","60~64",47052,14702,-,12469,2848,11387,5191,455
"면부","남자","65~69",34278,7439,-,9220,2355,9264,5669,331
"면부","남자","70~74",23208,3432,-,5163,1736,6697,6020,160
"면부","남자","75~79",17127,1258,-,2362,1021,4971,7398,117
"면부","남자","80~84",13441,106,-,-,581,4822,7903,29
"면부","남자","85세 이상",9566,-,-,-,358,2846,6347,15
"면부","여자","합계",374561,44059,7953,36531,8062,96548,180144,1264
"면부","여자","20세 미만",1999,257,1688,-,-,41,13,-
"면부","여자","20~24",10530,3114,5854,987,-,476,95,4
"면부","여자","25~29",8228,5644,292,1686,-,479,103,24
"면부","여자","30~34",6157,3801,67,1558,51,500,160,20
"면부","여자","35~39",6084,3043,23,1975,101,641,219,82
"면부","여자","40~44",6850,3232,10,2194,204,883,234,93
"면부","여자","45~49",10074,3893,16,3203,314,1982,584,82
"면부","여자","50~54",15891,5319,1,3918,587,4369,1550,147
"면부","여자","55~59",25601,6368,2,5481,1055,7674,4764,257
"면부","여자","60~64",34891,5189,-,6093,1234,10591,11590,194
"면부","여자","65~69",36377,2365,-,4414,1143,10386,17919,150
"면부","여자","70~74",42484,1101,-,3015,823,11338,26142,65
"면부","여자","75~79",59598,648,-,2007,803,16047,40014,79
"면부","여자","80~84",61625,85,-,-,862,17706,42929,43
"면부","여자","85세 이상",48172,-,-,-,885,13435,33828,24
"서울특별시","계","합계",1390701,550099,77857,407126,14891,180902,151814,8012
"서울특별시","계","20세 미만",14237,2260,11413,-,-,482,66,16
"서울특별시","계","20~24",123938,47713,46626,22830,-,5134,1434,201
"서울특별시","계","25~29",238517,156784,17231,53153,-,7898,2775,676
"서울특별시","계","30~34",183573,118293,1906,51814,408,7720,2762,670
"서울특별시","계","35~39",126485,68462,475,46590,504,6820,3000,634
"서울특별시","계","40~44",91518,41742,104,38144,898,6721,3207,702
"서울특별시","계","45~49",90186,35842,62,38873,1023,9053,4551,782
"서울특별시","계","50~54",82704,26887,18,36019,1206,11675,5881,1018
"서울특별시","계","55~59",84976,21572,8,34060,1914,17656,8515,1251
"서울특별시","계","60~64",94834,16725,6,34168,2181,25448,15612,694
"서울특별시","계","65~69",77047,7953,-,25000,1764,21958,19707,665
"서울특별시","계","70~74",65469,3719,8,17501,1245,18465,24227,304
"서울특별시","계","75~79",54109,1947,-,8974,1472,15865,25618,233
"서울특별시","계","80~84",37968,200,-,-,1026,16456,20183,103
"서울특별시","계","85세 이상",25140,-,-,-,1250,9551,14276,63
"서울특별시","남자","합계",650999,285991,36870,210237,7141,61562,44394,4804
"서울특별시","남자","20세 미만",5345,942,4206,-,-,176,13,8
"서울특별시","남자","20~24",42602,12424,19094,8417,-,1971,610,86
"서울특별시","남자","25~29",114318,70485,11988,26061,-,3769,1574,441
"서울특별시","남자","30~34",102247,66431,1275,28171,229,4099,1575,467
"서울특별시","남자","35~39",70540,38723,203,25520,272,3534,1871,417
"서울특별시","남자","40~44",51144,24402,45,20035,592,3644,1998,428
"서울특별시","남자","45~49",52330,23023,48,21001,576,4432,2768,482
"서울특별시","남자","50~54",48793,17639,11,21090,797,5127,3481,648
"서울특별시","남자","55~59",46352,14377,-,19578,1135,6402,4135,725
"서울특별시","남자","60~64",42318,10237,-,17764,1215,7947,4740,415
"서울특별시","남자","65~69",28985,4457,-,11891,868,6539,4842,388
"서울특별시","남자","70~74",20181,1895,-,7500,577,4892,5146,171
"서울특별시","남자","75~79",13245,865,-,3209,420,3588,5055,108
"서울특별시","남자","80~84",7863,91,-,-,228,3743,3781,20
"서울특별시","남자","85세 이상",4736,-,-,-,232,1699,2805,-
"서울특별시","여자","합계",739702,264108,40987,196889,7750,119340,107420,3208
"서울특별시","여자","20세 미만",8892,1318,7207,-,-,306,53,8
"서울특별시","여자","20~24",81336,35289,27532,14413,-,3163,824,115
"서울특별시","여자","25~29",124199,86299,5243,27092,-,4129,1201,235
"서울특별시","여자","30~34",81326,51862,631,23643,179,3621,1187,203
"서울특별시","여자","35~39",55945,29739,272,21070,232,3286,1129,217
"서울특별시","여자","40~44",40374,17340,59,18109,306,3077,1209,274
"서울특별시","여자","45~49",37856,12819,14,17872,447,4621,1783,300
"서울특별시","여자","50~54",33911,9248,7,14929,409,6548,2400,370
"서울특별시","여자","55~59",38624,7195,8,14482,779,11254,4380,526
"서울특별시","여자","60~64",52516,6488,6,16404,966,17501,10872,279
"서울특별시","여자","65~69",48062,3496,-,13109,896,15419,14865,277
"서울특별시","여자","70~74",45288,1824,8,10001,668,13573,19081,133
"서울특별시","여자","75~79",40864,1082,-,5765,1052,12277,20563,125
"서울특별시","여자","80~84",30105,109,-,-,798,12713,16402,83
"서울특별시","여자","85세 이상",20404,-,-,-,1018,7852,11471,63
"부산광역시","계","합계",455207,111890,26691,133533,7181,95997,77402,2513
"부산광역시","계","20세 미만",4513,509,3909,-,-,89,6,-
"부산광역시","계","20~24",36903,10506,18703,6112,-,1156,385,41
"부산광역시","계","25~29",46740,26787,3678,13716,-,1752,624,183
"부산광역시","계","30~34",33655,17985,268,12805,152,1789,526,130
"부산광역시","계","35~39",27809,11547,76,13248,175,1818,759,186
"부산광역시","계","40~44",24544,9221,46,11778,263,1959,1062,215
"부산광역시","계","45~49",28650,9244,-,13397,540,3550,1521,398
"부산광역시","계","50~54",31838,8620,6,13310,653,6546,2406,297
"부산광역시","계","55~59",37611,7406,-,13258,947,11337,4267,396
"부산광역시","계","60~64",46987,5761,5,15062,1101,15996,8816,246
"부산광역시","계","65~69",41298,2743,-,11034,915,14790,11628,188
"부산광역시","계","70~74",34080,1063,-,6531,774,11609,13998,105
"부산광역시","계","75~79",28761,437,-,3282,674,10135,14175,58
"부산광역시","계","80~84",20250,61,-,-,531,8870,10756,32
"부산광역시","계","85세 이상",11568,-,-,-,456,4601,6473,38
"부산광역시","남자","합계",206311,66011,14332,71721,3509,29745,19581,1412
"부산광역시","남자","20세 미만",1863,242,1576,-,-,45,-,-
"부산광역시","남자","20~24",15709,3070,9493,2368,-,564,194,20
"부산광역시","남자","25~29",24621,13476,2959,6721,-,1026,370,69
"부산광역시","남자","30~34",20296,11279,234,7238,58,1006,388,93
"부산광역시","남자","35~39",16917,7636,40,7545,106,965,509,116
"부산광역시","남자","40~44",15010,6292,25,6586,160,1048,768,131
"부산광역시","남자","45~49",16979,6278,-,7611,275,1633,945,237
"부산광역시","남자","50~54",18453,6142,-,7949,426,2516,1263,157
"부산광역시","남자","55~59",19225,5131,-,7788,575,3670,1833,228
"부산광역시","남자","60~64",20026,3788,5,8133,587,4985,2351,177
"부산광역시","남자","65~69",15015,1779,-,5470,472,4625,2585,84
"부산광역시","남자","70~74",9789,676,-,3139,333,2820,2757,64
"부산광역시","남자","75~79",6395,202,-,1173,232,2245,2521,22
"부산광역시","남자","80~84",3872,20,-,-,173,1787,1878,14
"부산광역시","남자","85세 이상",2141,-,-,-,112,810,1219,-
"부산광역시","여자","합계",248896,45879,12359,61812,3672,66252,57821,1101
"부산광역시","여자","20세 미만",2650,267,2333,-,-,44,6,-
"부산광역시","여자","20~24",21194,7436,9210,3744,-,592,191,21
"부산광역시","여자","25~29",22119,13311,719,6995,-,726,254,114
"부산광역시","여자","30~34",13359,6706,34,5567,94,783,138,37
"부산광역시","여자","35~39",10892,3911,36,5703,69,853,250,70
"부산광역시","여자","40~44",9534,2929,21,5192,103,911,294,84
"부산광역시","여자","45~49",11671,2966,-,5786,265,1917,576,161
"부산광역시","여자","50~54",13385,2478,6,5361,227,4030,1143,140
"부산광역시","여자","55~59",18386,2275,-,5470,372,7667,2434,168
"부산광역시","여자","60~64",26961,1973,-,6929,514,11011,6465,69
"부산광역시","여자","65~69",26283,964,-,5564,443,10165,9043,104
"부산광역시","여자","70~74",24291,387,-,3392,441,8789,11241,41
"부산광역시","여자","75~79",22366,235,-,2109,442,7890,11654,36
"부산광역시","여자","80~84",16378,41,-,-,358,7083,8878,18
"부산광역시","여자","85세 이상",9427,-,-,-,344,3791,5254,38
"대구광역시","계","합계",304543,81015,15267,87239,4508,60516,54192,1806
"대구광역시","계","20세 미만",2757,277,2385,-,-,77,18,-
"대구광역시","계","20~24",21684,6493,10216,3957,-,806,164,48
"대구광역시","계","25~29",31704,18349,2352,9448,-,1141,301,113
"대구광역시","계","30~34",23990,13152,249,8625,91,1359,385,129
"대구광역시","계","35~39",19702,8907,39,8546,153,1434,487,136
"대구광역시","계","40~44",18143,7077,26,8162,259,1821,657,141
"대구광역시","계","45~49",21874,7743,-,9593,274,2836,1253,175
"대구광역시","계","50~54",24351,7065,-,9671,477,5172,1641,325
"대구광역시","계","55~59",27615,5649,-,9642,643,8005,3315,361
"대구광역시","계","60~64",29264,3809,-,8566,617,9998,6152,122
"대구광역시","계","65~69",24493,1600,-,5865,531,8428,7970,99
"대구광역시","계","70~74",19568,587,-,3449,467,6106,8897,62
"대구광역시","계","75~79",17391,269,-,1715,378,5396,9604,29
"대구광역시","계","80~84",13637,38,-,-,281,4954,8326,38
"대구광역시","계","85세 이상",8370,-,-,-,337,2983,5022,28
"대구광역시","남자","합계",140952,50382,8049,47336,2057,19188,12872,1068
"대구광역시","남자","20세 미만",1219,145,1034,-,-,33,7,-
"대구광역시","남자","20~24",9202,2237,4899,1601,-,375,67,23
"대구광역시","남자","25~29",17456,9859,1871,4868,-,623,188,47
"대구광역시","남자","30~34",15489,8866,200,5268,45,793,230,87
"대구광역시","남자","35~39",12459,6071,26,4988,66,894,353,61
"대구광역시","남자","40~44",11244,4973,19,4685,138,898,432,99
"대구광역시","남자","45~49",13208,5422,-,5497,195,1233,755,106
"대구광역시","남자","50~54",13982,4953,-,5691,300,1903,893,242
"대구광역시","남자","55~59",13571,3840,-,5273,386,2540,1312,220
"대구광역시","남자","60~64",12107,2434,-,4515,298,3074,1721,65
"대구광역시","남자","65~69",8256,1108,-,2868,243,2457,1552,28
"대구광역시","남자","70~74",5310,334,-,1493,171,1623,1656,33
"대구광역시","남자","75~79",3545,138,-,589,100,1156,1542,20
"대구광역시","남자","80~84",2396,2,-,-,69,974,1327,24
"대구광역시","남자","85세 이상",1508,-,-,-,46,612,837,13
"대구광역시","여자","합계",163591,30633,7218,39903,2451,41328,41320,738
"대구광역시","여자","20세 미만",1538,132,1351,-,-,44,11,-
"대구광역시","여자","20~24",12482,4256,5317,2356,-,431,97,25
"대구광역시","여자","25~29",14248,8490,481,4580,-,518,113,66
"대구광역시","여자","30~34",8501,4286,49,3357,46,566,155,42
"대구광역시","여자","35~39",7243,2836,13,3558,87,540,134,75
"대구광역시","여자","40~44",6899,2104,7,3477,121,923,225,42
"대구광역시","여자","45~49",8666,2321,-,4096,79,1603,498,69
"대구광역시","여자","50~54",10369,2112,-,3980,177,3269,748,83
"대구광역시","여자","55~59",14044,1809,-,4369,257,5465,2003,141
"대구광역시","여자","60~64",17157,1375,-,4051,319,6924,4431,57
"대구광역시","여자","65~69",16237,492,-,2997,288,5971,6418,71
"대구광역시","여자","70~74",14258,253,-,1956,296,4483,7241,29
"대구광역시","여자","75~79",13846,131,-,1126,278,4240,8062,9
"대구광역시","여자","80~84",11241,36,-,-,212,3980,6999,14
"대구광역시","여자","85세 이상",6862,-,-,-,291,2371,4185,15
"인천광역시","계","합계",324841,100973,6704,105714,5349,58123,45923,2055
"인천광역시","계","20세 미만",2469,387,1920,-,-,127,34,1
"인천광역시","계","20~24",17300,6864,3845,4973,-,1316,269,33
"인천광역시","계","25~29",34217,20085,816,11052,-,1789,332,143
"인천광역시","계","30~34",28844,15826,97,10498,48,1685,584,106
"인천광역시","계","35~39",25483,11721,8,10653,153,1982,789,177
"인천광역시","계","40~44",23655,10335,2,10033,308,1968,789,220
"인천광역시","계","45~49",26709,10058,10,11581,331,3021,1441,267
"인천광역시","계","50~54",27592,9291,-,10918,507,4809,1756,311
"인천광역시","계","55~59",30473,7394,-,11762,756,7227,3090,244
"인천광역시","계","60~64",31801,5397,-,10717,843,9037,5618,189
"인천광역시","계","65~69",22911,2070,-,7069,606,7175,5832,159
"인천광역시","계","70~74",18468,1052,6,4286,534,5436,7063,91
"인천광역시","계","75~79",15499,469,-,2172,410,4698,7684,66
"인천광역시","계","80~84",11459,24,-,-,401,4828,6181,25
"인천광역시","계","85세 이상",7961,-,-,-,452,3025,4461,23
"인천광역시","남자","합계",168675,66275,3641,60308,2604,21380,13224,1243
"인천광역시","남자","20세 미만",1130,252,801,-,-,47,29,1
"인천광역시","남자","20~24",7565,2506,2078,2115,-,735,102,29
"인천광역시","남자","25~29",19485,11423,686,6013,-,1053,217,93
"인천광역시","남자","30~34",18969,10906,60,6427,30,1029,440,77
"인천광역시","남자","35~39",17076,8422,8,6677,88,1203,570,108
"인천광역시","남자","40~44",15500,7432,2,6040,180,1147,556,143
"인천광역시","남자","45~49",17368,7369,-,7124,176,1502,1028,169
"인천광역시","남자","50~54",17090,6895,-,6544,324,2136,993,198
"인천광역시","남자","55~59",16753,5177,-,7047,477,2615,1290,147
"인천광역시","남자","60~64",14901,3555,-,5956,443,3081,1764,102
"인천광역시","남자","65~69",9335,1383,-,3662,303,2435,1474,78
"인천광역시","남자","70~74",5969,705,6,1907,222,1570,1497,62
"인천광역시","남자","75~79",3823,240,-,796,132,1216,1409,30
"인천광역시","남자","80~84",2247,10,-,-,122,954,1161,-
"인천광역시","남자","85세 이상",1464,-,-,-,107,657,694,6
"인천광역시","여자","합계",156166,34698,3063,45406,2745,36743,32699,812
"인천광역시","여자","20세 미만",1339,135,1119,-,-,80,5,-
"인천광역시","여자","20~24",9735,4358,1767,2858,-,581,167,4
"인천광역시","여자","25~29",14732,8662,130,5039,-,736,115,50
"인천광역시","여자","30~34",9875,4920,37,4071,18,656,144,29
"인천광역시","여자","35~39",8407,3299,-,3976,65,779,219,69
"인천광역시","여자","40~44",8155,2903,-,3993,128,821,233,77
"인천광역시","여자","45~49",9341,2689,10,4457,155,1519,413,98
"인천광역시","여자","50~54",10502,2396,-,4374,183,2673,763,113
"인천광역시","여자","55~59",13720,2217,-,4715,279,4612,1800,97
"인천광역시","여자","60~64",16900,1842,-,4761,400,5956,3854,87
"인천광역시","여자","65~69",13576,687,-,3407,303,4740,4358,81
"인천광역시","여자","70~74",12499,347,-,2379,312,3866,5566,29
"인천광역시","여자","75~79",11676,229,-,1376,278,3482,6275,36
"인천광역시","여자","80~84",9212,14,-,-,279,3874,5020,25
"인천광역시","여자","85세 이상",6497,-,-,-,345,2368,3767,17
"광주광역시","계","합계",193948,61024,12442,55947,3073,35009,25525,928
"광주광역시","계","20세 미만",2761,564,2130,-,-,64,3,-
"광주광역시","계","20~24",17982,5035,8090,3790,-,848,193,26
"광주광역시","계","25~29",23291,12835,1773,7384,-,999,271,29
"광주광역시","계","30~34",17700,9752,365,6027,65,1025,371,95
"광주광역시","계","35~39",15817,7468,40,6414,141,1302,375,77
"광주광역시","계","40~44",13684,5983,20,5610,206,1277,500,88
"광주광역시","계","45~49",14641,5535,17,5991,301,2060,598,139
"광주광역시","계","50~54",14868,5501,7,5070,310,2992,832,156
"광주광역시","계","55~59",15300,3971,-,4937,378,4509,1380,125
"광주광역시","계","60~64",15680,2721,-,4536,438,5163,2726,96
"광주광역시","계","65~69",11841,1016,-,3178,284,4072,3240,51
"광주광역시","계","70~74",10222,436,-,1789,275,3379,4325,18
"광주광역시","계","75~79",9110,181,-,1221,249,2956,4489,14
"광주광역시","계","80~84",6657,26,-,-,218,2684,3721,8
"광주광역시","계","85세 이상",4394,-,-,-,208,1679,2501,6
"광주광역시","남자","합계",96817,38318,6318,31691,1542,11719,6593,636
"광주광역시","남자","20세 미만",1231,222,983,-,-,23,3,-
"광주광역시","남자","20~24",7548,1814,3749,1521,-,370,71,23
"광주광역시","남자","25~29",12753,6820,1269,4024,-,484,138,18
"광주광역시","남자","30~34",11320,6328,253,3832,52,553,230,72
"광주광역시","남자","35~39",10407,5156,33,4028,87,761,275,67
"광주광역시","남자","40~44",9019,4506,13,3393,118,637,284,68
"광주광역시","남자","45~49",9456,4018,11,3759,199,1029,363,77
"광주광역시","남자","50~54",8933,3916,7,3143,184,1131,425,127
"광주광역시","남자","55~59",7752,2746,-,2804,253,1327,530,92
"광주광역시","남자","60~64",7020,1825,-,2348,217,1697,887,46
"광주광역시","남자","65~69",4435,660,-,1659,155,1228,707,26
"광주광역시","남자","70~74",2928,195,-,818,97,998,816,4
"광주광역시","남자","75~79",1989,99,-,362,105,631,783,9
"광주광역시","남자","80~84",1247,13,-,-,49,555,625,5
"광주광역시","남자","85세 이상",779,-,-,-,26,295,456,2
"광주광역시","여자","합계",97131,22706,6124,24256,1531,23290,18932,292
"광주광역시","여자","20세 미만",1530,342,1147,-,-,41,-,-
"광주광역시","여자","20~24",10434,3221,4341,2269,-,478,122,3
"광주광역시","여자","25~29",10538,6015,504,3360,-,515,133,11
"광주광역시","여자","30~34",6380,3424,112,2195,13,472,141,23
"광주광역시","여자","35~39",5410,2312,7,2386,54,541,100,10
"광주광역시","여자","40~44",4665,1477,7,2217,88,640,216,20
"광주광역시","여자","45~49",5185,1517,6,2232,102,1031,235,62
"광주광역시","여자","50~54",5935,1585,-,1927,126,1861,407,29
"광주광역시","여자","55~59",7548,1225,-,2133,125,3182,850,33
"광주광역시","여자","60~64",8660,896,-,2188,221,3466,1839,50
"광주광역시","여자","65~69",7406,356,-,1519,129,2844,2533,25
"광주광역시","여자","70~74",7294,241,-,971,178,2381,3509,14
"광주광역시","여자","75~79",7121,82,-,859,144,2325,3706,5
"광주광역시","여자","80~84",5410,13,-,-,169,2129,3096,3
"광주광역시","여자","85세 이상",3615,-,-,-,182,1384,2045,4
"대전광역시","계","합계",228842,79338,29809,56197,2529,34351,25440,1178
"대전광역시","계","20세 미만",7850,1130,6495,-,-,217,8,-
"대전광역시","계","20~24",35082,9935,19041,4776,-,1173,148,9
"대전광역시","계","25~29",32800,19740,3782,7838,-,1146,199,95
"대전광역시","계","30~34",21864,14161,392,6105,57,944,134,71
"대전광역시","계","35~39",15705,8434,49,5651,141,1025,299,106
"대전광역시","계","40~44",12747,6011,20,5043,117,1016,447,93
"대전광역시","계","45~49",14219,6090,18,5163,203,1880,689,176
"대전광역시","계","50~54",14613,5103,7,5156,306,3070,838,133
"대전광역시","계","55~59",15647,4108,-,4924,373,4518,1576,148
"대전광역시","계","60~64",16701,2901,5,4945,367,5332,3010,141
"대전광역시","계","65~69",12595,1131,-,3462,293,4126,3521,62
"대전광역시","계","70~74",9846,435,-,1987,198,3081,4088,57
"대전광역시","계","75~79",8534,125,-,1147,215,2604,4401,42
"대전광역시","계","80~84",6339,34,-,-,103,2538,3649,15
"대전광역시","계","85세 이상",4300,-,-,-,156,1681,2433,30
"대전광역시","남자","합계",116257,48534,16807,30225,1300,11516,7203,672
"대전광역시","남자","20세 미만",3804,549,3099,-,-,156,-,-
"대전광역시","남자","20~24",16480,3547,10282,2037,-,498,107,9
"대전광역시","남자","25~29",19139,11006,3082,4234,-,664,88,65
"대전광역시","남자","30~34",14274,9543,305,3798,37,446,95,50
"대전광역시","남자","35~39",10008,5832,20,3278,93,527,204,54
"대전광역시","남자","40~44",7989,4188,7,2913,89,478,290,24
"대전광역시","남자","45~49",8728,4334,5,2915,140,732,479,123
"대전광역시","남자","50~54",8413,3650,7,2942,182,1100,457,75
"대전광역시","남자","55~59",7979,2880,-,2677,241,1429,655,97
"대전광역시","남자","60~64",7373,1950,-,2393,177,1850,946,57
"대전광역시","남자","65~69",4730,698,-,1725,155,1261,864,27
"대전광역시","남자","70~74",3081,250,-,872,81,921,919,38
"대전광역시","남자","75~79",2008,79,-,441,62,574,830,22
"대전광역시","남자","80~84",1360,28,-,-,17,537,771,7
"대전광역시","남자","85세 이상",891,-,-,-,26,343,498,24
"대전광역시","여자","합계",112585,30804,13002,25972,1229,22835,18237,506
"대전광역시","여자","20세 미만",4046,581,3396,-,-,61,8,-
"대전광역시","여자","20~24",18602,6388,8759,2739,-,675,41,-
"대전광역시","여자","25~29",13661,8734,700,3604,-,482,111,30
"대전광역시","여자","30~34",7590,4618,87,2307,20,498,39,21
"대전광역시","여자","35~39",5697,2602,29,2373,48,498,95,52
"대전광역시","여자","40~44",4758,1823,13,2130,28,538,157,69
"대전광역시","여자","45~49",5491,1756,13,2248,63,1148,210,53
"대전광역시","여자","50~54",6200,1453,-,2214,124,1970,381,58
"대전광역시","여자","55~59",7668,1228,-,2247,132,3089,921,51
"대전광역시","여자","60~64",9328,951,5,2552,190,3482,2064,84
"대전광역시","여자","65~69",7865,433,-,1737,138,2865,2657,35
"대전광역시","여자","70~74",6765,185,-,1115,117,2160,3169,19
"대전광역시","여자","75~79",6526,46,-,706,153,2030,3571,20
"대전광역시","여자","80~84",4979,6,-,-,86,2001,2878,8
"대전광역시","여자","85세 이상",3409,-,-,-,130,1338,1935,6
"울산광역시","계","합계",122848,46511,2691,33722,1938,20150,17149,687
"울산광역시","계","20세 미만",540,202,302,-,-,36,-,-
"울산광역시","계","20~24",5539,2330,1654,1331,-,191,33,-
"울산광역시","계","25~29",12167,7572,637,3405,-,373,142,38
"울산광역시","계","30~34",10970,6764,92,3443,13,450,118,90
"울산광역시","계","35~39",9900,5584,-,3472,60,514,244,26
"울산광역시","계","40~44",9416,5116,6,3363,77,563,236,55
"울산광역시","계","45~49",10769,5254,-,3645,148,1221,377,124
"울산광역시","계","50~54",11342,4963,-,3663,178,1811,630,97
"울산광역시","계","55~59",12058,4237,-,3211,220,3095,1185,110
"울산광역시","계","60~64",12760,2784,-,3836,324,3540,2233,43
"울산광역시","계","65~69",9453,1204,-,2345,293,2705,2865,41
"울산광역시","계","70~74",6818,384,-,1364,229,1926,2890,25
"울산광역시","계","75~79",5296,113,-,644,151,1559,2796,33
"울산광역시","계","80~84",3670,4,-,-,134,1429,2103,-
"울산광역시","계","85세 이상",2150,-,-,-,111,737,1297,5
"울산광역시","남자","합계",68070,34412,1717,19063,972,7149,4279,478
"울산광역시","남자","20세 미만",369,171,170,-,-,28,-,-
"울산광역시","남자","20~24",3010,1282,936,634,-,139,19,-
"울산광역시","남자","25~29",8019,5193,526,1955,-,209,103,33
"울산광역시","남자","30~34",7992,5186,85,2265,13,288,95,60
"울산광역시","남자","35~39",7273,4449,-,2294,34,324,149,23
"울산광역시","남자","40~44",6643,4075,-,2012,48,299,172,37
"울산광역시","남자","45~49",7119,4032,-,2086,96,543,266,96
"울산광역시","남자","50~54",7044,3813,-,2137,108,617,306,63
"울산광역시","남자","55~59",6485,3031,-,1770,145,1030,425,84
"울산광역시","남자","60~64",5937,2015,-,1897,147,1323,529,26
"울산광역시","남자","65~69",3655,855,-,1134,129,924,584,29
"울산광역시","남자","70~74",2225,263,-,659,136,569,585,13
"울산광역시","남자","75~79",1250,47,-,220,49,399,521,14
"울산광역시","남자","80~84",699,-,-,-,52,280,367,-
"울산광역시","남자","85세 이상",350,-,-,-,15,177,158,-
"울산광역시","여자","합계",54778,12099,974,14659,966,13001,12870,209
"울산광역시","여자","20세 미만",171,31,132,-,-,8,-,-
"울산광역시","여자","20~24",2529,1048,718,697,-,52,14,-
"울산광역시","여자","25~29",4148,2379,111,1450,-,164,39,5
"울산광역시","여자","30~34",2978,1578,7,1178,-,162,23,30
"울산광역시","여자","35~39",2627,1135,-,1178,26,190,95,3
"울산광역시","여자","40~44",2773,1041,6,1351,29,264,64,18
"울산광역시","여자","45~49",3650,1222,-,1559,52,678,111,28
"울산광역시","여자","50~54",4298,1150,-,1526,70,1194,324,34
"울산광역시","여자","55~59",5573,1206,-,1441,75,2065,760,26
"울산광역시","여자","60~64",6823,769,-,1939,177,2217,1704,17
"울산광역시","여자","65~69",5798,349,-,1211,164,1781,2281,12
"울산광역시","여자","70~74",4593,121,-,705,93,1357,2305,12
"울산광역시","여자","75~79",4046,66,-,424,102,1160,2275,19
"울산광역시","여자","80~84",2971,4,-,-,82,1149,1736,-
"울산광역시","여자","85세 이상",1800,-,-,-,96,560,1139,5
"세종특별자치시","계","합계",43577,20777,6493,7566,207,5326,3080,128
"세종특별자치시","계","20세 미만",1330,151,1164,-,-,8,7,-
"세종특별자치시","계","20~24",6881,1675,4435,509,-,211,51,-
"세종특별자치시","계","25~29",6623,4538,833,981,-,220,48,3
"세종특별자치시","계","30~34",5478,4115,54,1007,-,220,62,20
"세종특별자치시","계","35~39",3855,2571,7,945,-,268,41,23
"세종특별자치시","계","40~44",3072,1907,-,848,29,234,39,15
"세종특별자치시","계","45~49",3017,1915,-,645,10,344,94,9
"세종특별자치시","계","50~54",2825,1589,-,643,28,449,94,22
"세종특별자치시","계","55~59",2535,1180,-,566,25,592,168,4
"세종특별자치시","계","60~64",2321,698,-,656,11,652,304,-
"세종특별자치시","계","65~69",1686,260,-,351,25,589,446,15
"세종특별자치시","계","70~74",1274,102,-,289,16,482,377,8
"세종특별자치시","계","75~79",1117,76,-,126,34,356,516,9
"세종특별자치시","계","80~84",891,-,-,-,19,360,512,-
"세종특별자치시","계","85세 이상",672,-,-,-,10,341,321,-
"세종특별자치시","남자","합계",22724,12268,3615,3871,116,1949,829,76
"세종특별자치시","남자","20세 미만",669,73,589,-,-,-,7,-
"세종특별자치시","남자","20~24",3297,639,2329,186,-,109,34,-
"세종특별자치시","남자","25~29",3688,2299,642,598,-,119,27,3
"세종특별자치시","남자","30~34",3489,2627,48,666,-,111,21,16
"세종특별자치시","남자","35~39",2426,1670,7,550,-,139,41,19
"세종특별자치시","남자","40~44",1841,1197,-,477,15,112,25,15
"세종특별자치시","남자","45~49",1745,1234,-,290,5,159,57,-
"세종특별자치시","남자","50~54",1574,1078,-,251,17,166,51,11
"세종특별자치시","남자","55~59",1317,756,-,263,21,215,59,3
"세종특별자치시","남자","60~64",1033,421,-,264,11,229,108,-
"세종특별자치시","남자","65~69",655,184,-,160,11,220,71,9
"세종특별자치시","남자","70~74",400,55,-,123,6,158,58,-
"세종특별자치시","남자","75~79",287,35,-,43,25,100,84,-
"세종특별자치시","남자","80~84",169,-,-,-,5,65,99,-
"세종특별자치시","남자","85세 이상",134,-,-,-,-,47,87,-
"세종특별자치시","여자","합계",20853,8509,2878,3695,91,3377,2251,52
"세종특별자치시","여자","20세 미만",661,78,575,-,-,8,-,-
"세종특별자치시","여자","20~24",3584,1036,2106,323,-,102,17,-
"세종특별자치시","여자","25~29",2935,2239,191,383,-,101,21,-
"세종특별자치시","여자","30~34",1989,1488,6,341,-,109,41,4
"세종특별자치시","여자","35~39",1429,901,-,395,-,129,-,4
"세종특별자치시","여자","40~44",1231,710,-,371,14,122,14,-
"세종특별자치시","여자","45~49",1272,681,-,355,5,185,37,9
"세종특별자치시","여자","50~54",1251,511,-,392,11,283,43,11
"세종특별자치시","여자","55~59",1218,424,-,303,4,377,109,1
"세종특별자치시","여자","60~64",1288,277,-,392,-,423,196,-
"세종특별자치시","여자","65~69",1031,76,-,191,14,369,375,6
"세종특별자치시","여자","70~74",874,47,-,166,10,324,319,8
"세종특별자치시","여자","75~79",830,41,-,83,9,256,432,9
"세종특별자치시","여자","80~84",722,-,-,-,14,295,413,-
"세종특별자치시","여자","85세 이상",538,-,-,-,10,294,234,-
"경기도","계","합계",1406010,531954,35141,409826,20245,228383,171131,9330
"경기도","계","20세 미만",8710,1668,6600,-,-,317,116,9
"경기도","계","20~24",71325,30015,21262,15447,-,3428,999,174
"경기도","계","25~29",165901,106736,6438,42689,-,7046,2438,554
"경기도","계","30~34",147266,91925,608,43957,349,6867,2676,884
"경기도","계","35~39",124823,67285,120,44550,537,8355,3264,712
"경기도","계","40~44",109713,54332,57,42122,884,7902,3533,883
"경기도","계","45~49",119770,53572,21,45627,1404,12551,5476,1119
"경기도","계","50~54",118136,44357,10,43353,2079,20108,6920,1309
"경기도","계","55~59",121372,36224,25,41580,2786,28776,10575,1406
"경기도","계","60~64",122173,26225,-,38905,2836,35155,18285,767
"경기도","계","65~69",89745,11818,-,26378,2271,26440,22231,607
"경기도","계","70~74",71100,5042,-,16568,1966,21593,25619,312
"경기도","계","75~79",60832,2422,-,8650,1879,19485,28061,335
"경기도","계","80~84",45389,333,-,-,1531,18789,24596,140
"경기도","계","85세 이상",29755,-,-,-,1723,11571,16342,119
"경기도","남자","합계",758076,359600,18988,229778,10108,82379,51449,5774
"경기도","남자","20세 미만",3776,775,2819,-,-,142,40,-
"경기도","남자","20~24",32145,13082,10493,6480,-,1524,491,75
"경기도","남자","25~29",99420,65049,5160,23219,-,4120,1506,366
"경기도","남자","30~34",100520,66025,429,27369,216,4006,1821,654
"경기도","남자","35~39",84639,48443,50,28018,288,5024,2330,486
"경기도","남자","40~44",72288,39365,23,24929,467,4369,2517,618
"경기도","남자","45~49",77270,39240,8,26557,812,6203,3699,751
"경기도","남자","50~54",72926,32597,6,25644,1278,8381,4140,880
"경기도","남자","55~59",67432,25510,-,23910,1690,10793,4699,830
"경기도","남자","60~64",57891,17495,-,20617,1817,11806,5740,416
"경기도","남자","65~69",35917,7744,-,12744,1123,8484,5494,328
"경기도","남자","70~74",23000,2981,-,7055,888,6205,5724,147
"경기도","남자","75~79",15256,1146,-,3236,606,4876,5260,132
"경기도","남자","80~84",9656,148,-,-,485,4210,4752,61
"경기도","남자","85세 이상",5940,-,-,-,438,2236,3236,30
"경기도","여자","합계",647934,172354,16153,180048,10137,146004,119682,3556
"경기도","여자","20세 미만",4934,893,3781,-,-,175,76,9
"경기도","여자","20~24",39180,16933,10769,8967,-,1904,508,99
"경기도","여자","25~29",66481,41687,1278,19470,-,2926,932,188
"경기도","여자","30~34",46746,25900,179,16588,133,2861,855,230
"경기도","여자","35~39",40184,18842,70,16532,249,3331,934,226
"경기도","여자","40~44",37425,14967,34,17193,417,3533,1016,265
"경기도","여자","45~49",42500,14332,13,19070,592,6348,1777,368
"경기도","여자","50~54",45210,11760,4,17709,801,11727,2780,429
"경기도","여자","55~59",53940,10714,25,17670,1096,17983,5876,576
"경기도","여자","60~64",64282,8730,-,18288,1019,23349,12545,351
"경기도","여자","65~69",53828,4074,-,13634,1148,17956,16737,279
"경기도","여자","70~74",48100,2061,-,9513,1078,15388,19895,165
"경기도","여자","75~79",45576,1276,-,5414,1273,14609,22801,203
"경기도","여자","80~84",35733,185,-,-,1046,14579,19844,79
"경기도","여자","85세 이상",23815,-,-,-,1285,9335,13106,89
"강원도","계","합계",231371,70313,18553,46970,5829,46218,42244,1244
"강원도","계","20세 미만",3110,365,2660,-,-,85,-,-
"강원도","계","20~24",23355,5960,13510,2609,-,914,258,104
"강원도","계","25~29",19192,12089,2079,3947,-,827,192,58
"강원도","계","30~34",13660,9032,262,3305,55,676,276,54
"강원도","계","35~39",11306,6386,7,3678,132,760,286,57
"강원도","계","40~44",11296,6119,4,3311,241,1113,431,77
"강원도","계","45~49",14512,6801,23,4449,263,2048,831,97
"강원도","계","50~54",18255,7476,8,5369,482,3505,1276,139
"강원도","계","55~59",22059,7228,-,5908,856,5621,2236,210
"강원도","계","60~64",24382,5266,-,6335,1125,7065,4376,215
"강원도","계","65~69",18579,2270,-,4175,880,5772,5370,112
"강원도","계","70~74",14964,840,-,2492,611,4681,6296,44
"강원도","계","75~79",15634,400,-,1392,515,5250,8032,45
"강원도","계","80~84",12578,81,-,-,353,4843,7289,12
"강원도","계","85세 이상",8489,-,-,-,316,3058,5095,20
"강원도","남자","합계",115678,46755,11647,26934,3254,15837,10522,729
"강원도","남자","20세 미만",1893,262,1596,-,-,35,-,-
"강원도","남자","20~24",12706,2713,8184,1206,-,458,100,45
"강원도","남자","25~29",12152,7454,1701,2300,-,512,137,48
"강원도","남자","30~34",8952,6145,159,1990,34,360,213,51
"강원도","남자","35~39",7364,4371,7,2306,67,421,178,14
"강원도","남자","40~44",7266,4358,-,1928,134,526,263,57
"강원도","남자","45~49",9097,4877,-,2617,175,863,507,58
"강원도","남자","50~54",11010,5313,-,3235,306,1391,672,93
"강원도","남자","55~59",12130,5072,-,3396,466,2152,914,130
"강원도","남자","60~64",12228,3651,-,3673,702,2782,1300,120
"강원도","남자","65~69",8091,1663,-,2292,525,2141,1425,45
"강원도","남자","70~74",5051,589,-,1371,390,1449,1218,34
"강원도","남자","75~79",3761,237,-,620,249,1232,1405,18
"강원도","남자","80~84",2482,50,-,-,122,1018,1292,-
"강원도","남자","85세 이상",1495,-,-,-,84,497,898,16
"강원도","여자","합계",115693,23558,6906,20036,2575,30381,31722,515
"강원도","여자","20세 미만",1217,103,1064,-,-,50,-,-
"강원도","여자","20~24",10649,3247,5326,1403,-,456,158,59
"강원도","여자","25~29",7040,4635,378,1647,-,315,55,10
"강원도","여자","30~34",4708,2887,103,1315,21,316,63,3
"강원도","여자","35~39",3942,2015,-,1372,65,339,108,43
"강원도","여자","40~44",4030,1761,4,1383,107,587,168,20
"강원도","여자","45~49",5415,1924,23,1832,88,1185,324,39
"강원도","여자","50~54",7245,2163,8,2134,176,2114,604,46
"강원도","여자","55~59",9929,2156,-,2512,390,3469,1322,80
"강원도","여자","60~64",12154,1615,-,2662,423,4283,3076,95
"강원도","여자","65~69",10488,607,-,1883,355,3631,3945,67
"강원도","여자","70~74",9913,251,-,1121,221,3232,5078,10
"강원도","여자","75~79",11873,163,-,772,266,4018,6627,27
"강원도","여자","80~84",10096,31,-,-,231,3825,5997,12
"강원도","여자","85세 이상",6994,-,-,-,232,2561,4197,4
"충청북도","계","합계",236208,83163,17465,49628,4213,38861,41679,1199
"충청북도","계","20세 미만",4090,598,3366,-,-,92,34,-
"충청북도","계","20~24",22676,7001,11803,2761,-,834,247,30
"충청북도","계","25~29",26658,18230,2083,4982,-,980,324,59
"충청북도","계","30~34",18521,12469,162,4896,43,639,268,44
"충청북도","계","35~39",14585,8820,44,4452,135,723,327,84
"충청북도","계","40~44",12949,6922,-,4340,180,894,486,127
"충청북도","계","45~49",15312,7307,7,4897,218,1918,819,146
"충청북도","계","50~54",17924,7295,-,5393,345,3519,1193,179
"충청북도","계","55~59",20327,6568,-,5499,588,5179,2306,187
"충청북도","계","60~64",21150,4681,-,5543,735,6014,4047,130
"충청북도","계","65~69",16282,2103,-,3704,630,4545,5200,100
"충청북도","계","70~74",12642,735,-,2038,418,3578,5823,50
"충청북도","계","75~79",13505,404,-,1123,375,3784,7802,17
"충청북도","계","80~84",11514,30,-,-,273,3720,7452,39
"충청북도","계","85세 이상",8073,-,-,-,273,2442,5351,7
"충청북도","남자","합계",122465,56582,9998,28573,2346,13797,10450,719
"충청북도","남자","20세 미만",2026,267,1697,-,-,54,8,-
"충청북도","남자","20~24",11581,3257,6482,1227,-,462,129,24
"충청북도","남자","25~29",17590,12201,1713,2818,-,594,227,37
"충청북도","남자","30~34",12866,8999,87,3182,32,375,176,15
"충청북도","남자","35~39",9845,6343,19,2731,53,403,253,43
"충청북도","남자","40~44",8591,4938,-,2676,115,458,325,79
"충청북도","남자","45~49",9681,5276,-,2835,139,772,587,72
"충청북도","남자","50~54",10754,5303,-,3219,201,1269,634,128
"충청북도","남자","55~59",11137,4639,-,3088,389,1990,915,116
"충청북도","남자","60~64",10236,3149,-,3183,422,2316,1087,79
"충청북도","남자","65~69",6830,1557,-,2019,365,1674,1165,50
"충청북도","남자","70~74",4149,418,-,1080,258,1236,1113,44
"충청북도","남자","75~79",3244,228,-,515,205,855,1433,8
"충청북도","남자","80~84",2421,7,-,-,97,926,1373,18
"충청북도","남자","85세 이상",1514,-,-,-,70,413,1025,6
"충청북도","여자","합계",113743,26581,7467,21055,1867,25064,31229,480
"충청북도","여자","20세 미만",2064,331,1669,-,-,38,26,-
"충청북도","여자","20~24",11095,3744,5321,1534,-,372,118,6
"충청북도","여자","25~29",9068,6029,370,2164,-,386,97,22
"충청북도","여자","30~34",5655,3470,75,1714,11,264,92,29
"충청북도","여자","35~39",4740,2477,25,1721,82,320,74,41
"충청북도","여자","40~44",4358,1984,-,1664,65,436,161,48
"충청북도","여자","45~49",5631,2031,7,2062,79,1146,232,74
"충청북도","여자","50~54",7170,1992,-,2174,144,2250,559,51
"충청북도","여자","55~59",9190,1929,-,2411,199,3189,1391,71
"충청북도","여자","60~64",10914,1532,-,2360,313,3698,2960,51
"충청북도","여자","65~69",9452,546,-,1685,265,2871,4035,50
"충청북도","여자","70~74",8493,317,-,958,160,2342,4710,6
"충청북도","여자","75~79",10261,176,-,608,170,2929,6369,9
"충청북도","여자","80~84",9093,23,-,-,176,2794,6079,21
"충청북도","여자","85세 이상",6559,-,-,-,203,2029,4326,1
"충청남도","계","합계",304973,118886,20175,54935,4984,47510,56936,1547
"충청남도","계","20세 미만",4912,646,4150,-,-,96,20,-
"충청남도","계","20~24",26810,8311,14168,3099,-,884,296,52
"충청남도","계","25~29",30885,22148,1690,5441,-,1041,488,77
"충청남도","계","30~34",25522,18887,112,4831,53,1053,460,126
"충청남도","계","35~39",20646,13620,34,5186,127,921,649,109
"충청남도","계","40~44",18007,11117,10,4662,199,1296,585,138
"충청남도","계","45~49",20237,11045,11,5550,304,2289,918,120
"충청남도","계","50~54",22102,10596,-,5719,414,3735,1445,193
"충청남도","계","55~59",25582,10334,-,5938,722,5614,2756,218
"충청남도","계","60~64",25799,7040,-,6177,842,6553,4959,228
"충청남도","계","65~69",20045,3073,-,4164,702,5602,6386,118
"충청남도","계","70~74",17619,1371,-,2767,603,4822,7970,86
"충청남도","계","75~79",17741,604,-,1401,354,4707,10624,51
"충청남도","계","80~84",16295,94,-,-,358,5067,10752,24
"충청남도","계","85세 이상",12771,-,-,-,306,3830,8628,7
"충청남도","남자","합계",159737,83663,9528,31112,2784,17599,14111,940
"충청남도","남자","20세 미만",2211,262,1900,-,-,49,-,-
"충청남도","남자","20~24",12101,3988,6173,1292,-,427,180,41
"충청남도","남자","25~29",19786,14255,1374,3151,-,626,332,48
"충청남도","남자","30~34",18321,14087,63,3001,35,668,382,85
"충청남도","남자","35~39",15170,10618,10,3335,98,560,472,77
"충청남도","남자","40~44",12843,8711,5,2786,115,775,374,77
"충청남도","남자","45~49",13567,8293,3,3209,200,1122,676,64
"충청남도","남자","50~54",13778,7767,-,3254,265,1536,829,127
"충청남도","남자","55~59",14652,7395,-,3321,436,2314,1054,132
"충청남도","남자","60~64",13074,4933,-,3383,537,2707,1379,135
"충청남도","남자","65~69",8591,2003,-,2330,415,2283,1487,73
"충청남도","남자","70~74",5905,951,-,1457,304,1609,1540,44
"충청남도","남자","75~79",4169,355,-,593,161,1133,1896,31
"충청남도","남자","80~84",3183,45,-,-,123,1079,1930,6
"충청남도","남자","85세 이상",2386,-,-,-,95,711,1580,-
"충청남도","여자","합계",145236,35223,10647,23823,2200,29911,42825,607
"충청남도","여자","20세 미만",2701,384,2250,-,-,47,20,-
"충청남도","여자","20~24",14709,4323,7995,1807,-,457,116,11
"충청남도","여자","25~29",11099,7893,316,2290,-,415,156,29
"충청남도","여자","30~34",7201,4800,49,1830,18,385,78,41
"충청남도","여자","35~39",5476,3002,24,1851,29,361,177,32
"충청남도","여자","40~44",5164,2406,5,1876,84,521,211,61
"충청남도","여자","45~49",6670,2752,8,2341,104,1167,242,56
"충청남도","여자","50~54",8324,2829,-,2465,149,2199,616,66
"충청남도","여자","55~59",10930,2939,-,2617,286,3300,1702,86
"충청남도","여자","60~64",12725,2107,-,2794,305,3846,3580,93
"충청남도","여자","65~69",11454,1070,-,1834,287,3319,4899,45
"충청남도","여자","70~74",11714,420,-,1310,299,3213,6430,42
"충청남도","여자","75~79",13572,249,-,808,193,3574,8728,20
"충청남도","여자","80~84",13112,49,-,-,235,3988,8822,18
"충청남도","여자","85세 이상",10385,-,-,-,211,3119,7048,7
"전라북도","계","합계",255269,69718,17053,54381,4863,51455,56634,1165
"전라북도","계","20세 미만",3667,382,3087,-,-,194,4,-
"전라북도","계","20~24",21885,5317,11789,3262,-,1270,193,54
"전라북도","계","25~29",21128,12288,1844,5421,-,1125,392,58
"전라북도","계","30~34",15539,9425,203,4596,46,941,274,54
"전라북도","계","35~39",13402,7106,66,4826,171,823,365,45
"전라북도","계","40~44",13171,6542,26,4777,227,1046,488,65
"전라북도","계","45~49",16426,6976,25,5806,295,2221,913,190
"전라북도","계","50~54",18814,7442,-,5330,491,3954,1431,166
"전라북도","계","55~59",21310,6307,7,5704,615,5842,2651,184
"전라북도","계","60~64",23174,4589,-,6046,782,6840,4778,139
"전라북도","계","65~69",19255,1961,6,4345,606,5888,6365,84
"전라북도","계","70~74",19054,878,-,2878,514,5668,9062,54
"전라북도","계","75~79",18834,434,-,1390,474,5694,10798,44
"전라북도","계","80~84",16847,71,-,-,347,5770,10646,13
"전라북도","계","85세 이상",12763,-,-,-,295,4179,8274,15
"전라북도","남자","합계",121764,45975,10135,31895,2706,17691,12586,776
"전라북도","남자","20세 미만",2075,302,1712,-,-,57,4,-
"전라북도","남자","20~24",11500,2394,6686,1590,-,688,120,22
"전라북도","남자","25~29",12367,7021,1570,2967,-,534,243,32
"전라북도","남자","30~34",10214,6455,141,2833,33,532,182,38
"전라북도","남자","35~39",9055,5159,25,3082,77,463,219,30
"전라북도","남자","40~44",8829,4725,-,2948,132,604,370,50
"전라북도","남자","45~49",10753,5141,1,3574,183,1067,638,149
"전라북도","남자","50~54",11493,5299,-,3280,327,1669,785,133
"전라북도","남자","55~59",11798,4342,-,3416,425,2364,1121,130
"전라북도","남자","60~64",11212,3041,-,3686,526,2619,1243,97
"전라북도","남자","65~69",7851,1268,-,2449,367,2294,1442,31
"전라북도","남자","70~74",5887,580,-,1537,283,1810,1658,19
"전라북도","남자","75~79",3779,219,-,533,167,1230,1590,40
"전라북도","남자","80~84",2867,29,-,-,120,1060,1653,5
"전라북도","남자","85세 이상",2084,-,-,-,66,700,1318,-
"전라북도","여자","합계",133505,23743,6918,22486,2157,33764,44048,389
"전라북도","여자","20세 미만",1592,80,1375,-,-,137,-,-
"전라북도","여자","20~24",10385,2923,5103,1672,-,582,73,32
"전라북도","여자","25~29",8761,5267,274,2454,-,591,149,26
"전라북도","여자","30~34",5325,2970,62,1763,13,409,92,16
"전라북도","여자","35~39",4347,1947,41,1744,94,360,146,15
"전라북도","여자","40~44",4342,1817,26,1829,95,442,118,15
"전라북도","여자","45~49",5673,1835,24,2232,112,1154,275,41
"전라북도","여자","50~54",7321,2143,-,2050,164,2285,646,33
"전라북도","여자","55~59",9512,1965,7,2288,190,3478,1530,54
"전라북도","여자","60~64",11962,1548,-,2360,256,4221,3535,42
"전라북도","여자","65~69",11404,693,6,1896,239,3594,4923,53
"전라북도","여자","70~74",13167,298,-,1341,231,3858,7404,35
"전라북도","여자","75~79",15055,215,-,857,307,4464,9208,4
"전라북도","여자","80~84",13980,42,-,-,227,4710,8993,8
"전라북도","여자","85세 이상",10679,-,-,-,229,3479,6956,15
"전라남도","계","합계",256633,72928,7220,43565,5580,54587,71750,1003
"전라남도","계","20세 미만",2386,628,1657,-,-,76,25,-
"전라남도","계","20~24",12595,4871,4857,1929,-,708,216,14
"전라남도","계","25~29",16345,11250,611,3458,-,700,318,8
"전라남도","계","30~34",12926,8669,83,3032,59,723,303,57
"전라남도","계","35~39",12505,7233,-,3903,101,866,329,73
"전라남도","계","40~44",12310,6625,1,3906,219,966,540,53
"전라남도","계","45~49",15922,8005,10,4391,375,2177,817,147
"전라남도","계","50~54",19413,8409,1,5092,463,3938,1403,107
"전라남도","계","55~59",22648,7783,-,5152,773,5864,2898,178
"전라남도","계","60~64",24469,5367,-,5202,971,7350,5451,128
"전라남도","계","65~69",20765,2526,-,3731,696,6202,7504,106
"전라남도","계","70~74",21347,1115,-,2461,646,6281,10759,85
"전라남도","계","75~79",24219,410,-,1308,448,6784,15256,13
"전라남도","계","80~84",22384,37,-,-,424,7071,14830,22
"전라남도","계","85세 이상",16399,-,-,-,405,4881,11101,12
"전라남도","남자","합계",120032,51062,4399,26738,3261,19256,14651,665
"전라남도","남자","20세 미만",1580,397,1128,-,-,43,12,-
"전라남도","남자","20~24",6779,2520,2772,997,-,345,143,2
"전라남도","남자","25~29",9862,6807,455,1981,-,431,180,8
"전라남도","남자","30~34",8877,6237,37,1940,50,379,193,41
"전라남도","남자","35~39",8898,5455,-,2617,56,515,206,49
"전라남도","남자","40~44",8728,5093,-,2522,131,543,394,45
"전라남도","남자","45~49",10752,6029,7,2803,233,1050,558,72
"전라남도","남자","50~54",12374,6127,-,3231,304,1810,815,87
"전라남도","남자","55~59",13067,5488,-,3131,533,2677,1103,135
"전라남도","남자","60~64",12741,3911,-,3207,696,3246,1592,89
"전라남도","남자","65~69",9007,1908,-,2365,481,2496,1678,79
"전라남도","남자","70~74",6531,830,-,1357,363,2140,1804,37
"전라남도","남자","75~79",4747,238,-,587,175,1512,2225,10
"전라남도","남자","80~84",3625,22,-,-,143,1259,2198,3
"전라남도","남자","85세 이상",2464,-,-,-,96,810,1550,8
"전라남도","여자","합계",136601,21866,2821,16827,2319,35331,57099,338
"전라남도","여자","20세 미만",806,231,529,-,-,33,13,-
"전라남도","여자","20~24",5816,2351,2085,932,-,363,73,12
"전라남도","여자","25~29",6483,4443,156,1477,-,269,138,-
"전라남도","여자","30~34",4049,2432,46,1092,9,344,110,16
"전라남도","여자","35~39",3607,1778,-,1286,45,351,123,24
"전라남도","여자","40~44",3582,1532,1,1384,88,423,146,8
"전라남도","여자","45~49",5170,1976,3,1588,142,1127,259,75
"전라남도","여자","50~54",7039,2282,1,1861,159,2128,588,20
"전라남도","여자","55~59",9581,2295,-,2021,240,3187,1795,43
"전라남도","여자","60~64",11728,1456,-,1995,275,4104,3859,39
"전라남도","여자","65~69",11758,618,-,1366,215,3706,5826,27
"전라남도","여자","70~74",14816,285,-,1104,283,4141,8955,48
"전라남도","여자","75~79",19472,172,-,721,273,5272,13031,3
"전라남도","여자","80~84",18759,15,-,-,281,5812,12632,19
"전라남도","여자","85세 이상",13935,-,-,-,309,4071,9551,4
"경상북도","계","합계",388791,119762,22931,72001,6683,74291,91126,1997
"경상북도","계","20세 미만",5815,904,4685,-,-,202,24,-
"경상북도","계","20~24",29628,8973,15151,3659,-,1436,355,54
"경상북도","계","25~29",30302,20131,2715,5961,-,1097,297,101
"경상북도","계","30~34",24489,16963,258,5650,93,1092,345,88
"경상북도","계","35~39",21512,13156,50,6215,140,1310,481,160
"경상북도","계","40~44",20200,11205,33,6286,181,1532,751,212
"경상북도","계","45~49",24467,11863,34,7388,433,3245,1285,219
"경상북도","계","50~54",28856,11879,-,7890,765,5988,2021,313
"경상북도","계","55~59",34012,11051,5,8515,900,8977,4254,310
"경상북도","계","60~64",37436,7728,-,8909,1118,10948,8509,224
"경상북도","계","65~69",31547,3665,-,6323,1030,8998,11386,145
"경상북도","계","70~74",26971,1564,-,3420,600,7587,13718,82
"경상북도","계","75~79",28348,638,-,1785,558,8199,17131,37
"경상북도","계","80~84",26306,42,-,-,470,8185,17583,26
"경상북도","계","85세 이상",18902,-,-,-,395,5495,12986,26
"경상북도","남자","합계",188127,82697,12836,41584,3907,26280,19524,1299
"경상북도","남자","20세 미만",3118,610,2371,-,-,115,22,-
"경상북도","남자","20~24",15591,4640,8024,1821,-,831,228,47
"경상북도","남자","25~29",19373,12723,2211,3489,-,677,188,85
"경상북도","남자","30~34",17237,12372,171,3649,27,722,237,59
"경상북도","남자","35~39",15055,9780,19,3886,125,773,375,97
"경상북도","남자","40~44",13657,8362,21,3639,105,828,558,144
"경상북도","남자","45~49",15713,8700,19,4273,274,1507,790,150
"경상북도","남자","50~54",17363,8491,-,4614,469,2533,1038,218
"경상북도","남자","55~59",18683,7557,-,5153,578,3638,1570,187
"경상북도","남자","60~64",18070,5413,-,5074,762,4566,2128,127
"경상북도","남자","65~69",12580,2530,-,3444,698,3367,2449,92
"경상북도","남자","70~74",8327,1113,-,1796,382,2315,2678,43
"경상북도","남자","75~79",5820,384,-,746,257,1756,2657,20
"경상북도","남자","80~84",4563,22,-,-,139,1709,2688,5
"경상북도","남자","85세 이상",2977,-,-,-,91,943,1918,25
"경상북도","여자","합계",200664,37065,10095,30417,2776,48011,71602,698
"경상북도","여자","20세 미만",2697,294,2314,-,-,87,2,-
"경상북도","여자","20~24",14037,4333,7127,1838,-,605,127,7
"경상북도","여자","25~29",10929,7408,504,2472,-,420,109,16
"경상북도","여자","30~34",7252,4591,87,2001,66,370,108,29
"경상북도","여자","35~39",6457,3376,31,2329,15,537,106,63
"경상북도","여자","40~44",6543,2843,12,2647,76,704,193,68
"경상북도","여자","45~49",8754,3163,15,3115,159,1738,495,69
"경상북도","여자","50~54",11493,3388,-,3276,296,3455,983,95
"경상북도","여자","55~59",15329,3494,5,3362,322,5339,2684,123
"경상북도","여자","60~64",19366,2315,-,3835,356,6382,6381,97
"경상북도","여자","65~69",18967,1135,-,2879,332,5631,8937,53
"경상북도","여자","70~74",18644,451,-,1624,218,5272,11040,39
"경상북도","여자","75~79",22528,254,-,1039,301,6443,14474,17
"경상북도","여자","80~84",21743,20,-,-,331,6476,14895,21
"경상북도","여자","85세 이상",15925,-,-,-,304,4552,11068,1
"경상남도","계","합계",417737,129919,10335,96778,8338,82705,87497,2165
"경상남도","계","20세 미만",2351,409,1797,-,-,114,23,8
"경상남도","계","20~24",18608,6693,7058,3665,-,920,243,29
"경상남도","계","25~29",31153,20193,1242,8035,-,1133,466,84
"경상남도","계","30~34",28225,18122,207,8131,90,1225,356,94
"경상남도","계","35~39",27074,15585,19,8871,163,1601,677,158
"경상남도","계","40~44",26380,13802,12,9228,341,1858,945,194
"경상남도","계","45~49",31778,15015,-,10823,482,3700,1471,287
"경상남도","계","50~54",35644,13975,-,10623,860,7211,2636,339
"경상남도","계","55~59",39754,11851,-,11380,1224,10400,4609,290
"경상남도","계","60~64",44047,8642,-,11444,1374,13305,9011,271
"경상남도","계","65~69",35392,3552,-,7859,1186,11205,11383,207
"경상남도","계","70~74",28948,1465,-,4609,915,8723,13143,93
"경상남도","계","75~79",27888,539,-,2110,588,8276,16309,66
"경상남도","계","80~84",23865,76,-,-,623,7961,15177,28
"경상남도","계","85세 이상",16630,-,-,-,492,5073,11048,17
"경상남도","남자","합계",206071,90803,5763,56056,4602,27711,19875,1261
"경상남도","남자","20세 미만",1237,273,856,-,-,89,11,8
"경상남도","남자","20~24",9568,3270,3837,1757,-,556,131,17
"경상남도","남자","25~29",19112,12708,922,4550,-,538,360,34
"경상남도","남자","30~34",19681,13187,133,5232,47,740,266,76
"경상남도","남자","35~39",19072,11844,12,5658,98,943,450,67
"경상남도","남자","40~44",18347,10454,3,5753,237,1098,685,117
"경상남도","남자","45~49",20687,11213,-,6469,293,1601,931,180
"경상남도","남자","50~54",21402,10103,-,6235,528,2858,1447,231
"경상남도","남자","55~59",21295,8153,-,6709,748,3827,1671,187
"경상남도","남자","60~64",20466,5716,-,6371,864,4828,2545,142
"경상남도","남자","65~69",14188,2487,-,4213,737,4017,2598,136
"경상남도","남자","70~74",8955,1052,-,2209,490,2629,2528,47
"경상남도","남자","75~79",5680,304,-,900,279,1745,2436,16
"경상남도","남자","80~84",3847,39,-,-,177,1438,2193,-
"경상남도","남자","85세 이상",2534,-,-,-,104,804,1623,3
"경상남도","여자","합계",211666,39116,4572,40722,3736,54994,67622,904
"경상남도","여자","20세 미만",1114,136,941,-,-,25,12,-
"경상남도","여자","20~24",9040,3423,3221,1908,-,364,112,12
"경상남도","여자","25~29",12041,7485,320,3485,-,595,106,50
"경상남도","여자","30~34",8544,4935,74,2899,43,485,90,18
"경상남도","여자","35~39",8002,3741,7,3213,65,658,227,91
"경상남도","여자","40~44",8033,3348,9,3475,104,760,260,77
"경상남도","여자","45~49",11091,3802,-,4354,189,2099,540,107
"경상남도","여자","50~54",14242,3872,-,4388,332,4353,1189,108
"경상남도","여자","55~59",18459,3698,-,4671,476,6573,2938,103
"경상남도","여자","60~64",23581,2926,-,5073,510,8477,6466,129
"경상남도","여자","65~69",21204,1065,-,3646,449,7188,8785,71
"경상남도","여자","70~74",19993,413,-,2400,425,6094,10615,46
"경상남도","여자","75~79",22208,235,-,1210,309,6531,13873,50
"경상남도","여자","80~84",20018,37,-,-,446,6523,12984,28
"경상남도","여자","85세 이상",14096,-,-,-,388,4269,9425,14
"제주특별자치도","계","합계",81855,29312,1432,24334,2451,13489,10267,570
"제주특별자치도","계","20세 미만",621,118,483,-,-,-,20,-
"제주특별자치도","계","20~24",3928,1945,781,958,-,213,20,11
"제주특별자치도","계","25~29",7487,4611,130,2251,-,361,112,22
"제주특별자치도","계","30~34",6094,3352,38,2082,40,384,120,78
"제주특별자치도","계","35~39",6418,3294,-,2509,80,302,188,45
"제주특별자치도","계","40~44",6452,3122,-,2569,125,459,124,53
"제주특별자치도","계","45~49",8010,3600,-,2888,187,918,362,55
"제주특별자치도","계","50~54",8682,3350,-,3128,305,1260,553,86
"제주특별자치도","계","55~59",8257,3087,-,2412,350,1640,723,45
"제주특별자치도","계","60~64",7723,1595,-,2558,572,1901,1052,45
"제주특별자치도","계","65~69",5350,875,-,1574,285,1430,1126,60
"제주특별자치도","계","70~74",4134,208,-,909,184,1309,1481,43
"제주특별자치도","계","75~79",3368,140,-,496,129,1074,1520,9
"제주특별자치도","계","80~84",2798,15,-,-,102,1217,1462,2
"제주특별자치도","계","85세 이상",2533,-,-,-,92,1021,1404,16
"제주특별자치도","남자","합계",41643,18554,732,13020,1237,4676,3068,356
"제주특별자치도","남자","20세 미만",308,58,245,-,-,-,5,-
"제주특별자치도","남자","20~24",1645,732,398,426,-,80,9,-
"제주특별자치도","남자","25~29",4049,2555,89,1139,-,160,84,22
"제주특별자치도","남자","30~34",3729,2178,-,1204,20,220,69,38
"제주특별자치도","남자","35~39",3896,2102,-,1496,29,147,104,18
"제주특별자치도","남자","40~44",3958,2225,-,1405,52,179,70,27
"제주특별자치도","남자","45~49",4857,2379,-,1632,87,492,236,31
"제주특별자치도","남자","50~54",5095,2318,-,1606,177,587,349,58
"제주특별자치도","남자","55~59",4592,2130,-,1355,146,627,301,33
"제주특별자치도","남자","60~64",3884,1093,-,1348,386,660,352,45
"제주특별자치도","남자","65~69",2376,573,-,749,110,538,359,47
"제주특별자치도","남자","70~74",1440,104,-,468,95,397,351,25
"제주특별자치도","남자","75~79",886,95,-,192,82,177,335,5
"제주특별자치도","남자","80~84",559,12,-,-,46,246,255,-
"제주특별자치도","남자","85세 이상",369,-,-,-,7,166,189,7
"제주특별자치도","여자","합계",40212,10758,700,11314,1214,8813,7199,214
"제주특별자치도","여자","20세 미만",313,60,238,-,-,-,15,-
"제주특별자치도","여자","20~24",2283,1213,383,532,-,133,11,11
"제주특별자치도","여자","25~29",3438,2056,41,1112,-,201,28,-
"제주특별자치도","여자","30~34",2365,1174,38,878,20,164,51,40
"제주특별자치도","여자","35~39",2522,1192,-,1013,51,155,84,27
"제주특별자치도","여자","40~44",2494,897,-,1164,73,280,54,26
"제주특별자치도","여자","45~49",3153,1221,-,1256,100,426,126,24
"제주특별자치도","여자","50~54",3587,1032,-,1522,128,673,204,28
"제주특별자치도","여자","55~59",3665,957,-,1057,204,1013,422,12
"제주특별자치도","여자","60~64",3839,502,-,1210,186,1241,700,-
"제주특별자치도","여자","65~69",2974,302,-,825,175,892,767,13
"제주특별자치도","여자","70~74",2694,104,-,441,89,912,1130,18
"제주특별자치도","여자","75~79",2482,45,-,304,47,897,1185,4
"제주특별자치도","여자","80~84",2239,3,-,-,56,971,1207,2
"제주특별자치도","여자","85세 이상",2164,-,-,-,85,855,1215,9
