"행정구역별(시군구)","성별","연령별",2020,2020,2020,2020,2020,2020,2020
"행정구역별(시군구)","성별","연령별",1인가구,자기집,전세(월세 없음),보증금 있는 월세,보증금 없는 월세,사글세,무상
"전국","계","합계",6643354,2279236,1159286,2455883,278798,77987,392164
"전국","계","20세 미만",72119,5063,6153,48897,4618,4389,2999
"전국","계","20~24",496119,31460,73750,327700,23389,20528,19292
"전국","계","25~29",775110,75210,225988,399490,25650,6526,42246
"전국","계","30~34",618316,100426,197532,262958,19502,3062,34836
"전국","계","35~39",497027,122312,123281,203584,17290,2588,27972
"전국","계","40~44",427257,122161,82924,173090,18192,2817,28073
"전국","계","45~49",476499,151008,77558,187360,24407,4365,31801
"전국","계","50~54",497959,169332,68715,188393,29712,5746,36061
"전국","계","55~59",541536,213875,67360,183030,33691,7018,36562
"전국","계","60~64",580701,269724,67400,171750,31800,6853,33174
"전국","계","65~69",458284,242844,49802,114808,20376,4953,25501
"전국","계","70~74",382524,231804,38889,75446,12464,3327,20594
"전국","계","75~79",350186,228364,35634,55352,8042,2547,20247
"전국","계","80~84",278847,188531,26712,38309,5798,1867,17630
"전국","계","85세 이상",190870,127122,17588,25716,3867,1401,15176
"전국","남자","합계",3304398,903625,586228,1345131,190500,44377,234537
"전국","남자","20세 미만",33854,2719,2487,22251,2441,2201,1755
"전국","남자","20~24",219029,15560,29889,139465,12849,10289,10977
"전국","남자","25~29",433190,44841,119810,218294,17292,4405,28548
"전국","남자","30~34",394473,67736,124781,161286,13796,2036,24838
"전국","남자","35~39",320100,82077,77528,126973,12064,1762,19696
"전국","남자","40~44",272897,77434,48655,110523,13668,1976,20641
"전국","남자","45~49",299310,88210,43166,122120,19204,3056,23554
"전국","남자","50~54",300477,88127,36357,121695,23311,4053,26934
"전국","남자","55~59",294220,94719,31017,112732,25836,4647,25269
"전국","남자","60~64",270517,101475,26694,94728,23354,4244,20022
"전국","남자","65~69",180497,77323,17791,55631,13695,2810,13247
"전국","남자","70~74",119128,59800,11396,30610,7389,1565,8368
"전국","남자","75~79",79884,45654,8640,16316,3361,758,5155
"전국","남자","80~84",53056,34297,5121,8354,1573,432,3279
"전국","남자","85세 이상",33766,23653,2896,4153,667,143,2254
"전국","여자","합계",3338956,1375611,573058,1110752,88298,33610,157627
"전국","여자","20세 미만",38265,2344,3666,26646,2177,2188,1244
"전국","여자","20~24",277090,15900,43861,188235,10540,10239,8315
"전국","여자","25~29",341920,30369,106178,181196,8358,2121,13698
"전국","여자","30~34",223843,32690,72751,101672,5706,1026,9998
"전국","여자","35~39",176927,40235,45753,76611,5226,826,8276
"전국","여자","40~44",154360,44727,34269,62567,4524,841,7432
"전국","여자","45~49",177189,62798,34392,65240,5203,1309,8247
"전국","여자","50~54",197482,81205,32358,66698,6401,1693,9127
"전국","여자","55~59",247316,119156,36343,70298,7855,2371,11293
"전국","여자","60~64",310184,168249,40706,77022,8446,2609,13152
"전국","여자","65~69",277787,165521,32011,59177,6681,2143,12254
"전국","여자","70~74",263396,172004,27493,44836,5075,1762,12226
"전국","여자","75~79",270302,182710,26994,39036,4681,1789,15092
"전국","여자","80~84",225791,154234,21591,29955,4225,1435,14351
"전국","여자","85세 이상",157104,103469,14692,21563,3200,1258,12922
"동부","계","합계",5301112,1539193,1056098,2182718,223626,55523,243954
"동부","계","20세 미만",61466,4021,5483,43712,3395,2909,1946
"동부","계","20~24",434915,25723,68206,299136,17152,13281,11417
"동부","계","25~29",693054,62954,210911,366782,21114,4937,26356
"동부","계","30~34",546390,84729,182224,237264,16381,2396,23396
"동부","계","35~39",429423,101148,111907,180345,14715,2097,19211
"동부","계","40~44",359437,98521,74292,150633,15195,2127,18669
"동부","계","45~49",390531,116694,68746,161882,20064,3335,19810
"동부","계","50~54",393310,121587,60353,161720,24372,4377,20901
"동부","계","55~59",413826,144665,59218,156905,27418,5072,20548
"동부","계","60~64",440021,180607,60495,149510,25161,4951,19297
"동부","계","65~69",342070,161351,45063,100790,16097,3545,15224
"동부","계","70~74",278118,149965,35842,67094,9727,2380,13110
"동부","계","75~79",235681,132813,32598,49437,5852,1798,13183
"동부","계","80~84",171984,96220,24532,34423,4176,1296,11337
"동부","계","85세 이상",110886,58195,16228,23085,2807,1022,9549
"동부","남자","합계",2630040,601493,526187,1179733,154351,31905,136371
"동부","남자","20세 미만",27897,2049,2147,19583,1657,1486,975
"동부","남자","20~24",186078,12054,27257,125226,9154,6612,5775
"동부","남자","25~29",377922,36531,110316,197466,13934,3244,16431
"동부","남자","30~34",341893,55966,113692,143298,11471,1597,15869
"동부","남자","35~39",270189,66449,69104,110435,10016,1426,12759
"동부","남자","40~44",223989,60530,42745,94779,11387,1469,13079
"동부","남자","45~49",239658,64982,37899,104780,15783,2302,13912
"동부","남자","50~54",231506,58243,31579,104177,19358,3086,15063
"동부","남자","55~59",217066,55346,26713,96489,21480,3406,13632
"동부","남자","60~64",194122,55644,23415,82293,19016,3156,10598
"동부","남자","65~69",127458,43246,15795,48457,11037,1987,6936
"동부","남자","70~74",83427,34196,10369,27079,5914,1125,4744
"동부","남자","75~79",54562,26030,7818,14510,2500,577,3127
"동부","남자","80~84",33732,18143,4660,7497,1139,316,1977
"동부","남자","85세 이상",20541,12084,2678,3664,505,116,1494
"동부","여자","합계",2671072,937700,529911,1002985,69275,23618,107583
"동부","여자","20세 미만",33569,1972,3336,24129,1738,1423,971
"동부","여자","20~24",248837,13669,40949,173910,7998,6669,5642
"동부","여자","25~29",315132,26423,100595,169316,7180,1693,9925
"동부","여자","30~34",204497,28763,68532,93966,4910,799,7527
"동부","여자","35~39",159234,34699,42803,69910,4699,671,6452
"동부","여자","40~44",135448,37991,31547,55854,3808,658,5590
"동부","여자","45~49",150873,51712,30847,57102,4281,1033,5898
"동부","여자","50~54",161804,63344,28774,57543,5014,1291,5838
"동부","여자","55~59",196760,89319,32505,60416,5938,1666,6916
"동부","여자","60~64",245899,124963,37080,67217,6145,1795,8699
"동부","여자","65~69",214612,118105,29268,52333,5060,1558,8288
"동부","여자","70~74",194691,115769,25473,40015,3813,1255,8366
"동부","여자","75~79",181119,106783,24780,34927,3352,1221,10056
"동부","여자","80~84",138252,78077,19872,26926,3037,980,9360
"동부","여자","85세 이상",90345,46111,13550,19421,2302,906,8055
"읍부","계","합계",621763,263365,72182,187586,27556,11772,59302
"읍부","계","20세 미만",5825,671,434,3140,523,585,472
"읍부","계","20~24",36941,3326,3748,19159,3299,4091,3318
"읍부","계","25~29",53548,6960,11531,24369,2382,1058,7248
"읍부","계","30~34",46687,8991,11422,18839,1768,478,5189
"읍부","계","35~39",42967,12371,8214,16690,1553,252,3887
"읍부","계","40~44",40869,12690,6147,15707,1675,398,4252
"읍부","계","45~49",48917,17199,6228,17639,2182,541,5128
"읍부","계","50~54",53380,20491,5569,17703,2659,628,6330
"읍부","계","55~59",57796,26055,5143,17014,2833,948,5803
"읍부","계","60~64",58737,31490,4558,14026,3269,843,4551
"읍부","계","65~69",45559,27232,2974,9285,1929,661,3478
"읍부","계","70~74",38714,26686,1919,5653,1232,474,2750
"읍부","계","75~79",37780,27807,1920,4001,994,353,2705
"읍부","계","80~84",31797,24466,1507,2582,743,270,2229
"읍부","계","85세 이상",22246,16930,868,1779,515,192,1962
"읍부","남자","합계",328440,110560,42114,112722,17773,6540,38731
"읍부","남자","20세 미만",3128,431,205,1555,325,250,362
"읍부","남자","20~24",19218,1927,1726,9487,1929,2199,1950
"읍부","남자","25~29",34988,4592,7234,15096,1689,818,5559
"읍부","남자","30~34",33498,6539,8385,13120,1240,307,3907
"읍부","남자","35~39",31358,8957,6046,11941,1224,129,3061
"읍부","남자","40~44",28807,8701,4230,10929,1247,277,3423
"읍부","남자","45~49",32675,10952,3637,11977,1695,361,4053
"읍부","남자","50~54",33593,11584,3094,11605,1964,403,4943
"읍부","남자","55~59",32841,12993,2734,10433,1919,563,4199
"읍부","남자","60~64",29343,13973,2093,7801,2097,469,2910
"읍부","남자","65~69",18761,9601,1185,4479,1185,417,1894
"읍부","남자","70~74",12493,7672,580,2279,603,204,1155
"읍부","남자","75~79",8195,5487,511,1159,371,65,602
"읍부","남자","80~84",5883,4292,317,543,196,70,465
"읍부","남자","85세 이상",3659,2859,137,318,89,8,248
"읍부","여자","합계",293323,152805,30068,74864,9783,5232,20571
"읍부","여자","20세 미만",2697,240,229,1585,198,335,110
"읍부","여자","20~24",17723,1399,2022,9672,1370,1892,1368
"읍부","여자","25~29",18560,2368,4297,9273,693,240,1689
"읍부","여자","30~34",13189,2452,3037,5719,528,171,1282
"읍부","여자","35~39",11609,3414,2168,4749,329,123,826
"읍부","여자","40~44",12062,3989,1917,4778,428,121,829
"읍부","여자","45~49",16242,6247,2591,5662,487,180,1075
"읍부","여자","50~54",19787,8907,2475,6098,695,225,1387
"읍부","여자","55~59",24955,13062,2409,6581,914,385,1604
"읍부","여자","60~64",29394,17517,2465,6225,1172,374,1641
"읍부","여자","65~69",26798,17631,1789,4806,744,244,1584
"읍부","여자","70~74",26221,19014,1339,3374,629,270,1595
"읍부","여자","75~79",29585,22320,1409,2842,623,288,2103
"읍부","여자","80~84",25914,20174,1190,2039,547,200,1764
"읍부","여자","85세 이상",18587,14071,731,1461,426,184,1714
"면부","계","합계",720479,476678,31006,85579,27616,10692,88908
"면부","계","20세 미만",4828,371,236,2045,700,895,581
"면부","계","20~24",24263,2411,1796,9405,2938,3156,4557
"면부","계","25~29",28508,5296,3546,8339,2154,531,8642
"면부","계","30~34",25239,6706,3886,6855,1353,188,6251
"면부","계","35~39",24637,8793,3160,6549,1022,239,4874
"면부","계","40~44",26951,10950,2485,6750,1322,292,5152
"면부","계","45~49",37051,17115,2584,7839,2161,489,6863
"면부","계","50~54",51269,27254,2793,8970,2681,741,8830
"면부","계","55~59",69914,43155,2999,9111,3440,998,10211
"면부","계","60~64",81943,57627,2347,8214,3370,1059,9326
"면부","계","65~69",70655,54261,1765,4733,2350,747,6799
"면부","계","70~74",65692,55153,1128,2699,1505,473,4734
"면부","계","75~79",76725,67744,1116,1914,1196,396,4359
"면부","계","80~84",75066,67845,673,1304,879,301,4064
"면부","계","85세 이상",57738,51997,492,852,545,187,3665
"면부","남자","합계",345918,191572,17927,52676,18376,5932,59435
"면부","남자","20세 미만",2829,239,135,1113,459,465,418
"면부","남자","20~24",13733,1579,906,4752,1766,1478,3252
"면부","남자","25~29",20280,3718,2260,5732,1669,343,6558
"면부","남자","30~34",19082,5231,2704,4868,1085,132,5062
"면부","남자","35~39",18553,6671,2378,4597,824,207,3876
"면부","남자","40~44",20101,8203,1680,4815,1034,230,4139
"면부","남자","45~49",26977,12276,1630,5363,1726,393,5589
"면부","남자","50~54",35378,18300,1684,5913,1989,564,6928
"면부","남자","55~59",44313,26380,1570,5810,2437,678,7438
"면부","남자","60~64",47052,31858,1186,4634,2241,619,6514
"면부","남자","65~69",34278,24476,811,2695,1473,406,4417
"면부","남자","70~74",23208,17932,447,1252,872,236,2469
"면부","남자","75~79",17127,14137,311,647,490,116,1426
"면부","남자","80~84",13441,11862,144,314,238,46,837
"면부","남자","85세 이상",9566,8710,81,171,73,19,512
"면부","여자","합계",374561,285106,13079,32903,9240,4760,29473
"면부","여자","20세 미만",1999,132,101,932,241,430,163
"면부","여자","20~24",10530,832,890,4653,1172,1678,1305
"면부","여자","25~29",8228,1578,1286,2607,485,188,2084
"면부","여자","30~34",6157,1475,1182,1987,268,56,1189
"면부","여자","35~39",6084,2122,782,1952,198,32,998
"면부","여자","40~44",6850,2747,805,1935,288,62,1013
"면부","여자","45~49",10074,4839,954,2476,435,96,1274
"면부","여자","50~54",15891,8954,1109,3057,692,177,1902
"면부","여자","55~59",25601,16775,1429,3301,1003,320,2773
"면부","여자","60~64",34891,25769,1161,3580,1129,440,2812
"면부","여자","65~69",36377,29785,954,2038,877,341,2382
"면부","여자","70~74",42484,37221,681,1447,633,237,2265
"면부","여자","75~79",59598,53607,805,1267,706,280,2933
"면부","여자","80~84",61625,55983,529,990,641,255,3227
"면부","여자","85세 이상",48172,43287,411,681,472,168,3153
"서울특별시","계","합계",1390701,295813,380876,603837,58683,5930,45562
"서울특별시","계","20세 미만",14237,824,1716,10426,837,53,381
"서울특별시","계","20~24",123938,7192,23535,86641,3974,417,2179
"서울특별시","계","25~29",238517,16587,82574,127907,6168,429,4852
"서울특별시","계","30~34",183573,20305,72446,80465,5111,319,4927
"서울특별시","계","35~39",126485,22770,43090,52488,3867,326,3944
"서울특별시","계","40~44",91518,20043,26482,37281,3961,253,3498
"서울특별시","계","45~49",90186,22473,22676,35902,4986,473,3676
"서울특별시","계","50~54",82704,20047,17660,33995,7010,583,3409
"서울특별시","계","55~59",84976,21850,17258,34677,7004,719,3468
"서울특별시","계","60~64",94834,29391,19396,35555,6278,847,3367
"서울특별시","계","65~69",77047,29083,15439,25188,4001,624,2712
"서울특별시","계","70~74",65469,29538,13087,17001,2662,362,2819
"서울특별시","계","75~79",54109,25804,11904,12299,1305,219,2578
"서울특별시","계","80~84",37968,18443,8109,8302,924,180,2010
"서울특별시","계","85세 이상",25140,11463,5504,5710,595,126,1742
"서울특별시","남자","합계",650999,110093,174608,297338,42665,3643,22652
"서울특별시","남자","20세 미만",5345,265,609,4099,243,25,104
"서울특별시","남자","20~24",42602,2782,7765,29142,1874,167,872
"서울특별시","남자","25~29",114318,8493,37743,61391,4071,234,2386
"서울특별시","남자","30~34",102247,11971,40590,43145,3379,213,2949
"서울특별시","남자","35~39",70540,12911,24055,28444,2622,187,2321
"서울특별시","남자","40~44",51144,10967,13669,21101,3028,164,2215
"서울특별시","남자","45~49",52330,11546,11775,22329,4150,330,2200
"서울특별시","남자","50~54",48793,9719,8991,21541,5907,440,2195
"서울특별시","남자","55~59",46352,8331,7978,21311,5993,563,2176
"서울특별시","남자","60~64",42318,8316,7336,19164,5267,582,1653
"서울특별시","남자","65~69",28985,7159,5317,11885,3142,356,1126
"서울특별시","남자","70~74",20181,6402,3579,6853,1972,198,1177
"서울특별시","남자","75~79",13245,5126,2833,3926,598,68,694
"서울특별시","남자","80~84",7863,3604,1457,2098,304,87,313
"서울특별시","남자","85세 이상",4736,2501,911,909,115,29,271
"서울특별시","여자","합계",739702,185720,206268,306499,16018,2287,22910
"서울특별시","여자","20세 미만",8892,559,1107,6327,594,28,277
"서울특별시","여자","20~24",81336,4410,15770,57499,2100,250,1307
"서울특별시","여자","25~29",124199,8094,44831,66516,2097,195,2466
"서울특별시","여자","30~34",81326,8334,31856,37320,1732,106,1978
"서울특별시","여자","35~39",55945,9859,19035,24044,1245,139,1623
"서울특별시","여자","40~44",40374,9076,12813,16180,933,89,1283
"서울특별시","여자","45~49",37856,10927,10901,13573,836,143,1476
"서울특별시","여자","50~54",33911,10328,8669,12454,1103,143,1214
"서울특별시","여자","55~59",38624,13519,9280,13366,1011,156,1292
"서울특별시","여자","60~64",52516,21075,12060,16391,1011,265,1714
"서울특별시","여자","65~69",48062,21924,10122,13303,859,268,1586
"서울특별시","여자","70~74",45288,23136,9508,10148,690,164,1642
"서울특별시","여자","75~79",40864,20678,9071,8373,707,151,1884
"서울특별시","여자","80~84",30105,14839,6652,6204,620,93,1697
"서울특별시","여자","85세 이상",20404,8962,4593,4801,480,97,1471
"부산광역시","계","합계",455207,155856,65001,194588,15973,1711,22078
"부산광역시","계","20세 미만",4513,187,250,3725,174,52,125
"부산광역시","계","20~24",36903,1737,3652,29733,823,120,838
"부산광역시","계","25~29",46740,3912,11736,27739,1330,109,1914
"부산광역시","계","30~34",33655,6004,8959,16131,864,35,1662
"부산광역시","계","35~39",27809,7318,5798,12137,807,52,1697
"부산광역시","계","40~44",24544,7829,3761,10461,948,47,1498
"부산광역시","계","45~49",28650,9250,3914,12625,1180,151,1530
"부산광역시","계","50~54",31838,10664,3680,13790,1666,230,1808
"부산광역시","계","55~59",37611,14014,4467,15028,2152,216,1734
"부산광역시","계","60~64",46987,21017,5032,16407,2263,209,2059
"부산광역시","계","65~69",41298,20888,4326,12661,1544,161,1718
"부산광역시","계","70~74",34080,19280,3107,8935,1003,135,1620
"부산광역시","계","75~79",28761,16743,2814,7073,514,82,1535
"부산광역시","계","80~84",20250,11320,2150,5002,424,53,1301
"부산광역시","계","85세 이상",11568,5693,1355,3141,281,59,1039
"부산광역시","남자","합계",206311,53628,29445,100218,10518,1014,11488
"부산광역시","남자","20세 미만",1863,52,72,1612,75,-,52
"부산광역시","남자","20~24",15709,799,1411,12602,433,45,419
"부산광역시","남자","25~29",24621,2229,5543,14774,861,45,1169
"부산광역시","남자","30~34",20296,3973,5283,9292,593,28,1127
"부산광역시","남자","35~39",16917,4595,3570,7152,455,24,1121
"부산광역시","남자","40~44",15010,4698,2187,6372,694,42,1017
"부산광역시","남자","45~49",16979,4991,2065,7935,846,108,1034
"부산광역시","남자","50~54",18453,4898,1820,8966,1316,197,1256
"부산광역시","남자","55~59",19225,5033,1910,9328,1670,157,1127
"부산광역시","남자","60~64",20026,6123,1920,9172,1519,139,1153
"부산광역시","남자","65~69",15015,5517,1492,6111,1064,84,747
"부산광역시","남자","70~74",9789,4201,901,3505,580,93,509
"부산광역시","남자","75~79",6395,3219,689,1843,196,36,412
"부산광역시","남자","80~84",3872,2045,391,1076,144,9,207
"부산광역시","남자","85세 이상",2141,1255,191,478,72,7,138
"부산광역시","여자","합계",248896,102228,35556,94370,5455,697,10590
"부산광역시","여자","20세 미만",2650,135,178,2113,99,52,73
"부산광역시","여자","20~24",21194,938,2241,17131,390,75,419
"부산광역시","여자","25~29",22119,1683,6193,12965,469,64,745
"부산광역시","여자","30~34",13359,2031,3676,6839,271,7,535
"부산광역시","여자","35~39",10892,2723,2228,4985,352,28,576
"부산광역시","여자","40~44",9534,3131,1574,4089,254,5,481
"부산광역시","여자","45~49",11671,4259,1849,4690,334,43,496
"부산광역시","여자","50~54",13385,5766,1860,4824,350,33,552
"부산광역시","여자","55~59",18386,8981,2557,5700,482,59,607
"부산광역시","여자","60~64",26961,14894,3112,7235,744,70,906
"부산광역시","여자","65~69",26283,15371,2834,6550,480,77,971
"부산광역시","여자","70~74",24291,15079,2206,5430,423,42,1111
"부산광역시","여자","75~79",22366,13524,2125,5230,318,46,1123
"부산광역시","여자","80~84",16378,9275,1759,3926,280,44,1094
"부산광역시","여자","85세 이상",9427,4438,1164,2663,209,52,901
"대구광역시","계","합계",304543,97784,39044,134476,13381,3932,15926
"대구광역시","계","20세 미만",2757,185,111,2292,60,30,79
"대구광역시","계","20~24",21684,896,1847,17843,434,136,528
"대구광역시","계","25~29",31704,2410,5548,21319,908,158,1361
"대구광역시","계","30~34",23990,3968,4780,12994,698,128,1422
"대구광역시","계","35~39",19702,4947,3307,9747,569,77,1055
"대구광역시","계","40~44",18143,4909,2291,8874,675,114,1280
"대구광역시","계","45~49",21874,6195,2792,9962,1354,240,1331
"대구광역시","계","50~54",24351,7253,2835,10771,1584,475,1433
"대구광역시","계","55~59",27615,9376,3273,11083,1786,647,1450
"대구광역시","계","60~64",29264,12354,3185,10266,1774,536,1149
"대구광역시","계","65~69",24493,12316,2450,6794,1334,451,1148
"대구광역시","계","70~74",19568,10930,2067,4762,727,247,835
"대구광역시","계","75~79",17391,9913,1948,3588,602,264,1076
"대구광역시","계","80~84",13637,7709,1650,2532,537,237,972
"대구광역시","계","85세 이상",8370,4423,960,1649,339,192,807
"대구광역시","남자","합계",140952,33904,17403,70665,8850,2127,8003
"대구광역시","남자","20세 미만",1219,93,49,1001,25,14,37
"대구광역시","남자","20~24",9202,431,748,7529,221,50,223
"대구광역시","남자","25~29",17456,1531,2887,11592,578,105,763
"대구광역시","남자","30~34",15489,2855,3059,7995,547,95,938
"대구광역시","남자","35~39",12459,3519,1992,5845,387,63,653
"대구광역시","남자","40~44",11244,2912,1311,5580,481,89,871
"대구광역시","남자","45~49",13208,3347,1534,6249,1029,163,886
"대구광역시","남자","50~54",13982,3291,1433,6678,1215,325,1040
"대구광역시","남자","55~59",13571,3188,1279,6507,1372,388,837
"대구광역시","남자","60~64",12107,3441,1187,5269,1324,336,550
"대구광역시","남자","65~69",8256,3018,725,2968,804,260,481
"대구광역시","남자","70~74",5310,2291,526,1801,356,83,253
"대구광역시","남자","75~79",3545,1642,348,960,269,74,252
"대구광역시","남자","80~84",2396,1425,217,414,189,52,99
"대구광역시","남자","85세 이상",1508,920,108,277,53,30,120
"대구광역시","여자","합계",163591,63880,21641,63811,4531,1805,7923
"대구광역시","여자","20세 미만",1538,92,62,1291,35,16,42
"대구광역시","여자","20~24",12482,465,1099,10314,213,86,305
"대구광역시","여자","25~29",14248,879,2661,9727,330,53,598
"대구광역시","여자","30~34",8501,1113,1721,4999,151,33,484
"대구광역시","여자","35~39",7243,1428,1315,3902,182,14,402
"대구광역시","여자","40~44",6899,1997,980,3294,194,25,409
"대구광역시","여자","45~49",8666,2848,1258,3713,325,77,445
"대구광역시","여자","50~54",10369,3962,1402,4093,369,150,393
"대구광역시","여자","55~59",14044,6188,1994,4576,414,259,613
"대구광역시","여자","60~64",17157,8913,1998,4997,450,200,599
"대구광역시","여자","65~69",16237,9298,1725,3826,530,191,667
"대구광역시","여자","70~74",14258,8639,1541,2961,371,164,582
"대구광역시","여자","75~79",13846,8271,1600,2628,333,190,824
"대구광역시","여자","80~84",11241,6284,1433,2118,348,185,873
"대구광역시","여자","85세 이상",6862,3503,852,1372,286,162,687
"인천광역시","계","합계",324841,120216,61824,102647,20061,2464,17629
"인천광역시","계","20세 미만",2469,293,351,1393,318,63,51
"인천광역시","계","20~24",17300,1788,3833,9249,1554,139,737
"인천광역시","계","25~29",34217,4757,11284,13972,2340,200,1664
"인천광역시","계","30~34",28844,6039,9511,9731,1856,180,1527
"인천광역시","계","35~39",25483,8085,6027,8694,1524,96,1057
"인천광역시","계","40~44",23655,8028,4379,8029,1675,170,1374
"인천광역시","계","45~49",26709,9659,4280,9188,2033,166,1383
"인천광역시","계","50~54",27592,10280,4190,9370,1938,252,1562
"인천광역시","계","55~59",30473,12899,4145,9076,2400,312,1641
"인천광역시","계","60~64",31801,15262,4184,8597,1769,297,1692
"인천광역시","계","65~69",22911,11929,2616,5759,1129,177,1301
"인천광역시","계","70~74",18468,10717,2218,3651,674,148,1060
"인천광역시","계","75~79",15499,9313,2017,2625,401,118,1025
"인천광역시","계","80~84",11459,6682,1605,1939,292,76,865
"인천광역시","계","85세 이상",7961,4485,1184,1374,158,70,690
"인천광역시","남자","합계",168675,51448,32329,59462,14064,1473,9899
"인천광역시","남자","20세 미만",1130,180,167,590,147,12,34
"인천광역시","남자","20~24",7565,906,1540,3898,849,61,311
"인천광역시","남자","25~29",19485,2787,6326,7679,1515,125,1053
"인천광역시","남자","30~34",18969,3975,6207,6286,1316,127,1058
"인천광역시","남자","35~39",17076,5430,3906,5864,1089,56,731
"인천광역시","남자","40~44",15500,5164,2706,5340,1174,144,972
"인천광역시","남자","45~49",17368,5938,2531,6163,1651,123,962
"인천광역시","남자","50~54",17090,5409,2375,6463,1585,171,1087
"인천광역시","남자","55~59",16753,5528,2045,6006,1941,169,1064
"인천광역시","남자","60~64",14901,5486,1864,5021,1327,210,993
"인천광역시","남자","65~69",9335,3867,979,2991,760,113,625
"인천광역시","남자","70~74",5969,2698,676,1602,421,94,478
"인천광역시","남자","75~79",3823,1946,541,884,166,53,233
"인천광역시","남자","80~84",2247,1199,288,450,98,12,200
"인천광역시","남자","85세 이상",1464,935,178,225,25,3,98
"인천광역시","여자","합계",156166,68768,29495,43185,5997,991,7730
"인천광역시","여자","20세 미만",1339,113,184,803,171,51,17
"인천광역시","여자","20~24",9735,882,2293,5351,705,78,426
"인천광역시","여자","25~29",14732,1970,4958,6293,825,75,611
"인천광역시","여자","30~34",9875,2064,3304,3445,540,53,469
"인천광역시","여자","35~39",8407,2655,2121,2830,435,40,326
"인천광역시","여자","40~44",8155,2864,1673,2689,501,26,402
"인천광역시","여자","45~49",9341,3721,1749,3025,382,43,421
"인천광역시","여자","50~54",10502,4871,1815,2907,353,81,475
"인천광역시","여자","55~59",13720,7371,2100,3070,459,143,577
"인천광역시","여자","60~64",16900,9776,2320,3576,442,87,699
"인천광역시","여자","65~69",13576,8062,1637,2768,369,64,676
"인천광역시","여자","70~74",12499,8019,1542,2049,253,54,582
"인천광역시","여자","75~79",11676,7367,1476,1741,235,65,792
"인천광역시","여자","80~84",9212,5483,1317,1489,194,64,665
"인천광역시","여자","85세 이상",6497,3550,1006,1149,133,67,592
"광주광역시","계","합계",193948,69217,23360,81787,7979,2254,9351
"광주광역시","계","20세 미만",2761,237,125,2151,89,52,107
"광주광역시","계","20~24",17982,1529,1774,13328,779,101,471
"광주광역시","계","25~29",23291,3087,4259,13788,1002,187,968
"광주광역시","계","30~34",17700,3623,4017,8433,591,157,879
"광주광역시","계","35~39",15817,5370,2316,6744,489,106,792
"광주광역시","계","40~44",13684,4558,1607,6061,599,123,736
"광주광역시","계","45~49",14641,5260,1645,6120,713,188,715
"광주광역시","계","50~54",14868,5457,1558,6111,791,177,774
"광주광역시","계","55~59",15300,6354,1508,5476,868,307,787
"광주광역시","계","60~64",15680,7383,1461,4906,816,325,789
"광주광역시","계","65~69",11841,6395,892,3230,542,211,571
"광주광역시","계","70~74",10222,6411,792,2119,278,110,512
"광주광역시","계","75~79",9110,6394,581,1469,176,97,393
"광주광역시","계","80~84",6657,4306,586,1107,166,76,416
"광주광역시","계","85세 이상",4394,2853,239,744,80,37,441
"광주광역시","남자","합계",96817,27996,12118,45339,5109,1300,4955
"광주광역시","남자","20세 미만",1231,102,81,889,65,49,45
"광주광역시","남자","20~24",7548,766,712,5419,397,63,191
"광주광역시","남자","25~29",12753,1814,2247,7384,647,104,557
"광주광역시","남자","30~34",11320,2372,2650,5225,437,97,539
"광주광역시","남자","35~39",10407,3571,1444,4522,315,61,494
"광주광역시","남자","40~44",9019,2842,1036,4157,417,76,491
"광주광역시","남자","45~49",9456,3066,989,4244,595,109,453
"광주광역시","남자","50~54",8933,2845,798,4021,554,130,585
"광주광역시","남자","55~59",7752,2465,633,3366,613,189,486
"광주광역시","남자","60~64",7020,2374,607,2934,478,218,409
"광주광역시","남자","65~69",4435,1736,321,1639,333,108,298
"광주광역시","남자","70~74",2928,1432,280,821,162,36,197
"광주광역시","남자","75~79",1989,1221,165,439,55,22,87
"광주광역시","남자","80~84",1247,834,102,181,33,32,65
"광주광역시","남자","85세 이상",779,556,53,98,8,6,58
"광주광역시","여자","합계",97131,41221,11242,36448,2870,954,4396
"광주광역시","여자","20세 미만",1530,135,44,1262,24,3,62
"광주광역시","여자","20~24",10434,763,1062,7909,382,38,280
"광주광역시","여자","25~29",10538,1273,2012,6404,355,83,411
"광주광역시","여자","30~34",6380,1251,1367,3208,154,60,340
"광주광역시","여자","35~39",5410,1799,872,2222,174,45,298
"광주광역시","여자","40~44",4665,1716,571,1904,182,47,245
"광주광역시","여자","45~49",5185,2194,656,1876,118,79,262
"광주광역시","여자","50~54",5935,2612,760,2090,237,47,189
"광주광역시","여자","55~59",7548,3889,875,2110,255,118,301
"광주광역시","여자","60~64",8660,5009,854,1972,338,107,380
"광주광역시","여자","65~69",7406,4659,571,1591,209,103,273
"광주광역시","여자","70~74",7294,4979,512,1298,116,74,315
"광주광역시","여자","75~79",7121,5173,416,1030,121,75,306
"광주광역시","여자","80~84",5410,3472,484,926,133,44,351
"광주광역시","여자","85세 이상",3615,2297,186,646,72,31,383
"대전광역시","계","합계",228842,56956,45961,107274,6732,2422,9497
"대전광역시","계","20세 미만",7850,244,643,6476,263,114,110
"대전광역시","계","20~24",35082,987,6484,25650,660,645,656
"대전광역시","계","25~29",32800,1820,10465,18559,571,188,1197
"대전광역시","계","30~34",21864,2753,7488,10212,461,69,881
"대전광역시","계","35~39",15705,3274,4001,7218,352,73,787
"대전광역시","계","40~44",12747,3230,2802,5387,494,104,730
"대전광역시","계","45~49",14219,4330,2525,6038,441,124,761
"대전광역시","계","50~54",14613,4434,2420,6221,713,165,660
"대전광역시","계","55~59",15647,5714,2326,5747,813,314,733
"대전광역시","계","60~64",16701,7148,2056,5736,808,237,716
"대전광역시","계","65~69",12595,6352,1476,3623,452,159,533
"대전광역시","계","70~74",9846,5458,1050,2441,313,90,494
"대전광역시","계","75~79",8534,5072,1023,1746,193,56,444
"대전광역시","계","80~84",6339,3687,749,1221,130,42,510
"대전광역시","계","85세 이상",4300,2453,453,999,68,42,285
"대전광역시","남자","합계",116257,21827,23945,59138,4437,1632,5278
"대전광역시","남자","20세 미만",3804,118,247,3199,132,49,59
"대전광역시","남자","20~24",16480,482,2781,12048,431,384,354
"대전광역시","남자","25~29",19139,1071,5954,10890,396,125,703
"대전광역시","남자","30~34",14274,1893,5103,6323,314,38,603
"대전광역시","남자","35~39",10008,2110,2446,4685,229,62,476
"대전광역시","남자","40~44",7989,1910,1567,3580,299,84,549
"대전광역시","남자","45~49",8728,2392,1388,3967,346,101,534
"대전광역시","남자","50~54",8413,1866,1285,4107,502,149,504
"대전광역시","남자","55~59",7979,2184,990,3427,607,254,517
"대전광역시","남자","60~64",7373,2215,789,3232,603,193,341
"대전광역시","남자","65~69",4730,1800,571,1696,292,112,259
"대전광역시","남자","70~74",3081,1369,319,1055,151,48,139
"대전광역시","남자","75~79",2008,1118,226,446,93,18,107
"대전광역시","남자","80~84",1360,771,143,321,20,15,90
"대전광역시","남자","85세 이상",891,528,136,162,22,-,43
"대전광역시","여자","합계",112585,35129,22016,48136,2295,790,4219
"대전광역시","여자","20세 미만",4046,126,396,3277,131,65,51
"대전광역시","여자","20~24",18602,505,3703,13602,229,261,302
"대전광역시","여자","25~29",13661,749,4511,7669,175,63,494
"대전광역시","여자","30~34",7590,860,2385,3889,147,31,278
"대전광역시","여자","35~39",5697,1164,1555,2533,123,11,311
"대전광역시","여자","40~44",4758,1320,1235,1807,195,20,181
"대전광역시","여자","45~49",5491,1938,1137,2071,95,23,227
"대전광역시","여자","50~54",6200,2568,1135,2114,211,16,156
"대전광역시","여자","55~59",7668,3530,1336,2320,206,60,216
"대전광역시","여자","60~64",9328,4933,1267,2504,205,44,375
"대전광역시","여자","65~69",7865,4552,905,1927,160,47,274
"대전광역시","여자","70~74",6765,4089,731,1386,162,42,355
"대전광역시","여자","75~79",6526,3954,797,1300,100,38,337
"대전광역시","여자","80~84",4979,2916,606,900,110,27,420
"대전광역시","여자","85세 이상",3409,1925,317,837,46,42,242
"울산광역시","계","합계",122848,41364,15140,52085,5540,559,8160
"울산광역시","계","20세 미만",540,73,4,344,48,-,71
"울산광역시","계","20~24",5539,383,558,4140,115,16,327
"울산광역시","계","25~29",12167,1133,2529,7062,292,32,1119
"울산광역시","계","30~34",10970,2256,2402,5055,324,9,924
"울산광역시","계","35~39",9900,2830,1618,4391,348,34,679
"울산광역시","계","40~44",9416,2697,1335,4301,426,55,602
"울산광역시","계","45~49",10769,2932,1301,5209,582,10,735
"울산광역시","계","50~54",11342,3553,1147,5164,709,70,699
"울산광역시","계","55~59",12058,4548,1147,4849,727,96,691
"울산광역시","계","60~64",12760,5634,1029,4512,822,79,684
"울산광역시","계","65~69",9453,4766,765,2833,496,57,536
"울산광역시","계","70~74",6818,3984,453,1735,292,47,307
"울산광역시","계","75~79",5296,3154,378,1245,177,21,321
"울산광역시","계","80~84",3670,2274,315,753,96,21,211
"울산광역시","계","85세 이상",2150,1147,159,492,86,12,254
"울산광역시","남자","합계",68070,17905,8596,32105,3721,306,5437
"울산광역시","남자","20세 미만",369,63,-,203,41,-,62
"울산광역시","남자","20~24",3010,215,259,2181,45,16,294
"울산광역시","남자","25~29",8019,813,1611,4610,178,24,783
"울산광역시","남자","30~34",7992,1800,1714,3494,266,3,715
"울산광역시","남자","35~39",7273,2079,1117,3286,260,17,514
"울산광역시","남자","40~44",6643,1911,909,2994,317,26,486
"울산광역시","남자","45~49",7119,1718,668,3701,415,7,610
"울산광역시","남자","50~54",7044,1712,664,3535,549,34,550
"울산광역시","남자","55~59",6485,1920,588,2885,533,66,493
"울산광역시","남자","60~64",5937,2029,423,2482,560,46,397
"울산광역시","남자","65~69",3655,1389,304,1433,272,36,221
"울산광역시","남자","70~74",2225,1017,144,693,209,24,138
"울산광역시","남자","75~79",1250,674,100,348,50,5,73
"울산광역시","남자","80~84",699,364,77,192,9,2,55
"울산광역시","남자","85세 이상",350,201,18,68,17,-,46
"울산광역시","여자","합계",54778,23459,6544,19980,1819,253,2723
"울산광역시","여자","20세 미만",171,10,4,141,7,-,9
"울산광역시","여자","20~24",2529,168,299,1959,70,-,33
"울산광역시","여자","25~29",4148,320,918,2452,114,8,336
"울산광역시","여자","30~34",2978,456,688,1561,58,6,209
"울산광역시","여자","35~39",2627,751,501,1105,88,17,165
"울산광역시","여자","40~44",2773,786,426,1307,109,29,116
"울산광역시","여자","45~49",3650,1214,633,1508,167,3,125
"울산광역시","여자","50~54",4298,1841,483,1629,160,36,149
"울산광역시","여자","55~59",5573,2628,559,1964,194,30,198
"울산광역시","여자","60~64",6823,3605,606,2030,262,33,287
"울산광역시","여자","65~69",5798,3377,461,1400,224,21,315
"울산광역시","여자","70~74",4593,2967,309,1042,83,23,169
"울산광역시","여자","75~79",4046,2480,278,897,127,16,248
"울산광역시","여자","80~84",2971,1910,238,561,87,19,156
"울산광역시","여자","85세 이상",1800,946,141,424,69,12,208
"세종특별자치시","계","합계",43577,12291,7230,16338,2522,2728,2468
"세종특별자치시","계","20세 미만",1330,69,97,597,190,348,29
"세종특별자치시","계","20~24",6881,332,638,3165,690,1817,239
"세종특별자치시","계","25~29",6623,826,1315,3162,465,374,481
"세종특별자치시","계","30~34",5478,1182,1515,2054,369,35,323
"세종특별자치시","계","35~39",3855,1097,1024,1394,121,1,218
"세종특별자치시","계","40~44",3072,1016,608,1193,70,37,148
"세종특별자치시","계","45~49",3017,1037,546,1123,82,29,200
"세종특별자치시","계","50~54",2825,993,516,1002,150,11,153
"세종특별자치시","계","55~59",2535,1129,342,783,105,22,154
"세종특별자치시","계","60~64",2321,1056,226,728,109,18,184
"세종특별자치시","계","65~69",1686,805,193,495,85,1,107
"세종특별자치시","계","70~74",1274,805,97,255,23,20,74
"세종특별자치시","계","75~79",1117,755,66,189,26,10,71
"세종특별자치시","계","80~84",891,675,30,98,25,5,58
"세종특별자치시","계","85세 이상",672,514,17,100,12,-,29
"세종특별자치시","남자","합계",22724,5298,3691,9034,1464,1555,1682
"세종특별자치시","남자","20세 미만",669,27,55,272,113,173,29
"세종특별자치시","남자","20~24",3297,150,238,1472,364,955,118
"세종특별자치시","남자","25~29",3688,408,767,1584,271,309,349
"세종특별자치시","남자","30~34",3489,741,965,1279,236,21,247
"세종특별자치시","남자","35~39",2426,680,600,899,81,1,165
"세종특별자치시","남자","40~44",1841,543,277,835,39,32,115
"세종특별자치시","남자","45~49",1745,490,276,753,43,17,166
"세종특별자치시","남자","50~54",1574,457,213,660,89,11,144
"세종특별자치시","남자","55~59",1317,461,145,484,78,19,130
"세종특별자치시","남자","60~64",1033,402,76,376,69,14,96
"세종특별자치시","남자","65~69",655,284,44,202,55,1,69
"세종특별자치시","남자","70~74",400,211,18,133,12,-,26
"세종특별자치시","남자","75~79",287,210,13,45,4,-,15
"세종특별자치시","남자","80~84",169,139,4,14,4,2,6
"세종특별자치시","남자","85세 이상",134,95,-,26,6,-,7
"세종특별자치시","여자","합계",20853,6993,3539,7304,1058,1173,786
"세종특별자치시","여자","20세 미만",661,42,42,325,77,175,-
"세종특별자치시","여자","20~24",3584,182,400,1693,326,862,121
"세종특별자치시","여자","25~29",2935,418,548,1578,194,65,132
"세종특별자치시","여자","30~34",1989,441,550,775,133,14,76
"세종특별자치시","여자","35~39",1429,417,424,495,40,-,53
"세종특별자치시","여자","40~44",1231,473,331,358,31,5,33
"세종특별자치시","여자","45~49",1272,547,270,370,39,12,34
"세종특별자치시","여자","50~54",1251,536,303,342,61,-,9
"세종특별자치시","여자","55~59",1218,668,197,299,27,3,24
"세종특별자치시","여자","60~64",1288,654,150,352,40,4,88
"세종특별자치시","여자","65~69",1031,521,149,293,30,-,38
"세종특별자치시","여자","70~74",874,594,79,122,11,20,48
"세종특별자치시","여자","75~79",830,545,53,144,22,10,56
"세종특별자치시","여자","80~84",722,536,26,84,21,3,52
"세종특별자치시","여자","85세 이상",538,419,17,74,6,-,22
"경기도","계","합계",1406010,432264,307424,526712,52448,7324,79838
"경기도","계","20세 미만",8710,719,1112,5757,423,181,518
"경기도","계","20~24",71325,5957,15062,43048,3126,510,3622
"경기도","계","25~29",165901,18434,58430,73896,4985,443,9713
"경기도","계","30~34",147266,25772,52890,56274,3996,413,7921
"경기도","계","35~39",124823,30773,33942,49873,3846,362,6027
"경기도","계","40~44",109713,30810,23724,44427,3942,334,6476
"경기도","계","45~49",119770,36392,22475,48368,4891,671,6973
"경기도","계","50~54",118136,36661,19388,47669,5844,824,7750
"경기도","계","55~59",121372,42587,18411,45468,6808,824,7274
"경기도","계","60~64",122173,51064,17855,39627,6409,787,6431
"경기도","계","65~69",89745,41280,12932,26881,3414,650,4588
"경기도","계","70~74",71100,37426,9989,17669,2028,474,3514
"경기도","계","75~79",60832,33502,9117,12835,1313,399,3666
"경기도","계","80~84",45389,25449,7279,8765,830,235,2831
"경기도","계","85세 이상",29755,15438,4818,6155,593,217,2534
"경기도","남자","합계",758076,188727,167769,306533,38718,4367,51962
"경기도","남자","20세 미만",3776,376,407,2383,235,56,319
"경기도","남자","20~24",32145,2997,6531,18360,1787,172,2298
"경기도","남자","25~29",99420,11299,34103,42921,3691,325,7081
"경기도","남자","30~34",100520,17432,36336,37511,3021,300,5920
"경기도","남자","35~39",84639,21404,22905,32843,2788,255,4444
"경기도","남자","40~44",72288,19538,14895,29488,3174,232,4961
"경기도","남자","45~49",77270,21370,13398,32424,3987,522,5569
"경기도","남자","50~54",72926,18963,10779,31662,4871,579,6072
"경기도","남자","55~59",67432,18658,8584,28920,5371,645,5254
"경기도","남자","60~64",57891,18484,7152,22573,5021,513,4148
"경기도","남자","65~69",35917,12739,4580,13241,2442,369,2546
"경기도","남자","70~74",23000,9597,3098,7402,1276,211,1416
"경기도","남자","75~79",15256,7317,2456,3764,685,111,923
"경기도","남자","80~84",9656,5083,1659,1982,245,52,635
"경기도","남자","85세 이상",5940,3470,886,1059,124,25,376
"경기도","여자","합계",647934,243537,139655,220179,13730,2957,27876
"경기도","여자","20세 미만",4934,343,705,3374,188,125,199
"경기도","여자","20~24",39180,2960,8531,24688,1339,338,1324
"경기도","여자","25~29",66481,7135,24327,30975,1294,118,2632
"경기도","여자","30~34",46746,8340,16554,18763,975,113,2001
"경기도","여자","35~39",40184,9369,11037,17030,1058,107,1583
"경기도","여자","40~44",37425,11272,8829,14939,768,102,1515
"경기도","여자","45~49",42500,15022,9077,15944,904,149,1404
"경기도","여자","50~54",45210,17698,8609,16007,973,245,1678
"경기도","여자","55~59",53940,23929,9827,16548,1437,179,2020
"경기도","여자","60~64",64282,32580,10703,17054,1388,274,2283
"경기도","여자","65~69",53828,28541,8352,13640,972,281,2042
"경기도","여자","70~74",48100,27829,6891,10267,752,263,2098
"경기도","여자","75~79",45576,26185,6661,9071,628,288,2743
"경기도","여자","80~84",35733,20366,5620,6783,585,183,2196
"경기도","여자","85세 이상",23815,11968,3932,5096,469,192,2158
"강원도","계","합계",231371,96949,24525,71243,11986,3847,22821
"강원도","계","20세 미만",3110,138,246,1828,395,334,169
"강원도","계","20~24",23355,1256,2430,14491,1901,1399,1878
"강원도","계","25~29",19192,2099,4364,8646,1028,394,2661
"강원도","계","30~34",13660,2526,3274,5552,523,88,1697
"강원도","계","35~39",11306,3139,2045,4092,618,87,1325
"강원도","계","40~44",11296,3443,1590,4151,506,124,1482
"강원도","계","45~49",14512,5103,1559,4934,935,141,1840
"강원도","계","50~54",18255,7228,1916,5844,1008,199,2060
"강원도","계","55~59",22059,10335,1851,5941,1206,276,2450
"강원도","계","60~64",24382,13310,1829,5783,1443,242,1775
"강원도","계","65~69",18579,11281,1078,3803,872,153,1392
"강원도","계","70~74",14964,10265,683,2273,562,109,1072
"강원도","계","75~79",15634,11548,682,1760,435,121,1088
"강원도","계","80~84",12578,9227,572,1308,294,105,1072
"강원도","계","85세 이상",8489,6051,406,837,260,75,860
"강원도","남자","합계",115678,38987,12750,39582,7644,2372,14343
"강원도","남자","20세 미만",1893,87,138,991,280,275,122
"강원도","남자","20~24",12706,690,1296,7540,1138,766,1276
"강원도","남자","25~29",12152,1316,2569,5237,663,336,2031
"강원도","남자","30~34",8952,1780,2063,3527,354,51,1177
"강원도","남자","35~39",7364,2011,1452,2481,424,76,920
"강원도","남자","40~44",7266,2275,913,2494,396,110,1078
"강원도","남자","45~49",9097,2884,840,3095,757,116,1405
"강원도","남자","50~54",11010,4049,955,3623,690,139,1554
"강원도","남자","55~59",12130,4964,872,3534,814,199,1747
"강원도","남자","60~64",12228,6016,708,3208,993,150,1153
"강원도","남자","65~69",8091,4341,445,2026,510,49,720
"강원도","남자","70~74",5051,3119,161,892,304,34,541
"강원도","남자","75~79",3761,2546,162,533,193,55,272
"강원도","남자","80~84",2482,1806,127,231,94,9,215
"강원도","남자","85세 이상",1495,1103,49,170,34,7,132
"강원도","여자","합계",115693,57962,11775,31661,4342,1475,8478
"강원도","여자","20세 미만",1217,51,108,837,115,59,47
"강원도","여자","20~24",10649,566,1134,6951,763,633,602
"강원도","여자","25~29",7040,783,1795,3409,365,58,630
"강원도","여자","30~34",4708,746,1211,2025,169,37,520
"강원도","여자","35~39",3942,1128,593,1611,194,11,405
"강원도","여자","40~44",4030,1168,677,1657,110,14,404
"강원도","여자","45~49",5415,2219,719,1839,178,25,435
"강원도","여자","50~54",7245,3179,961,2221,318,60,506
"강원도","여자","55~59",9929,5371,979,2407,392,77,703
"강원도","여자","60~64",12154,7294,1121,2575,450,92,622
"강원도","여자","65~69",10488,6940,633,1777,362,104,672
"강원도","여자","70~74",9913,7146,522,1381,258,75,531
"강원도","여자","75~79",11873,9002,520,1227,242,66,816
"강원도","여자","80~84",10096,7421,445,1077,200,96,857
"강원도","여자","85세 이상",6994,4948,357,667,226,68,728
"충청북도","계","합계",236208,93333,32074,77260,9352,5727,18462
"충청북도","계","20세 미만",4090,291,278,2448,260,517,296
"충청북도","계","20~24",22676,1296,3015,12396,1662,3007,1300
"충청북도","계","25~29",26658,2679,6926,12967,929,608,2549
"충청북도","계","30~34",18521,3138,5343,7877,407,115,1641
"충청북도","계","35~39",14585,3544,3108,6066,460,109,1298
"충청북도","계","40~44",12949,4051,1917,5319,501,44,1117
"충청북도","계","45~49",15312,5138,2174,5851,771,95,1283
"충청북도","계","50~54",17924,7048,2039,6113,856,225,1643
"충청북도","계","55~59",20327,9799,1909,5623,1051,265,1680
"충청북도","계","60~64",21150,12017,1673,4742,813,233,1672
"충청북도","계","65~69",16282,10297,1154,2963,680,183,1005
"충청북도","계","70~74",12642,8947,685,1835,279,132,764
"충청북도","계","75~79",13505,9952,827,1457,321,92,856
"충청북도","계","80~84",11514,8935,587,1014,200,43,735
"충청북도","계","85세 이상",8073,6201,439,589,162,59,623
"충청북도","남자","합계",122465,39300,17879,44240,6108,3154,11784
"충청북도","남자","20세 미만",2026,87,97,1296,141,230,175
"충청북도","남자","20~24",11581,733,1519,6101,1034,1487,707
"충청북도","남자","25~29",17590,1840,4498,8350,661,409,1832
"충청북도","남자","30~34",12866,2360,3667,5203,305,96,1235
"충청북도","남자","35~39",9845,2435,2227,3832,283,97,971
"충청북도","남자","40~44",8591,2820,1109,3429,366,28,839
"충청북도","남자","45~49",9681,3072,1152,3786,594,76,1001
"충청북도","남자","50~54",10754,3957,1046,3651,641,160,1299
"충청북도","남자","55~59",11137,4694,907,3356,799,190,1191
"충청북도","남자","60~64",10236,5478,643,2451,481,150,1033
"충청북도","남자","65~69",6830,3832,449,1391,465,135,558
"충청북도","남자","70~74",4149,2716,236,677,114,63,343
"충청북도","남자","75~79",3244,2209,193,414,120,25,283
"충청북도","남자","80~84",2421,1832,85,237,56,-,211
"충청북도","남자","85세 이상",1514,1235,51,66,48,8,106
"충청북도","여자","합계",113743,54033,14195,33020,3244,2573,6678
"충청북도","여자","20세 미만",2064,204,181,1152,119,287,121
"충청북도","여자","20~24",11095,563,1496,6295,628,1520,593
"충청북도","여자","25~29",9068,839,2428,4617,268,199,717
"충청북도","여자","30~34",5655,778,1676,2674,102,19,406
"충청북도","여자","35~39",4740,1109,881,2234,177,12,327
"충청북도","여자","40~44",4358,1231,808,1890,135,16,278
"충청북도","여자","45~49",5631,2066,1022,2065,177,19,282
"충청북도","여자","50~54",7170,3091,993,2462,215,65,344
"충청북도","여자","55~59",9190,5105,1002,2267,252,75,489
"충청북도","여자","60~64",10914,6539,1030,2291,332,83,639
"충청북도","여자","65~69",9452,6465,705,1572,215,48,447
"충청북도","여자","70~74",8493,6231,449,1158,165,69,421
"충청북도","여자","75~79",10261,7743,634,1043,201,67,573
"충청북도","여자","80~84",9093,7103,502,777,144,43,524
"충청북도","여자","85세 이상",6559,4966,388,523,114,51,517
"충청남도","계","합계",304973,127778,36520,90418,15240,7758,27259
"충청남도","계","20세 미만",4912,337,381,2542,621,827,204
"충청남도","계","20~24",26810,1688,3222,14141,2363,3709,1687
"충청남도","계","25~29",30885,3676,7479,14282,1422,752,3274
"충청남도","계","30~34",25522,4726,7039,9683,1107,185,2782
"충청남도","계","35~39",20646,5512,4218,7814,963,196,1943
"충청남도","계","40~44",18007,5595,2708,6587,935,142,2040
"충청남도","계","45~49",20237,7062,2306,7106,1235,183,2345
"충청남도","계","50~54",22102,8442,2072,7249,1339,268,2732
"충청남도","계","55~59",25582,12276,1967,6775,1515,316,2733
"충청남도","계","60~64",25799,14377,1639,5927,1276,376,2204
"충청남도","계","65~69",20045,13126,1091,3168,901,246,1513
"충청남도","계","70~74",17619,13107,764,1905,620,197,1026
"충청남도","계","75~79",17741,13900,745,1485,442,170,999
"충청남도","계","80~84",16295,13357,522,1008,336,111,961
"충청남도","계","85세 이상",12771,10597,367,746,165,80,816
"충청남도","남자","합계",159737,53457,20900,52813,9965,3657,18945
"충청남도","남자","20세 미만",2211,201,129,1106,363,274,138
"충청남도","남자","20~24",12101,817,1257,6132,1189,1505,1201
"충청남도","남자","25~29",19786,2365,4529,8779,1007,513,2593
"충청남도","남자","30~34",18321,3484,4889,6747,825,101,2275
"충청남도","남자","35~39",15170,4263,3009,5407,726,145,1620
"충청남도","남자","40~44",12843,3857,1904,4547,769,82,1684
"충청남도","남자","45~49",13567,4608,1307,4649,1000,117,1886
"충청남도","남자","50~54",13778,4653,1074,4665,999,216,2171
"충청남도","남자","55~59",14652,6097,985,4273,1046,184,2067
"충청남도","남자","60~64",13074,6442,676,3363,878,232,1483
"충청남도","남자","65~69",8591,4967,432,1609,553,111,919
"충청남도","남자","70~74",5905,3965,317,762,325,105,431
"충청남도","남자","75~79",4169,3030,187,453,196,45,258
"충청남도","남자","80~84",3183,2641,124,185,74,23,136
"충청남도","남자","85세 이상",2386,2067,81,136,15,4,83
"충청남도","여자","합계",145236,74321,15620,37605,5275,4101,8314
"충청남도","여자","20세 미만",2701,136,252,1436,258,553,66
"충청남도","여자","20~24",14709,871,1965,8009,1174,2204,486
"충청남도","여자","25~29",11099,1311,2950,5503,415,239,681
"충청남도","여자","30~34",7201,1242,2150,2936,282,84,507
"충청남도","여자","35~39",5476,1249,1209,2407,237,51,323
"충청남도","여자","40~44",5164,1738,804,2040,166,60,356
"충청남도","여자","45~49",6670,2454,999,2457,235,66,459
"충청남도","여자","50~54",8324,3789,998,2584,340,52,561
"충청남도","여자","55~59",10930,6179,982,2502,469,132,666
"충청남도","여자","60~64",12725,7935,963,2564,398,144,721
"충청남도","여자","65~69",11454,8159,659,1559,348,135,594
"충청남도","여자","70~74",11714,9142,447,1143,295,92,595
"충청남도","여자","75~79",13572,10870,558,1032,246,125,741
"충청남도","여자","80~84",13112,10716,398,823,262,88,825
"충청남도","여자","85세 이상",10385,8530,286,610,150,76,733
"전라북도","계","합계",255269,121076,25380,76314,10179,4798,17522
"전라북도","계","20세 미만",3667,317,317,2044,399,461,129
"전라북도","계","20~24",21885,1260,2442,13178,2053,2144,808
"전라북도","계","25~29",21128,2789,4215,11315,851,451,1507
"전라북도","계","30~34",15539,3536,3552,6695,428,115,1213
"전라북도","계","35~39",13402,4009,2346,5449,490,50,1058
"전라북도","계","40~44",13171,4413,1625,5378,564,147,1044
"전라북도","계","45~49",16426,6500,1576,6076,753,124,1397
"전라북도","계","50~54",18814,7949,1756,6275,919,195,1720
"전라북도","계","55~59",21310,10951,1746,5655,912,256,1790
"전라북도","계","60~64",23174,13703,1642,5194,841,232,1562
"전라북도","계","65~69",19255,12730,1255,3169,654,162,1285
"전라북도","계","70~74",19054,14017,944,2371,425,173,1124
"전라북도","계","75~79",18834,14761,889,1586,380,143,1075
"전라북도","계","80~84",16847,13711,672,1163,277,82,942
"전라북도","계","85세 이상",12763,10430,403,766,233,63,868
"전라북도","남자","합계",121764,45575,13220,43507,6535,2704,10223
"전라북도","남자","20세 미만",2075,206,113,1118,298,267,73
"전라북도","남자","20~24",11500,740,1248,6685,1265,1158,404
"전라북도","남자","25~29",12367,1612,2325,6506,590,340,994
"전라북도","남자","30~34",10214,2404,2364,4174,304,84,884
"전라북도","남자","35~39",9055,2850,1590,3448,343,30,794
"전라북도","남자","40~44",8829,2953,947,3602,415,116,796
"전라북도","남자","45~49",10753,4180,885,3928,563,82,1115
"전라북도","남자","50~54",11493,4391,975,4125,608,112,1282
"전라북도","남자","55~59",11798,5564,797,3407,690,147,1193
"전라북도","남자","60~64",11212,5891,717,2947,569,140,948
"전라북도","남자","65~69",7851,4476,540,1660,426,94,655
"전라북도","남자","70~74",5887,3701,337,1024,229,96,500
"전라북도","남자","75~79",3779,2644,179,534,167,30,225
"전라북도","남자","80~84",2867,2257,132,231,50,4,193
"전라북도","남자","85세 이상",2084,1706,71,118,18,4,167
"전라북도","여자","합계",133505,75501,12160,32807,3644,2094,7299
"전라북도","여자","20세 미만",1592,111,204,926,101,194,56
"전라북도","여자","20~24",10385,520,1194,6493,788,986,404
"전라북도","여자","25~29",8761,1177,1890,4809,261,111,513
"전라북도","여자","30~34",5325,1132,1188,2521,124,31,329
"전라북도","여자","35~39",4347,1159,756,2001,147,20,264
"전라북도","여자","40~44",4342,1460,678,1776,149,31,248
"전라북도","여자","45~49",5673,2320,691,2148,190,42,282
"전라북도","여자","50~54",7321,3558,781,2150,311,83,438
"전라북도","여자","55~59",9512,5387,949,2248,222,109,597
"전라북도","여자","60~64",11962,7812,925,2247,272,92,614
"전라북도","여자","65~69",11404,8254,715,1509,228,68,630
"전라북도","여자","70~74",13167,10316,607,1347,196,77,624
"전라북도","여자","75~79",15055,12117,710,1052,213,113,850
"전라북도","여자","80~84",13980,11454,540,932,227,78,749
"전라북도","여자","85세 이상",10679,8724,332,648,215,59,701
"전라남도","계","합계",256633,148823,18806,52754,8126,3865,24259
"전라남도","계","20세 미만",2386,535,143,1199,153,214,142
"전라남도","계","20~24",12595,1487,931,7967,502,609,1099
"전라남도","계","25~29",16345,2794,3092,6937,581,191,2750
"전라남도","계","30~34",12926,3198,2363,4882,362,110,2011
"전라남도","계","35~39",12505,4238,1955,4084,414,149,1665
"전라남도","계","40~44",12310,4529,1540,3971,424,148,1698
"전라남도","계","45~49",15922,6387,1478,4955,734,323,2045
"전라남도","계","50~54",19413,9258,1565,4921,893,357,2419
"전라남도","계","55~59",22648,12307,1391,4727,1088,428,2707
"전라남도","계","60~64",24469,15646,1362,3667,1065,404,2325
"전라남도","계","65~69",20765,15253,806,2225,681,372,1428
"전라남도","계","70~74",21347,17394,715,1365,465,233,1175
"전라남도","계","75~79",24219,21167,644,784,361,154,1109
"전라남도","계","80~84",22384,20043,483,611,254,113,880
"전라남도","계","85세 이상",16399,14587,338,459,149,60,806
"전라남도","남자","합계",120032,56438,9813,30727,4994,2442,15618
"전라남도","남자","20세 미만",1580,404,118,673,66,214,105
"전라남도","남자","20~24",6779,899,514,4081,280,389,616
"전라남도","남자","25~29",9862,1763,1780,3971,376,125,1847
"전라남도","남자","30~34",8877,2330,1614,3197,189,95,1452
"전라남도","남자","35~39",8898,3174,1335,2673,326,101,1289
"전라남도","남자","40~44",8728,3290,958,2777,271,112,1320
"전라남도","남자","45~49",10752,4257,795,3335,538,258,1569
"전라남도","남자","50~54",12374,5623,783,3280,672,252,1764
"전라남도","남자","55~59",13067,6701,599,2853,716,273,1925
"전라남도","남자","60~64",12741,7629,555,2015,725,211,1606
"전라남도","남자","65~69",9007,6116,311,1032,387,238,923
"전라남도","남자","70~74",6531,4994,199,456,223,106,553
"전라남도","남자","75~79",4747,3850,150,197,139,58,353
"전라남도","남자","80~84",3625,3179,75,125,55,5,186
"전라남도","남자","85세 이상",2464,2229,27,62,31,5,110
"전라남도","여자","합계",136601,92385,8993,22027,3132,1423,8641
"전라남도","여자","20세 미만",806,131,25,526,87,-,37
"전라남도","여자","20~24",5816,588,417,3886,222,220,483
"전라남도","여자","25~29",6483,1031,1312,2966,205,66,903
"전라남도","여자","30~34",4049,868,749,1685,173,15,559
"전라남도","여자","35~39",3607,1064,620,1411,88,48,376
"전라남도","여자","40~44",3582,1239,582,1194,153,36,378
"전라남도","여자","45~49",5170,2130,683,1620,196,65,476
"전라남도","여자","50~54",7039,3635,782,1641,221,105,655
"전라남도","여자","55~59",9581,5606,792,1874,372,155,782
"전라남도","여자","60~64",11728,8017,807,1652,340,193,719
"전라남도","여자","65~69",11758,9137,495,1193,294,134,505
"전라남도","여자","70~74",14816,12400,516,909,242,127,622
"전라남도","여자","75~79",19472,17317,494,587,222,96,756
"전라남도","여자","80~84",18759,16864,408,486,199,108,694
"전라남도","여자","85세 이상",13935,12358,311,397,118,55,696
"경상북도","계","합계",388791,191312,29190,106485,17749,12462,31593
"경상북도","계","20세 미만",5815,364,257,3503,256,1067,368
"경상북도","계","20~24",29628,1929,2355,16876,1769,5198,1501
"경상북도","계","25~29",30302,3687,4744,16528,1281,1093,2969
"경상북도","계","30~34",24489,4999,4661,11164,1104,369,2192
"경상북도","계","35~39",21512,6291,3219,8974,1016,202,1810
"경상북도","계","40~44",20200,6933,2217,8089,860,220,1881
"경상북도","계","45~49",24467,9539,2213,8338,1386,445,2546
"경상북도","계","50~54",28856,12847,2245,8319,1714,611,3120
"경상북도","계","55~59",34012,18045,2009,7855,2078,791,3234
"경상북도","계","60~64",37436,23127,1786,6726,2277,834,2686
"경상북도","계","65~69",31547,21982,1097,3935,1620,497,2416
"경상북도","계","70~74",26971,20747,764,2395,870,394,1801
"경상북도","계","75~79",28348,23019,722,1835,668,332,1772
"경상북도","계","80~84",26306,21819,569,1335,504,253,1826
"경상북도","계","85세 이상",18902,15984,332,613,346,156,1471
"경상북도","남자","합계",188127,73579,15930,61508,10996,6915,19199
"경상북도","남자","20세 미만",3118,277,122,1838,146,487,248
"경상북도","남자","20~24",15591,1177,1086,8563,960,2821,984
"경상북도","남자","25~29",19373,2449,2815,10192,836,834,2247
"경상북도","남자","30~34",17237,3710,3261,7651,788,244,1583
"경상북도","남자","35~39",15055,4472,2168,6150,763,137,1365
"경상북도","남자","40~44",13657,4738,1468,5162,674,152,1463
"경상북도","남자","45~49",15713,5894,1273,5337,999,290,1920
"경상북도","남자","50~54",17363,7200,1175,4916,1278,412,2382
"경상북도","남자","55~59",18683,8923,984,4616,1388,474,2298
"경상북도","남자","60~64",18070,10134,718,3525,1515,485,1693
"경상북도","남자","65~69",12580,7864,398,1761,919,248,1390
"경상북도","남자","70~74",8327,5892,190,974,410,174,687
"경상북도","남자","75~79",5820,4535,137,463,193,87,405
"경상북도","남자","80~84",4563,3758,103,243,86,63,310
"경상북도","남자","85세 이상",2977,2556,32,117,41,7,224
"경상북도","여자","합계",200664,117733,13260,44977,6753,5547,12394
"경상북도","여자","20세 미만",2697,87,135,1665,110,580,120
"경상북도","여자","20~24",14037,752,1269,8313,809,2377,517
"경상북도","여자","25~29",10929,1238,1929,6336,445,259,722
"경상북도","여자","30~34",7252,1289,1400,3513,316,125,609
"경상북도","여자","35~39",6457,1819,1051,2824,253,65,445
"경상북도","여자","40~44",6543,2195,749,2927,186,68,418
"경상북도","여자","45~49",8754,3645,940,3001,387,155,626
"경상북도","여자","50~54",11493,5647,1070,3403,436,199,738
"경상북도","여자","55~59",15329,9122,1025,3239,690,317,936
"경상북도","여자","60~64",19366,12993,1068,3201,762,349,993
"경상북도","여자","65~69",18967,14118,699,2174,701,249,1026
"경상북도","여자","70~74",18644,14855,574,1421,460,220,1114
"경상북도","여자","75~79",22528,18484,585,1372,475,245,1367
"경상북도","여자","80~84",21743,18061,466,1092,418,190,1516
"경상북도","여자","85세 이상",15925,13428,300,496,305,149,1247
"경상남도","계","합계",417737,189467,41846,136580,17556,1922,30366
"경상남도","계","20세 미만",2351,141,95,1838,90,-,187
"경상남도","계","20~24",18608,1296,1729,13607,662,163,1151
"경상남도","계","25~29",31153,3443,6066,17992,1130,86,2436
"경상남도","계","30~34",28225,5347,6414,13234,990,92,2148
"경상남도","계","35~39",27074,7583,4626,11830,1019,95,1921
"경상남도","계","40~44",26380,8296,3913,11072,1186,119,1794
"경상남도","계","45~49",31778,11189,3632,12730,1827,103,2297
"경상남도","계","50~54",35644,14079,3337,13127,1945,229,2927
"경상남도","계","55~59",39754,18540,3216,12155,2402,353,3088
"경상남도","계","60~64",44047,24055,2739,11441,2364,226,3222
"경상남도","계","65~69",35392,21834,2052,7096,1704,170,2536
"경상남도","계","70~74",28948,20291,1383,4206,971,122,1975
"경상남도","계","75~79",27888,21287,1225,3020,608,72,1676
"경상남도","계","80~84",23865,18989,815,1999,384,70,1608
"경상남도","계","85세 이상",16630,13097,604,1233,274,22,1400
"경상남도","남자","합계",206071,73129,23135,79342,11595,1126,17744
"경상남도","남자","20세 미만",1237,108,56,891,44,-,138
"경상남도","남자","20~24",9568,790,925,6775,387,82,609
"경상남도","남자","25~29",19112,2350,3540,10720,790,62,1650
"경상남도","남자","30~34",19681,4057,4498,8733,727,61,1605
"경상남도","남자","35~39",19072,5619,3322,7990,725,68,1348
"경상남도","남자","40~44",18347,5911,2556,7584,905,93,1298
"경상남도","남자","45~49",20687,6886,2068,8549,1402,74,1708
"경상남도","남자","50~54",21402,7384,1777,8407,1450,153,2231
"경상남도","남자","55~59",21295,8546,1566,7061,1757,240,2125
"경상남도","남자","60~64",20466,9649,1154,6061,1552,109,1941
"경상남도","남자","65~69",14188,7379,805,3446,1104,106,1348
"경상남도","남자","70~74",8955,5523,381,1720,467,48,816
"경상남도","남자","75~79",5680,3886,249,901,177,13,454
"경상남도","남자","80~84",3847,2993,137,329,83,13,292
"경상남도","남자","85세 이상",2534,2048,101,175,25,4,181
"경상남도","여자","합계",211666,116338,18711,57238,5961,796,12622
"경상남도","여자","20세 미만",1114,33,39,947,46,-,49
"경상남도","여자","20~24",9040,506,804,6832,275,81,542
"경상남도","여자","25~29",12041,1093,2526,7272,340,24,786
"경상남도","여자","30~34",8544,1290,1916,4501,263,31,543
"경상남도","여자","35~39",8002,1964,1304,3840,294,27,573
"경상남도","여자","40~44",8033,2385,1357,3488,281,26,496
"경상남도","여자","45~49",11091,4303,1564,4181,425,29,589
"경상남도","여자","50~54",14242,6695,1560,4720,495,76,696
"경상남도","여자","55~59",18459,9994,1650,5094,645,113,963
"경상남도","여자","60~64",23581,14406,1585,5380,812,117,1281
"경상남도","여자","65~69",21204,14455,1247,3650,600,64,1188
"경상남도","여자","70~74",19993,14768,1002,2486,504,74,1159
"경상남도","여자","75~79",22208,17401,976,2119,431,59,1222
"경상남도","여자","80~84",20018,15996,678,1670,301,57,1316
"경상남도","여자","85세 이상",14096,11049,503,1058,249,18,1219
"제주특별자치도","계","합계",81855,28737,5085,25085,5291,8284,9373
"제주특별자치도","계","20세 미만",621,109,27,334,42,76,33
"제주특별자치도","계","20~24",3928,447,243,2247,322,398,271
"제주특별자치도","계","25~29",7487,1077,962,3419,367,831,831
"제주특별자치도","계","30~34",6094,1054,878,2522,311,643,686
"제주특별자치도","계","35~39",6418,1532,641,2589,387,573,696
"제주특별자치도","계","40~44",6452,1781,425,2509,426,636,675
"제주특별자치도","계","45~49",8010,2562,466,2835,504,899,744
"제주특별자치도","계","50~54",8682,3139,391,2452,633,875,1192
"제주특별자치도","계","55~59",8257,3151,394,2112,776,876,948
"제주특별자치도","계","60~64",7723,3180,306,1936,673,971,657
"제주특별자치도","계","65~69",5350,2527,180,985,267,679,712
"제주특별자치도","계","70~74",4134,2487,91,528,272,334,422
"제주특별자치도","계","75~79",3368,2080,52,356,120,197,563
"제주특별자치도","계","80~84",2798,1905,19,152,125,165,432
"제주특별자치도","계","85세 이상",2533,1706,10,109,66,131,511
"제주특별자치도","남자","합계",41643,12334,2697,13580,3117,4590,5325
"제주특별자치도","남자","20세 미만",308,73,27,90,27,76,15
"제주특별자치도","남자","20~24",1645,186,59,937,195,168,100
"제주특별자치도","남자","25~29",4049,701,573,1714,161,390,510
"제주특별자치도","남자","30~34",3729,599,518,1504,195,382,531
"제주특별자치도","남자","35~39",3896,954,390,1452,248,382,470
"제주특별자치도","남자","40~44",3958,1105,243,1481,249,394,486
"제주특별자치도","남자","45~49",4857,1571,222,1676,289,563,536
"제주특별자치도","남자","50~54",5095,1710,214,1395,385,573,818
"제주특별자치도","남자","55~59",4592,1462,155,1398,448,490,639
"제주특별자치도","남자","60~64",3884,1366,169,935,473,516,425
"제주특별자치도","남자","65~69",2376,839,78,540,167,390,362
"제주특별자치도","남자","70~74",1440,672,34,240,178,152,164
"제주특별자치도","남자","75~79",886,481,12,166,60,58,109
"제주특별자치도","남자","80~84",559,367,-,45,29,52,66
"제주특별자치도","남자","85세 이상",369,248,3,7,13,4,94
"제주특별자치도","여자","합계",40212,16403,2388,11505,2174,3694,4048
"제주특별자치도","여자","20세 미만",313,36,-,244,15,-,18
"제주특별자치도","여자","20~24",2283,261,184,1310,127,230,171
"제주특별자치도","여자","25~29",3438,376,389,1705,206,441,321
"제주특별자치도","여자","30~34",2365,455,360,1018,116,261,155
"제주특별자치도","여자","35~39",2522,578,251,1137,139,191,226
"제주특별자치도","여자","40~44",2494,676,182,1028,177,242,189
"제주특별자치도","여자","45~49",3153,991,244,1159,215,336,208
"제주특별자치도","여자","50~54",3587,1429,177,1057,248,302,374
"제주특별자치도","여자","55~59",3665,1689,239,714,328,386,309
"제주특별자치도","여자","60~64",3839,1814,137,1001,200,455,232
"제주특별자치도","여자","65~69",2974,1688,102,445,100,289,350
"제주특별자치도","여자","70~74",2694,1815,57,288,94,182,258
"제주특별자치도","여자","75~79",2482,1599,40,190,60,139,454
"제주특별자치도","여자","80~84",2239,1538,19,107,96,113,366
"제주특별자치도","여자","85세 이상",2164,1458,7,102,53,127,417
