"행정구역별","성별","연령별",2020,2020,2020,2020,2020,2020,2020,2020,2020,2020,2020,2020,2020,2020,2020,2020,2020,2020,2020,2020
"행정구역별","성별","연령별",전국,서울,부산,대구,인천,광주,대전,울산,세종,경기,강원,충북,충남,전북,전남,경북,경남,제주,기타,미상
"전국","계","합계",6643354,923000,441368,289287,198539,168371,150414,114184,17260,688879,342921,299879,439176,473148,631436,676837,613816,78353,96486,-
"전국","계","20세 미만",72119,7989,4230,3512,2769,2430,3758,2201,197,11261,2982,3845,5148,4044,4719,5888,5315,1233,598,-
"전국","계","20~24",496119,65542,33080,27647,20383,19666,20218,16120,1100,75114,22587,20454,25748,27216,28596,40672,41363,7625,2988,-
"전국","계","25~29",775110,135342,64222,49628,34603,29724,27672,24121,1350,116249,28800,27377,30191,38262,39293,53130,60116,10448,4582,-
"전국","계","30~34",618316,127455,57780,36516,25711,20847,18832,15996,1087,85445,23787,20481,24274,30443,32257,41727,43892,6474,5312,-
"전국","계","35~39",497027,107118,47595,26797,17797,15257,13117,10245,981,54982,22598,17258,23252,28520,32702,35683,34485,5279,3361,-
"전국","계","40~44",427257,86670,39503,20255,13046,11498,9809,7207,1019,39855,21980,15638,23882,27527,36148,34868,30179,4845,3328,-
"전국","계","45~49",476499,87949,37782,20078,12487,11339,9545,5458,1304,41069,26838,20263,30261,35112,45750,43392,37201,6129,4542,-
"전국","계","50~54",497959,70337,31577,18374,12224,10076,8690,4882,1364,42957,32825,23956,35875,39892,55876,52764,44685,6569,5036,-
"전국","계","55~59",541536,59076,29056,19178,12904,10447,8590,5147,1814,48436,34974,29849,44368,44605,64443,64139,53527,6091,4892,-
"전국","계","60~64",580701,59211,33290,19949,14275,11257,9575,5786,1804,49952,36099,31828,48079,47521,68446,71428,61905,6286,4010,-
"전국","계","65~69",458284,38698,26568,15918,10133,7973,6771,4900,1423,36677,24708,24758,39276,39289,56822,61207,55900,4136,3127,-
"전국","계","70~74",382524,31012,15862,11853,8060,6457,5008,3912,1189,27693,18455,18836,33433,37293,53427,51825,46831,3951,7427,-
"전국","계","75세 이상",819903,46601,20823,19582,14147,11400,8829,8209,2628,59189,46288,45336,75389,73424,112957,120114,98417,9287,47283,-
"전국","남자","합계",3304398,505138,238497,153026,106691,87417,79866,60714,8513,361642,166181,143117,205802,227808,295610,314689,284401,37877,27409,-
"전국","남자","20세 미만",33854,3820,1824,1879,1329,1129,1872,994,84,5126,1175,1674,2324,2208,2330,2841,2413,574,258,-
"전국","남자","20~24",219029,30432,14718,12360,9628,8367,8681,7210,571,33829,9575,8886,10769,11651,11979,18310,17512,3336,1215,-
"전국","남자","25~29",433190,76051,36057,28386,19504,16055,15455,13483,759,65332,16066,15325,17154,20606,21229,30665,33293,5594,2176,-
"전국","남자","30~34",394473,79721,36496,23848,16595,13155,12201,10839,732,55396,14898,13095,15053,19198,20503,28022,28531,3950,2240,-
"전국","남자","35~39",320100,68017,30291,17480,11612,9538,8375,6527,651,35623,14305,11358,15167,18374,21689,23730,22779,3182,1402,-
"전국","남자","40~44",272897,53037,25092,12716,8160,7318,6175,4672,672,25628,14385,10412,15299,17930,24093,22883,20050,3011,1364,-
"전국","남자","45~49",299310,52321,23521,12230,7820,7195,5810,3478,764,25685,17039,12814,19482,23144,30680,28292,23896,3697,1442,-
"전국","남자","50~54",300477,41358,18629,10683,7633,6105,5213,3040,793,26444,19460,14257,21897,25175,35493,32161,26883,3788,1465,-
"전국","남자","55~59",294220,32676,15744,10214,7149,5570,4860,2719,992,26915,18879,16083,24123,24996,36364,34314,28159,3210,1253,-
"전국","남자","60~64",270517,29159,15601,8967,6913,5389,4543,2910,897,23633,16625,14840,22571,22182,32394,32406,27651,3025,811,-
"전국","남자","65~69",180497,16427,10598,6194,4282,3284,2882,1917,496,15130,9468,9355,15649,15894,22529,22675,21311,1599,807,-
"전국","남자","70~74",119128,11123,5334,3837,2872,1979,1714,1270,393,9210,5346,5485,10450,11813,15929,15309,13587,1189,2288,-
"전국","남자","75세 이상",166706,10996,4592,4232,3194,2333,2085,1655,709,13691,8960,9533,15864,14637,20398,23081,18336,1722,10688,-
"전국","여자","합계",3338956,417862,202871,136261,91848,80954,70548,53470,8747,327237,176740,156762,233374,245340,335826,362148,329415,40476,69077,-
"전국","여자","20세 미만",38265,4169,2406,1633,1440,1301,1886,1207,113,6135,1807,2171,2824,1836,2389,3047,2902,659,340,-
"전국","여자","20~24",277090,35110,18362,15287,10755,11299,11537,8910,529,41285,13012,11568,14979,15565,16617,22362,23851,4289,1773,-
"전국","여자","25~29",341920,59291,28165,21242,15099,13669,12217,10638,591,50917,12734,12052,13037,17656,18064,22465,26823,4854,2406,-
"전국","여자","30~34",223843,47734,21284,12668,9116,7692,6631,5157,355,30049,8889,7386,9221,11245,11754,13705,15361,2524,3072,-
"전국","여자","35~39",176927,39101,17304,9317,6185,5719,4742,3718,330,19359,8293,5900,8085,10146,11013,11953,11706,2097,1959,-
"전국","여자","40~44",154360,33633,14411,7539,4886,4180,3634,2535,347,14227,7595,5226,8583,9597,12055,11985,10129,1834,1964,-
"전국","여자","45~49",177189,35628,14261,7848,4667,4144,3735,1980,540,15384,9799,7449,10779,11968,15070,15100,13305,2432,3100,-
"전국","여자","50~54",197482,28979,12948,7691,4591,3971,3477,1842,571,16513,13365,9699,13978,14717,20383,20603,17802,2781,3571,-
"전국","여자","55~59",247316,26400,13312,8964,5755,4877,3730,2428,822,21521,16095,13766,20245,19609,28079,29825,25368,2881,3639,-
"전국","여자","60~64",310184,30052,17689,10982,7362,5868,5032,2876,907,26319,19474,16988,25508,25339,36052,39022,34254,3261,3199,-
"전국","여자","65~69",277787,22271,15970,9724,5851,4689,3889,2983,927,21547,15240,15403,23627,23395,34293,38532,34589,2537,2320,-
"전국","여자","70~74",263396,19889,10528,8016,5188,4478,3294,2642,796,18483,13109,13351,22983,25480,37498,36516,33244,2762,5139,-
"전국","여자","75세 이상",653197,35605,16231,15350,10953,9067,6744,6554,1919,45498,37328,35803,59525,58787,92559,97033,80081,7565,36595,-
"동부","계","합계",5301112,829829,387333,247442,174482,151403,135469,94959,10914,558219,255659,223925,311716,371617,457675,489178,459173,62513,79606,-
"동부","계","20세 미만",61466,6891,3776,3144,2142,2046,3479,1929,140,9371,2608,3117,4028,3470,4041,4955,4680,1148,501,-
"동부","계","20~24",434915,58169,30305,24402,17861,17322,18254,14285,771,64226,20094,17305,21614,24174,24555,35217,36901,6942,2518,-
"동부","계","25~29",693054,125021,58442,43820,31770,27351,25435,21437,1053,102738,25176,23464,25772,34392,34163,46182,53074,9730,4034,-
"동부","계","30~34",546390,117615,51626,31739,23553,19060,17279,14113,836,75061,20499,17467,20154,27034,27498,34892,37729,5824,4411,-
"동부","계","35~39",429423,98581,41623,22880,16279,13994,11862,8783,689,46790,18618,14159,18821,24817,27069,28955,27994,4652,2857,-
"동부","계","40~44",359437,78728,34296,16913,11769,10289,8879,6040,730,32685,17440,12350,18794,23400,29344,27137,23798,4129,2716,-
"동부","계","45~49",390531,78646,32734,16972,10984,10330,8620,4343,875,32237,20674,15809,23155,29319,35686,33128,28353,4957,3709,-
"동부","계","50~54",393310,61988,27118,15620,10732,9002,7796,3653,968,32924,24385,17930,25817,31958,42591,38211,33359,4928,4330,-
"동부","계","55~59",413826,51525,24436,15958,11154,9263,7578,3639,1082,35261,25011,21608,31147,35079,47842,45753,38674,4478,4338,-
"동부","계","60~64",440021,50771,28371,16459,12105,9910,8295,4302,1128,36924,24994,22868,33483,36778,50423,50564,44400,4691,3555,-
"동부","계","65~69",342070,33275,22918,13375,8528,7051,5872,3645,822,27057,16670,17638,26613,29758,40394,42438,40192,3081,2743,-
"동부","계","70~74",278118,26772,13601,9798,6605,5726,4386,2840,705,21018,12081,13061,21821,27406,35736,34770,32788,2804,6200,-
"동부","계","75세 이상",518551,41847,18087,16362,11000,10059,7734,5950,1115,41927,27409,27149,40497,44032,58333,66976,57231,5149,37694,-
"동부","남자","합계",2630040,447531,206618,128453,92924,77850,71193,50015,5155,286465,122239,105204,144698,180536,218297,227369,212978,30138,22377,-
"동부","남자","20세 미만",27897,3237,1569,1680,991,896,1731,814,52,4188,991,1275,1683,1800,1875,2295,2079,534,207,-
"동부","남자","20~24",186078,26017,13355,10501,8172,7155,7590,6274,383,27740,8235,7307,8673,10125,10106,15302,15204,2988,951,-
"동부","남자","25~29",377922,68827,32220,24430,17566,14591,13927,11644,564,55835,13625,12585,14159,18121,18162,25945,28753,5094,1874,-
"동부","남자","30~34",341893,72415,31946,20286,15033,11880,10986,9369,538,47971,12544,10942,12043,16653,17102,22824,24029,3474,1858,-
"동부","남자","35~39",270189,61723,25955,14593,10484,8645,7434,5443,445,29609,11432,9044,11875,15630,17293,18616,17984,2753,1231,-
"동부","남자","40~44",223989,47547,21469,10313,7293,6413,5537,3865,421,20538,11116,7939,11585,14813,19138,17075,15248,2518,1161,-
"동부","남자","45~49",239658,46284,20188,10226,6723,6468,5239,2717,503,19648,12746,9701,14401,18839,23372,20852,17787,2888,1076,-
"동부","남자","50~54",231506,36096,15890,8993,6603,5469,4662,2298,529,19711,13924,10235,15136,19649,26333,22578,19438,2652,1310,-
"동부","남자","55~59",217066,28317,13324,8447,6138,4909,4284,1927,510,18796,12667,11004,16006,19113,25800,23097,19399,2244,1084,-
"동부","남자","60~64",194122,24610,13284,7328,5739,4767,3916,2156,478,16432,10643,9882,14449,16144,22142,21024,18401,2065,662,-
"동부","남자","65~69",127458,13742,9031,5094,3446,2821,2478,1371,217,10294,5919,6200,9775,11462,15188,14444,14205,1117,654,-
"동부","남자","70~74",83427,9200,4483,3100,2311,1741,1514,894,224,6531,3240,3479,6311,8532,10412,9808,8981,818,1848,-
"동부","남자","75세 이상",108835,9516,3904,3462,2425,2095,1895,1243,291,9172,5157,5611,8602,9655,11374,13509,11470,993,8461,-
"동부","여자","합계",2671072,382298,180715,118989,81558,73553,64276,44944,5759,271754,133420,118721,167018,191081,239378,261809,246195,32375,57229,-
"동부","여자","20세 미만",33569,3654,2207,1464,1151,1150,1748,1115,88,5183,1617,1842,2345,1670,2166,2660,2601,614,294,-
"동부","여자","20~24",248837,32152,16950,13901,9689,10167,10664,8011,388,36486,11859,9998,12941,14049,14449,19915,21697,3954,1567,-
"동부","여자","25~29",315132,56194,26222,19390,14204,12760,11508,9793,489,46903,11551,10879,11613,16271,16001,20237,24321,4636,2160,-
"동부","여자","30~34",204497,45200,19680,11453,8520,7180,6293,4744,298,27090,7955,6525,8111,10381,10396,12068,13700,2350,2553,-
"동부","여자","35~39",159234,36858,15668,8287,5795,5349,4428,3340,244,17181,7186,5115,6946,9187,9776,10339,10010,1899,1626,-
"동부","여자","40~44",135448,31181,12827,6600,4476,3876,3342,2175,309,12147,6324,4411,7209,8587,10206,10062,8550,1611,1555,-
"동부","여자","45~49",150873,32362,12546,6746,4261,3862,3381,1626,372,12589,7928,6108,8754,10480,12314,12276,10566,2069,2633,-
"동부","여자","50~54",161804,25892,11228,6627,4129,3533,3134,1355,439,13213,10461,7695,10681,12309,16258,15633,13921,2276,3020,-
"동부","여자","55~59",196760,23208,11112,7511,5016,4354,3294,1712,572,16465,12344,10604,15141,15966,22042,22656,19275,2234,3254,-
"동부","여자","60~64",245899,26161,15087,9131,6366,5143,4379,2146,650,20492,14351,12986,19034,20634,28281,29540,25999,2626,2893,-
"동부","여자","65~69",214612,19533,13887,8281,5082,4230,3394,2274,605,16763,10751,11438,16838,18296,25206,27994,25987,1964,2089,-
"동부","여자","70~74",194691,17572,9118,6698,4294,3985,2872,1946,481,14487,8841,9582,15510,18874,25324,24962,23807,1986,4352,-
"동부","여자","75세 이상",409716,32331,14183,12900,8575,7964,5839,4707,824,32755,22252,21538,31895,34377,46959,53467,45761,4156,29233,-
"읍부","계","합계",621763,52507,33078,27516,10883,9053,7545,13331,2495,68424,39369,34061,53950,36207,69308,83920,60760,11220,8136,-
"읍부","계","20세 미만",5825,515,263,285,262,168,129,226,18,932,174,299,628,259,469,659,455,50,34,-
"읍부","계","20~24",36941,4213,1974,2358,1255,1244,972,1449,194,5937,1277,1647,2444,1784,2399,4052,2982,487,273,-
"읍부","계","25~29",53548,6493,3977,4176,1729,1468,1447,2061,200,8600,2061,2544,2868,2452,3306,4776,4575,478,337,-
"읍부","계","30~34",46687,6439,4253,3427,1261,1122,984,1427,128,6609,1844,1986,2675,1969,2819,4671,3976,481,616,-
"읍부","계","35~39",42967,5501,3990,2821,835,788,781,1146,153,5249,2289,2015,2874,2130,3484,4333,3860,419,299,-
"읍부","계","40~44",40869,4788,3556,2340,637,734,547,886,169,4358,2481,1944,2962,2143,3907,5136,3320,520,441,-
"읍부","계","45~49",48917,5626,3155,2201,826,642,404,874,208,5159,3315,2533,3913,2805,5240,6216,4399,850,551,-
"읍부","계","50~54",53380,4605,2649,1882,644,527,394,863,166,5168,4177,3039,5129,3385,6283,7567,5322,1138,442,-
"읍부","계","55~59",57796,3907,2443,1886,710,548,436,1048,324,6582,4491,3603,5623,3469,6938,8506,5874,1067,341,-
"읍부","계","60~64",58737,3957,2573,1806,828,619,540,873,237,6011,4706,3691,5944,3566,7013,8682,6354,1097,240,-
"읍부","계","65~69",45559,2391,1817,1365,589,432,283,651,237,4311,3229,2873,4610,3052,6097,7174,5524,736,188,-
"읍부","계","70~74",38714,1933,1027,1151,465,300,269,555,138,2908,2554,2183,4088,2853,6170,6355,4468,765,532,-
"읍부","계","75세 이상",91823,2139,1401,1818,842,461,359,1272,323,6600,6771,5704,10192,6340,15183,15793,9651,3132,3842,-
"읍부","남자","합계",328440,32281,19248,16210,6449,5116,4453,7472,1311,39071,20505,17747,27094,18348,33425,41417,30402,5376,2515,-
"읍부","남자","20세 미만",3128,238,156,154,104,46,85,151,4,443,82,171,370,199,292,377,230,5,21,-
"읍부","남자","20~24",19218,2482,904,1265,802,647,490,723,101,3196,648,861,1233,799,1006,2218,1464,230,149,-
"읍부","남자","25~29",34988,4456,2534,2737,1130,846,936,1433,114,5870,1379,1772,1891,1535,1875,3142,2793,371,174,-
"읍부","남자","30~34",33498,4631,3055,2483,878,777,763,1094,90,4638,1325,1412,1926,1431,1970,3455,2963,348,259,-
"읍부","남자","35~39",31358,4011,2876,2090,599,562,595,842,97,3758,1686,1498,2109,1553,2620,3253,2819,286,104,-
"읍부","남자","40~44",28807,3367,2406,1662,431,521,381,625,132,3029,1831,1392,2060,1604,2722,3729,2438,341,136,-
"읍부","남자","45~49",32675,3562,2087,1462,602,460,247,591,112,3331,2203,1671,2728,1958,3588,4326,2942,559,246,-
"읍부","남자","50~54",33593,2801,1615,1212,469,328,229,489,109,3403,2758,1932,3168,2160,4154,4628,3259,772,107,-
"읍부","남자","55~59",32841,2196,1213,932,396,283,222,502,198,3899,2720,2118,3245,1938,4223,4855,3161,654,86,-
"읍부","남자","60~64",29343,2021,1097,812,382,255,249,391,121,3061,2440,1906,3009,1819,3689,4215,3063,750,63,-
"읍부","남자","65~69",18761,1055,689,583,285,221,126,264,91,1903,1401,1133,1816,1265,2630,2745,2183,307,64,-
"읍부","남자","70~74",12493,794,321,365,167,91,84,145,61,1048,785,717,1399,915,1932,1855,1390,219,205,-
"읍부","남자","75세 이상",17737,667,295,453,204,79,46,222,81,1492,1247,1164,2140,1172,2724,2619,1697,534,901,-
"읍부","여자","합계",293323,20226,13830,11306,4434,3937,3092,5859,1184,29353,18864,16314,26856,17859,35883,42503,30358,5844,5621,-
"읍부","여자","20세 미만",2697,277,107,131,158,122,44,75,14,489,92,128,258,60,177,282,225,45,13,-
"읍부","여자","20~24",17723,1731,1070,1093,453,597,482,726,93,2741,629,786,1211,985,1393,1834,1518,257,124,-
"읍부","여자","25~29",18560,2037,1443,1439,599,622,511,628,86,2730,682,772,977,917,1431,1634,1782,107,163,-
"읍부","여자","30~34",13189,1808,1198,944,383,345,221,333,38,1971,519,574,749,538,849,1216,1013,133,357,-
"읍부","여자","35~39",11609,1490,1114,731,236,226,186,304,56,1491,603,517,765,577,864,1080,1041,133,195,-
"읍부","여자","40~44",12062,1421,1150,678,206,213,166,261,37,1329,650,552,902,539,1185,1407,882,179,305,-
"읍부","여자","45~49",16242,2064,1068,739,224,182,157,283,96,1828,1112,862,1185,847,1652,1890,1457,291,305,-
"읍부","여자","50~54",19787,1804,1034,670,175,199,165,374,57,1765,1419,1107,1961,1225,2129,2939,2063,366,335,-
"읍부","여자","55~59",24955,1711,1230,954,314,265,214,546,126,2683,1771,1485,2378,1531,2715,3651,2713,413,255,-
"읍부","여자","60~64",29394,1936,1476,994,446,364,291,482,116,2950,2266,1785,2935,1747,3324,4467,3291,347,177,-
"읍부","여자","65~69",26798,1336,1128,782,304,211,157,387,146,2408,1828,1740,2794,1787,3467,4429,3341,429,124,-
"읍부","여자","70~74",26221,1139,706,786,298,209,185,410,77,1860,1769,1466,2689,1938,4238,4500,3078,546,327,-
"읍부","여자","75세 이상",74086,1472,1106,1365,638,382,313,1050,242,5108,5524,4540,8052,5168,12459,13174,7954,2598,2941,-
"면부","계","합계",720479,40664,20957,14329,13174,7915,7400,5894,3851,62236,47893,41893,73510,65324,104453,103739,93883,4620,8744,-
"면부","계","20세 미만",4828,583,191,83,365,216,150,46,39,958,200,429,492,315,209,274,180,35,63,-
"면부","계","20~24",24263,3160,801,887,1267,1100,992,386,135,4951,1216,1502,1690,1258,1642,1403,1480,196,197,-
"면부","계","25~29",28508,3828,1803,1632,1104,905,790,623,97,4911,1563,1369,1551,1418,1824,2172,2467,240,211,-
"면부","계","30~34",25239,3401,1901,1350,897,665,569,456,123,3775,1444,1028,1445,1440,1940,2164,2187,169,285,-
"면부","계","35~39",24637,3036,1982,1096,683,475,474,316,139,2943,1691,1084,1557,1573,2149,2395,2631,208,205,-
"면부","계","40~44",26951,3154,1651,1002,640,475,383,281,120,2812,2059,1344,2126,1984,2897,2595,3061,196,171,-
"면부","계","45~49",37051,3677,1893,905,677,367,521,241,221,3673,2849,1921,3193,2988,4824,4048,4449,322,282,-
"면부","계","50~54",51269,3744,1810,872,848,547,500,366,230,4865,4263,2987,4929,4549,7002,6986,6004,503,264,-
"면부","계","55~59",69914,3644,2177,1334,1040,636,576,460,408,6593,5472,4638,7598,6057,9663,9880,8979,546,213,-
"면부","계","60~64",81943,4483,2346,1684,1342,728,740,611,439,7017,6399,5269,8652,7177,11010,12182,11151,498,215,-
"면부","계","65~69",70655,3032,1833,1178,1016,490,616,604,364,5309,4809,4247,8053,6479,10331,11595,10184,319,196,-
"면부","계","70~74",65692,2307,1234,904,990,431,353,517,346,3767,3820,3592,7524,7034,11521,10700,9575,382,695,-
"면부","계","75세 이상",209529,2615,1335,1402,2305,880,736,987,1190,10662,12108,12483,24700,23052,39441,37345,31535,1006,5747,-
"면부","남자","합계",345918,25326,12631,8363,7318,4451,4220,3227,2047,36106,23437,20166,34010,28924,43888,45903,41021,2363,2517,-
"면부","남자","20세 미만",2829,345,99,45,234,187,56,29,28,495,102,228,271,209,163,169,104,35,30,-
"면부","남자","20~24",13733,1933,459,594,654,565,601,213,87,2893,692,718,863,727,867,790,844,118,115,-
"면부","남자","25~29",20280,2768,1303,1219,808,618,592,406,81,3627,1062,968,1104,950,1192,1578,1747,129,128,-
"면부","남자","30~34",19082,2675,1495,1079,684,498,452,376,104,2787,1029,741,1084,1114,1431,1743,1539,128,123,-
"면부","남자","35~39",18553,2283,1460,797,529,331,346,242,109,2256,1187,816,1183,1191,1776,1861,1976,143,67,-
"면부","남자","40~44",20101,2123,1217,741,436,384,257,182,119,2061,1438,1081,1654,1513,2233,2079,2364,152,67,-
"면부","남자","45~49",26977,2475,1246,542,495,267,324,170,149,2706,2090,1442,2353,2347,3720,3114,3167,250,120,-
"면부","남자","50~54",35378,2461,1124,478,561,308,322,253,155,3330,2778,2090,3593,3366,5006,4955,4186,364,48,-
"면부","남자","55~59",44313,2163,1207,835,615,378,354,290,284,4220,3492,2961,4872,3945,6341,6362,5599,312,83,-
"면부","남자","60~64",47052,2528,1220,827,792,367,378,363,298,4140,3542,3052,5113,4219,6563,7167,6187,210,86,-
"면부","남자","65~69",34278,1630,878,517,551,242,278,282,188,2933,2148,2022,4058,3167,4711,5486,4923,175,89,-
"면부","남자","70~74",23208,1129,530,372,394,147,116,231,108,1631,1321,1289,2740,2366,3585,3646,3216,152,235,-
"면부","남자","75세 이상",40134,813,393,317,565,159,144,190,337,3027,2556,2758,5122,3810,6300,6953,5169,195,1326,-
"면부","여자","합계",374561,15338,8326,5966,5856,3464,3180,2667,1804,26130,24456,21727,39500,36400,60565,57836,52862,2257,6227,-
"면부","여자","20세 미만",1999,238,92,38,131,29,94,17,11,463,98,201,221,106,46,105,76,-,33,-
"면부","여자","20~24",10530,1227,342,293,613,535,391,173,48,2058,524,784,827,531,775,613,636,78,82,-
"면부","여자","25~29",8228,1060,500,413,296,287,198,217,16,1284,501,401,447,468,632,594,720,111,83,-
"면부","여자","30~34",6157,726,406,271,213,167,117,80,19,988,415,287,361,326,509,421,648,41,162,-
"면부","여자","35~39",6084,753,522,299,154,144,128,74,30,687,504,268,374,382,373,534,655,65,138,-
"면부","여자","40~44",6850,1031,434,261,204,91,126,99,1,751,621,263,472,471,664,516,697,44,104,-
"면부","여자","45~49",10074,1202,647,363,182,100,197,71,72,967,759,479,840,641,1104,934,1282,72,162,-
"면부","여자","50~54",15891,1283,686,394,287,239,178,113,75,1535,1485,897,1336,1183,1996,2031,1818,139,216,-
"면부","여자","55~59",25601,1481,970,499,425,258,222,170,124,2373,1980,1677,2726,2112,3322,3518,3380,234,130,-
"면부","여자","60~64",34891,1955,1126,857,550,361,362,248,141,2877,2857,2217,3539,2958,4447,5015,4964,288,129,-
"면부","여자","65~69",36377,1402,955,661,465,248,338,322,176,2376,2661,2225,3995,3312,5620,6109,5261,144,107,-
"면부","여자","70~74",42484,1178,704,532,596,284,237,286,238,2136,2499,2303,4784,4668,7936,7054,6359,230,460,-
"면부","여자","75세 이상",169395,1802,942,1085,1740,721,592,797,853,7635,9552,9725,19578,19242,33141,30392,26366,811,4421,-
"서울특별시","계","합계",1390701,434920,70204,46246,32225,33881,27273,18520,2177,141131,61083,49214,79010,92456,113879,82512,68051,13259,24660,-
"서울특별시","계","20세 미만",14237,3159,947,855,357,520,597,497,47,2289,493,522,624,554,690,726,868,298,194,-
"서울특별시","계","20~24",123938,28530,8085,7154,4242,5027,4466,3518,174,19112,5263,4435,5462,5648,5192,6701,7669,2187,1073,-
"서울특별시","계","25~29",238517,67989,16996,12787,9049,8335,7966,6133,249,33250,9490,7074,7965,10042,9648,11892,14226,3791,1635,-
"서울특별시","계","30~34",183573,63590,13663,8106,6038,5569,4917,3989,192,22227,7237,5002,5824,7255,7536,9386,9745,1824,1473,-
"서울특별시","계","35~39",126485,53109,8319,4608,3150,3378,2482,1969,115,11078,5267,3253,4439,6025,6081,6125,5324,945,818,-
"서울특별시","계","40~44",91518,41152,5212,2487,1613,1999,1352,894,138,5847,4016,2171,3909,5090,6174,4472,3562,676,754,-
"서울특별시","계","45~49",90186,38784,4199,1859,1016,1566,1110,425,138,5247,4016,2669,4558,6826,8015,4774,3108,719,1157,-
"서울특별시","계","50~54",82704,30270,2627,1512,976,1248,652,227,162,5187,4649,2727,5314,6956,9879,4858,3267,554,1639,-
"서울특별시","계","55~59",84976,25989,1956,1383,1098,1193,633,118,184,6384,4794,3892,6496,8105,11806,5719,3368,489,1369,-
"서울특별시","계","60~64",94834,26161,2539,1476,1116,1480,923,214,221,7645,4723,4635,8242,9038,13456,7111,3832,527,1495,-
"서울특별시","계","65~69",77047,17860,2561,1300,1121,1127,683,175,180,6164,3466,3676,7930,8093,10927,6216,4078,335,1155,-
"서울특별시","계","70~74",65469,14466,1316,903,952,1045,656,119,140,5293,2494,3047,6703,7753,9759,5218,3324,338,1943,-
"서울특별시","계","75세 이상",117217,23861,1784,1816,1497,1394,836,242,237,11408,5175,6111,11544,11071,14716,9314,5680,576,9955,-
"서울특별시","남자","합계",650999,222324,34793,21789,14667,15508,13098,8555,1026,61857,27342,21372,33362,41954,51573,37596,31162,5840,7181,-
"서울특별시","남자","20세 미만",5345,1171,386,370,83,189,261,231,17,928,150,180,216,200,204,274,343,100,42,-
"서울특별시","남자","20~24",42602,11030,2944,2341,1533,1600,1486,1131,71,6250,1735,1476,1699,1773,1764,2014,2597,808,350,-
"서울특별시","남자","25~29",114318,34250,8225,6229,4204,3826,4020,2705,106,15294,4467,3383,3987,4511,4344,5719,6679,1636,733,-
"서울특별시","남자","30~34",102247,36149,7470,4422,3301,3108,2807,2272,117,12355,3884,2755,2851,3960,3998,5499,5557,1049,693,-
"서울특별시","남자","35~39",70540,31178,4481,2553,1751,1820,1337,974,71,6191,2679,1926,2389,3131,3291,3132,2844,461,331,-
"서울특별시","남자","40~44",51144,23506,2877,1284,798,1003,757,494,102,2999,2233,1191,2168,2802,3669,2597,1948,323,393,-
"서울특별시","남자","45~49",52330,22220,2588,1102,517,889,663,246,110,2908,2208,1678,2724,4115,4955,2889,1750,391,377,-
"서울특별시","남자","50~54",48793,17358,1601,848,579,808,395,173,67,3036,2575,1565,3084,4631,6226,3078,2015,275,479,-
"서울특별시","남자","55~59",46352,14429,1208,804,571,718,357,71,94,3185,2558,1962,3437,4745,6655,3146,1808,243,361,-
"서울특별시","남자","60~64",42318,12859,1254,577,348,629,365,98,100,3023,1929,1902,3565,4009,6151,3247,1773,194,295,-
"서울특별시","남자","65~69",28985,7515,967,499,381,395,265,70,69,2126,1239,1251,2795,2984,4281,2294,1482,132,240,-
"서울특별시","남자","70~74",20181,5090,423,290,312,264,195,22,25,1506,692,832,1957,2432,3020,1477,951,146,547,-
"서울특별시","남자","75세 이상",25844,5569,369,470,289,259,190,68,77,2056,993,1271,2490,2661,3015,2230,1415,82,2340,-
"서울특별시","여자","합계",739702,212596,35411,24457,17558,18373,14175,9965,1151,79274,33741,27842,45648,50502,62306,44916,36889,7419,17479,-
"서울특별시","여자","20세 미만",8892,1988,561,485,274,331,336,266,30,1361,343,342,408,354,486,452,525,198,152,-
"서울특별시","여자","20~24",81336,17500,5141,4813,2709,3427,2980,2387,103,12862,3528,2959,3763,3875,3428,4687,5072,1379,723,-
"서울특별시","여자","25~29",124199,33739,8771,6558,4845,4509,3946,3428,143,17956,5023,3691,3978,5531,5304,6173,7547,2155,902,-
"서울특별시","여자","30~34",81326,27441,6193,3684,2737,2461,2110,1717,75,9872,3353,2247,2973,3295,3538,3887,4188,775,780,-
"서울특별시","여자","35~39",55945,21931,3838,2055,1399,1558,1145,995,44,4887,2588,1327,2050,2894,2790,2993,2480,484,487,-
"서울특별시","여자","40~44",40374,17646,2335,1203,815,996,595,400,36,2848,1783,980,1741,2288,2505,1875,1614,353,361,-
"서울특별시","여자","45~49",37856,16564,1611,757,499,677,447,179,28,2339,1808,991,1834,2711,3060,1885,1358,328,780,-
"서울특별시","여자","50~54",33911,12912,1026,664,397,440,257,54,95,2151,2074,1162,2230,2325,3653,1780,1252,279,1160,-
"서울특별시","여자","55~59",38624,11560,748,579,527,475,276,47,90,3199,2236,1930,3059,3360,5151,2573,1560,246,1008,-
"서울특별시","여자","60~64",52516,13302,1285,899,768,851,558,116,121,4622,2794,2733,4677,5029,7305,3864,2059,333,1200,-
"서울특별시","여자","65~69",48062,10345,1594,801,740,732,418,105,111,4038,2227,2425,5135,5109,6646,3922,2596,203,915,-
"서울특별시","여자","70~74",45288,9376,893,613,640,781,461,97,115,3787,1802,2215,4746,5321,6739,3741,2373,192,1396,-
"서울특별시","여자","75세 이상",91373,18292,1415,1346,1208,1135,646,174,160,9352,4182,4840,9054,8410,11701,7084,4265,494,7615,-
"부산광역시","계","합계",455207,13473,186488,11102,2125,2306,2141,14285,192,6827,7381,5794,5435,7845,20413,43764,114166,3555,7915,-
"부산광역시","계","20세 미만",4513,118,1380,178,38,53,61,445,3,187,93,33,19,99,193,349,1140,110,14,-
"부산광역시","계","20~24",36903,1305,11664,1814,206,361,340,3606,14,1169,497,350,246,418,1110,3744,9392,540,127,-
"부산광역시","계","25~29",46740,1702,20658,1961,491,339,342,3433,22,1257,464,277,184,438,998,3231,10399,406,138,-
"부산광역시","계","30~34",33655,1516,19222,1059,297,235,211,1342,3,687,368,165,184,301,568,1801,5381,208,107,-
"부산광역시","계","35~39",27809,1271,18072,637,154,172,160,512,6,493,264,171,204,257,438,1186,3610,109,93,-
"부산광역시","계","40~44",24544,1003,15520,584,91,190,124,413,19,279,395,140,145,264,718,1296,3176,128,59,-
"부산광역시","계","45~49",28650,1357,16486,538,74,129,148,341,-,363,577,358,275,457,1013,1639,4569,183,143,-
"부산광역시","계","50~54",31838,1091,15264,521,105,103,109,292,32,352,853,477,487,635,1694,2696,6831,196,100,-
"부산광역시","계","55~59",37611,1017,15012,641,134,131,118,344,11,406,859,663,606,850,2620,4199,9614,270,116,-
"부산광역시","계","60~64",46987,1015,17382,808,148,169,159,558,19,477,1032,811,783,1038,2814,5657,13634,350,133,-
"부산광역시","계","65~69",41298,704,14015,814,113,121,145,646,20,366,565,760,715,971,2633,5129,13218,274,89,-
"부산광역시","계","70~74",34080,656,9088,605,125,150,104,694,22,309,535,502,589,948,2481,4698,11818,315,441,-
"부산광역시","계","75세 이상",60579,718,12725,942,149,153,120,1659,21,482,879,1087,998,1169,3133,8139,21384,466,6355,-
"부산광역시","남자","합계",206311,7224,95388,5210,1062,1089,1124,6285,88,3411,3304,2425,2287,3425,8030,17882,44666,1471,1940,-
"부산광역시","남자","20세 미만",1863,96,574,68,11,33,39,213,3,78,30,4,7,43,45,155,402,51,11,-
"부산광역시","남자","20~24",15709,704,5067,791,125,136,104,1620,-,579,182,195,153,192,416,1549,3611,227,58,-
"부산광역시","남자","25~29",24621,994,11119,1031,284,177,243,1677,11,644,299,147,112,271,466,1805,5041,228,72,-
"부산광역시","남자","30~34",20296,997,11497,657,205,107,166,835,3,472,206,123,83,191,322,1143,3110,129,50,-
"부산광역시","남자","35~39",16917,788,11002,381,70,124,103,305,-,323,146,104,145,150,299,691,2178,65,43,-
"부산광역시","남자","40~44",15010,630,9372,329,63,144,91,258,14,194,263,110,91,168,427,809,1993,52,2,-
"부산광역시","남자","45~49",16979,789,9709,309,45,75,64,205,-,172,387,205,168,291,579,1036,2810,96,39,-
"부산광역시","남자","50~54",18453,684,8846,342,63,33,77,153,12,182,512,296,305,409,980,1596,3828,96,39,-
"부산광역시","남자","55~59",19225,495,8106,347,74,66,86,160,11,190,424,334,308,416,1265,2105,4711,115,12,-
"부산광역시","남자","60~64",20026,439,8410,311,44,76,56,212,4,196,414,358,348,407,1006,2233,5339,139,34,-
"부산광역시","남자","65~69",15015,259,5849,267,32,26,55,175,11,165,183,225,277,383,878,1738,4410,55,27,-
"부산광역시","남자","70~74",9789,202,3069,156,18,38,26,174,8,86,98,117,103,268,727,1348,3068,104,179,-
"부산광역시","남자","75세 이상",12408,147,2768,221,28,54,14,298,11,130,160,207,187,236,620,1674,4165,114,1374,-
"부산광역시","여자","합계",248896,6249,91100,5892,1063,1217,1017,8000,104,3416,4077,3369,3148,4420,12383,25882,69500,2084,5975,-
"부산광역시","여자","20세 미만",2650,22,806,110,27,20,22,232,-,109,63,29,12,56,148,194,738,59,3,-
"부산광역시","여자","20~24",21194,601,6597,1023,81,225,236,1986,14,590,315,155,93,226,694,2195,5781,313,69,-
"부산광역시","여자","25~29",22119,708,9539,930,207,162,99,1756,11,613,165,130,72,167,532,1426,5358,178,66,-
"부산광역시","여자","30~34",13359,519,7725,402,92,128,45,507,-,215,162,42,101,110,246,658,2271,79,57,-
"부산광역시","여자","35~39",10892,483,7070,256,84,48,57,207,6,170,118,67,59,107,139,495,1432,44,50,-
"부산광역시","여자","40~44",9534,373,6148,255,28,46,33,155,5,85,132,30,54,96,291,487,1183,76,57,-
"부산광역시","여자","45~49",11671,568,6777,229,29,54,84,136,-,191,190,153,107,166,434,603,1759,87,104,-
"부산광역시","여자","50~54",13385,407,6418,179,42,70,32,139,20,170,341,181,182,226,714,1100,3003,100,61,-
"부산광역시","여자","55~59",18386,522,6906,294,60,65,32,184,-,216,435,329,298,434,1355,2094,4903,155,104,-
"부산광역시","여자","60~64",26961,576,8972,497,104,93,103,346,15,281,618,453,435,631,1808,3424,8295,211,99,-
"부산광역시","여자","65~69",26283,445,8166,547,81,95,90,471,9,201,382,535,438,588,1755,3391,8808,219,62,-
"부산광역시","여자","70~74",24291,454,6019,449,107,112,78,520,14,223,437,385,486,680,1754,3350,8750,211,262,-
"부산광역시","여자","75세 이상",48171,571,9957,721,121,99,106,1361,10,352,719,880,811,933,2513,6465,17219,352,4981,-
"대구광역시","계","합계",304543,7794,9100,122455,1253,912,1550,4203,116,4957,4803,3835,2778,2909,3264,104159,26014,751,3690,-
"대구광역시","계","20세 미만",2757,73,162,840,9,4,27,215,2,138,75,28,32,23,55,728,320,12,14,-
"대구광역시","계","20~24",21684,605,1018,7233,171,98,254,1331,10,811,399,297,213,168,233,6279,2410,96,58,-
"대구광역시","계","25~29",31704,1156,1520,14498,259,190,224,1103,16,992,355,290,187,205,288,7615,2610,134,62,-
"대구광역시","계","30~34",23990,983,1232,12249,154,99,196,490,-,655,371,169,139,139,213,5041,1574,53,233,-
"대구광역시","계","35~39",19702,801,877,10743,104,54,87,269,-,338,261,173,135,159,219,4129,1218,58,77,-
"대구광역시","계","40~44",18143,598,794,9157,123,64,66,197,-,247,281,173,126,214,141,4662,1163,38,99,-
"대구광역시","계","45~49",21874,799,580,9844,54,120,123,114,-,298,435,283,287,198,207,6930,1497,29,76,-
"대구광역시","계","50~54",24351,741,521,9617,100,81,114,67,11,309,637,356,330,229,346,8902,1852,80,58,-
"대구광역시","계","55~59",27615,615,565,10298,89,59,66,86,4,342,523,416,247,309,370,10971,2506,75,74,-
"대구광역시","계","60~64",29264,537,608,10813,96,47,143,75,22,257,499,409,268,326,391,12015,2651,45,62,-
"대구광역시","계","65~69",24493,268,512,8554,20,46,108,72,22,222,310,374,272,294,279,10496,2546,47,51,-
"대구광역시","계","70~74",19568,249,310,6650,44,14,62,77,12,124,305,314,191,250,218,8633,1910,29,176,-
"대구광역시","계","75세 이상",39398,369,401,11959,30,36,80,107,17,224,352,553,351,395,304,17758,3757,55,2650,-
"대구광역시","남자","합계",140952,4510,4979,61629,763,505,723,2081,61,2642,2191,1519,1280,1299,1411,43103,11031,371,854,-
"대구광역시","남자","20세 미만",1219,32,73,438,5,4,14,80,2,61,25,5,21,10,26,301,119,3,-,-
"대구광역시","남자","20~24",9202,349,413,3199,64,48,91,569,10,389,152,80,104,89,104,2634,813,45,49,-
"대구광역시","남자","25~29",17456,689,926,8038,180,128,115,559,8,602,209,139,107,98,133,3965,1465,61,34,-
"대구광역시","남자","30~34",15489,660,898,7816,121,40,153,338,-,415,236,132,94,83,169,3206,1011,34,83,-
"대구광역시","남자","35~39",12459,505,552,6928,74,17,62,127,-,266,180,110,96,89,152,2580,675,33,13,-
"대구광역시","남자","40~44",11244,425,553,5612,88,44,25,135,-,163,171,119,75,119,80,2795,782,11,47,-
"대구광역시","남자","45~49",13208,530,389,5756,45,75,50,79,-,220,245,162,189,115,138,4215,951,19,30,-
"대구광역시","남자","50~54",13982,487,340,5505,70,54,47,54,5,192,302,166,218,148,233,4972,1126,49,14,-
"대구광역시","남자","55~59",13571,288,267,5349,32,31,16,39,4,168,279,218,84,139,185,5231,1165,58,18,-
"대구광역시","남자","60~64",12107,279,258,4915,54,23,98,22,7,71,156,132,110,113,72,4774,979,26,18,-
"대구광역시","남자","65~69",8256,110,139,3444,6,33,40,35,12,43,121,66,69,115,48,3201,754,10,10,-
"대구광역시","남자","70~74",5310,92,81,2180,11,-,9,26,5,14,76,73,26,93,45,2046,453,6,74,-
"대구광역시","남자","75세 이상",7449,64,90,2449,13,8,3,18,8,38,39,117,87,88,26,3183,738,16,464,-
"대구광역시","여자","합계",163591,3284,4121,60826,490,407,827,2122,55,2315,2612,2316,1498,1610,1853,61056,14983,380,2836,-
"대구광역시","여자","20세 미만",1538,41,89,402,4,-,13,135,-,77,50,23,11,13,29,427,201,9,14,-
"대구광역시","여자","20~24",12482,256,605,4034,107,50,163,762,-,422,247,217,109,79,129,3645,1597,51,9,-
"대구광역시","여자","25~29",14248,467,594,6460,79,62,109,544,8,390,146,151,80,107,155,3650,1145,73,28,-
"대구광역시","여자","30~34",8501,323,334,4433,33,59,43,152,-,240,135,37,45,56,44,1835,563,19,150,-
"대구광역시","여자","35~39",7243,296,325,3815,30,37,25,142,-,72,81,63,39,70,67,1549,543,25,64,-
"대구광역시","여자","40~44",6899,173,241,3545,35,20,41,62,-,84,110,54,51,95,61,1867,381,27,52,-
"대구광역시","여자","45~49",8666,269,191,4088,9,45,73,35,-,78,190,121,98,83,69,2715,546,10,46,-
"대구광역시","여자","50~54",10369,254,181,4112,30,27,67,13,6,117,335,190,112,81,113,3930,726,31,44,-
"대구광역시","여자","55~59",14044,327,298,4949,57,28,50,47,-,174,244,198,163,170,185,5740,1341,17,56,-
"대구광역시","여자","60~64",17157,258,350,5898,42,24,45,53,15,186,343,277,158,213,319,7241,1672,19,44,-
"대구광역시","여자","65~69",16237,158,373,5110,14,13,68,37,10,179,189,308,203,179,231,7295,1792,37,41,-
"대구광역시","여자","70~74",14258,157,229,4470,33,14,53,51,7,110,229,241,165,157,173,6587,1457,23,102,-
"대구광역시","여자","75세 이상",31949,305,311,9510,17,28,77,89,9,186,313,436,264,307,278,14575,3019,39,2186,-
"인천광역시","계","합계",324841,46379,8330,4897,92825,4386,3089,1663,475,33583,15385,11138,25083,18261,25676,15203,9691,1532,7245,-
"인천광역시","계","20세 미만",2469,376,73,20,780,65,15,47,-,484,117,76,97,60,77,50,112,11,9,-
"인천광역시","계","20~24",17300,2498,492,361,5461,469,365,251,19,2921,694,401,621,540,687,634,643,129,114,-
"인천광역시","계","25~29",34217,5951,1347,1065,10854,824,519,492,27,4964,1041,643,1034,1126,1368,1173,1218,239,332,-
"인천광역시","계","30~34",28844,5786,1210,730,9139,605,377,273,17,4055,942,610,801,1119,955,1049,701,155,320,-
"인천광역시","계","35~39",25483,5324,971,449,8020,390,329,215,30,2651,1180,542,1044,1071,1217,982,702,108,258,-
"인천광역시","계","40~44",23655,4731,760,352,7025,237,229,162,28,2072,1225,529,1357,1239,1815,972,580,109,233,-
"인천광역시","계","45~49",26709,5032,655,354,7292,287,197,27,29,2074,1708,862,1920,1617,2276,1254,704,144,277,-
"인천광역시","계","50~54",27592,3915,633,272,7463,264,172,56,11,2215,1697,1084,2574,1869,2718,1495,715,130,309,-
"인천광역시","계","55~59",30473,3410,477,339,7858,268,166,47,54,2567,1882,1481,3440,2412,3250,1594,765,145,318,-
"인천광역시","계","60~64",31801,3466,584,292,8766,319,213,7,73,2870,1612,1427,3444,2079,3432,1803,954,151,309,-
"인천광역시","계","65~69",22911,2158,541,274,6029,211,120,22,75,2035,1143,1144,2464,1655,2497,1311,893,73,266,-
"인천광역시","계","70~74",18468,1479,225,170,4856,208,182,27,45,1672,607,810,2146,1365,2113,960,611,45,947,-
"인천광역시","계","75세 이상",34919,2253,362,219,9282,239,205,37,67,3003,1537,1529,4141,2109,3271,1926,1093,93,3553,-
"인천광역시","남자","합계",168675,26705,4841,2769,49414,2226,1711,854,209,16966,7801,5273,12069,9410,12831,7772,4764,867,2193,-
"인천광역시","남자","20세 미만",1130,144,31,9,443,41,10,3,-,256,49,15,51,28,17,18,12,3,-,-
"인천광역시","남자","20~24",7565,1013,290,156,2579,138,117,102,12,1314,272,200,273,174,281,249,292,54,49,-
"인천광역시","남자","25~29",19485,3458,782,580,6236,410,310,255,23,2879,535,354,606,640,765,676,683,161,132,-
"인천광역시","남자","30~34",18969,3934,814,527,5779,401,283,194,12,2677,582,374,544,738,616,765,451,114,164,-
"인천광역시","남자","35~39",17076,3592,716,343,5346,225,240,110,18,1698,752,387,675,753,861,670,475,76,139,-
"인천광역시","남자","40~44",15500,3209,444,228,4402,171,154,101,18,1369,787,363,912,858,1281,679,334,73,117,-
"인천광역시","남자","45~49",17368,3188,452,228,4559,207,134,9,15,1319,1112,581,1351,1111,1567,875,512,75,73,-
"인천광역시","남자","50~54",17090,2456,445,187,4562,196,118,36,9,1319,1044,666,1582,1152,1775,918,437,74,114,-
"인천광역시","남자","55~59",16753,1930,225,182,4433,104,100,30,23,1284,1086,758,1890,1457,1826,868,377,89,91,-
"인천광역시","남자","60~64",14901,1753,283,119,4391,194,116,3,32,1113,733,689,1640,867,1661,781,393,80,53,-
"인천광역시","남자","65~69",9335,902,200,91,2707,56,40,1,17,735,437,462,1001,675,992,519,383,45,72,-
"인천광역시","남자","70~74",5969,565,64,63,1788,62,47,9,21,460,164,185,709,443,586,342,157,10,294,-
"인천광역시","남자","75세 이상",7534,561,95,56,2189,21,42,1,9,543,248,239,835,514,603,412,258,13,895,-
"인천광역시","여자","합계",156166,19674,3489,2128,43411,2160,1378,809,266,16617,7584,5865,13014,8851,12845,7431,4927,665,5052,-
"인천광역시","여자","20세 미만",1339,232,42,11,337,24,5,44,-,228,68,61,46,32,60,32,100,8,9,-
"인천광역시","여자","20~24",9735,1485,202,205,2882,331,248,149,7,1607,422,201,348,366,406,385,351,75,65,-
"인천광역시","여자","25~29",14732,2493,565,485,4618,414,209,237,4,2085,506,289,428,486,603,497,535,78,200,-
"인천광역시","여자","30~34",9875,1852,396,203,3360,204,94,79,5,1378,360,236,257,381,339,284,250,41,156,-
"인천광역시","여자","35~39",8407,1732,255,106,2674,165,89,105,12,953,428,155,369,318,356,312,227,32,119,-
"인천광역시","여자","40~44",8155,1522,316,124,2623,66,75,61,10,703,438,166,445,381,534,293,246,36,116,-
"인천광역시","여자","45~49",9341,1844,203,126,2733,80,63,18,14,755,596,281,569,506,709,379,192,69,204,-
"인천광역시","여자","50~54",10502,1459,188,85,2901,68,54,20,2,896,653,418,992,717,943,577,278,56,195,-
"인천광역시","여자","55~59",13720,1480,252,157,3425,164,66,17,31,1283,796,723,1550,955,1424,726,388,56,227,-
"인천광역시","여자","60~64",16900,1713,301,173,4375,125,97,4,41,1757,879,738,1804,1212,1771,1022,561,71,256,-
"인천광역시","여자","65~69",13576,1256,341,183,3322,155,80,21,58,1300,706,682,1463,980,1505,792,510,28,194,-
"인천광역시","여자","70~74",12499,914,161,107,3068,146,135,18,24,1212,443,625,1437,922,1527,618,454,35,653,-
"인천광역시","여자","75세 이상",27385,1692,267,163,7093,218,163,36,58,2460,1289,1290,3306,1595,2668,1514,835,80,2658,-
"광주광역시","계","합계",193948,6829,1892,1027,1115,70009,941,498,94,3728,1406,1152,1591,12126,86244,1411,2066,858,961,-
"광주광역시","계","20세 미만",2761,135,37,13,6,788,42,21,-,83,51,38,27,258,1202,22,21,17,-,-
"광주광역시","계","20~24",17982,893,235,158,293,5602,236,105,36,769,97,153,211,1837,6579,193,302,222,61,-
"광주광역시","계","25~29",23291,1304,357,223,344,9307,198,169,6,982,155,141,161,1636,7588,125,386,105,104,-
"광주광역시","계","30~34",17700,1160,373,130,165,7288,104,46,14,555,108,108,123,1122,5891,142,192,97,82,-
"광주광역시","계","35~39",15817,750,238,82,80,6491,109,69,-,313,149,66,70,1005,5912,143,198,99,43,-
"광주광역시","계","40~44",13684,572,191,64,21,4960,65,22,3,239,109,57,93,795,6128,104,146,33,82,-
"광주광역시","계","45~49",14641,528,95,73,35,5628,40,16,5,174,148,108,144,829,6423,113,149,66,67,-
"광주광역시","계","50~54",14868,483,116,135,32,5051,68,11,9,184,161,100,178,889,7024,144,155,96,32,-
"광주광역시","계","55~59",15300,372,67,31,29,5436,10,6,13,187,153,158,203,839,7439,113,172,27,45,-
"광주광역시","계","60~64",15680,267,69,63,62,5632,34,17,5,71,189,99,99,849,7932,97,133,32,30,-
"광주광역시","계","65~69",11841,117,49,33,22,4044,14,6,3,67,27,75,121,584,6477,80,74,22,26,-
"광주광역시","계","70~74",10222,151,37,10,18,3208,3,-,-,53,14,19,56,498,6054,29,37,19,16,-
"광주광역시","계","75세 이상",20161,97,28,12,8,6574,18,10,-,51,45,30,105,985,11595,106,101,23,373,-
"광주광역시","남자","합계",96817,3892,1077,612,641,36780,598,314,74,1944,739,557,722,5940,40210,802,1109,498,308,-
"광주광역시","남자","20세 미만",1231,71,14,10,3,321,5,2,-,22,20,29,14,92,596,6,12,14,-,-
"광주광역시","남자","20~24",7548,401,106,52,156,2466,109,41,24,271,28,59,52,684,2695,100,144,139,21,-
"광주광역시","남자","25~29",12753,726,237,164,197,5194,133,126,6,481,102,64,88,857,3980,85,210,57,46,-
"광주광역시","남자","30~34",11320,755,217,96,111,4665,79,31,14,414,79,103,84,695,3649,104,142,55,27,-
"광주광역시","남자","35~39",10407,508,152,57,41,4231,103,58,-,216,64,27,26,677,3896,107,161,49,34,-
"광주광역시","남자","40~44",9019,392,140,44,21,3318,35,17,3,171,81,41,64,492,3984,63,92,15,46,-
"광주광역시","남자","45~49",9456,326,78,55,29,3530,35,8,5,107,116,41,68,526,4295,79,88,51,19,-
"광주광역시","남자","50~54",8933,253,34,78,21,3118,55,11,9,100,96,60,126,522,4198,96,75,64,17,-
"광주광역시","남자","55~59",7752,222,45,19,24,2856,5,6,13,70,55,43,91,464,3652,56,93,23,15,-
"광주광역시","남자","60~64",7020,105,33,37,31,2838,30,8,-,37,89,44,32,399,3254,22,36,14,11,-
"광주광역시","남자","65~69",4435,53,8,-,7,1729,6,6,-,20,-,29,38,216,2212,57,37,6,11,-
"광주광역시","남자","70~74",2928,44,5,-,-,1070,-,-,-,19,9,4,28,168,1560,8,7,6,-,-
"광주광역시","남자","75세 이상",4015,36,8,-,-,1444,3,-,-,16,-,13,11,148,2239,19,12,5,61,-
"광주광역시","여자","합계",97131,2937,815,415,474,33229,343,184,20,1784,667,595,869,6186,46034,609,957,360,653,-
"광주광역시","여자","20세 미만",1530,64,23,3,3,467,37,19,-,61,31,9,13,166,606,16,9,3,-,-
"광주광역시","여자","20~24",10434,492,129,106,137,3136,127,64,12,498,69,94,159,1153,3884,93,158,83,40,-
"광주광역시","여자","25~29",10538,578,120,59,147,4113,65,43,-,501,53,77,73,779,3608,40,176,48,58,-
"광주광역시","여자","30~34",6380,405,156,34,54,2623,25,15,-,141,29,5,39,427,2242,38,50,42,55,-
"광주광역시","여자","35~39",5410,242,86,25,39,2260,6,11,-,97,85,39,44,328,2016,36,37,50,9,-
"광주광역시","여자","40~44",4665,180,51,20,-,1642,30,5,-,68,28,16,29,303,2144,41,54,18,36,-
"광주광역시","여자","45~49",5185,202,17,18,6,2098,5,8,-,67,32,67,76,303,2128,34,61,15,48,-
"광주광역시","여자","50~54",5935,230,82,57,11,1933,13,-,-,84,65,40,52,367,2826,48,80,32,15,-
"광주광역시","여자","55~59",7548,150,22,12,5,2580,5,-,-,117,98,115,112,375,3787,57,79,4,30,-
"광주광역시","여자","60~64",8660,162,36,26,31,2794,4,9,5,34,100,55,67,450,4678,75,97,18,19,-
"광주광역시","여자","65~69",7406,64,41,33,15,2315,8,-,3,47,27,46,83,368,4265,23,37,16,15,-
"광주광역시","여자","70~74",7294,107,32,10,18,2138,3,-,-,34,5,15,28,330,4494,21,30,13,16,-
"광주광역시","여자","75세 이상",16146,61,20,12,8,5130,15,10,-,35,45,17,94,837,9356,87,89,18,312,-
"대전광역시","계","합계",228842,17205,5766,5019,3555,2719,65590,1683,2129,13822,5648,20896,41301,14436,7781,11734,7111,841,1606,-
"대전광역시","계","20세 미만",7850,520,154,133,203,121,1736,193,74,1058,215,902,1379,302,170,386,242,47,15,-
"대전광역시","계","20~24",35082,2807,926,1073,935,503,7638,413,256,3810,878,3071,5645,2174,929,2421,1293,166,144,-
"대전광역시","계","25~29",32800,3228,1248,1112,801,714,8983,459,186,2953,703,2377,3967,1793,851,1950,1235,145,95,-
"대전광역시","계","30~34",21864,2437,945,710,518,290,6515,217,145,1767,577,1501,2636,1089,587,916,814,87,113,-
"대전광역시","계","35~39",15705,1616,458,411,260,204,5351,186,68,799,376,935,2519,788,540,599,441,84,70,-
"대전광역시","계","40~44",12747,1189,375,226,167,145,4543,66,122,443,259,986,2190,719,403,530,313,37,34,-
"대전광역시","계","45~49",14219,1298,376,309,140,173,4847,30,127,318,357,1089,2749,814,537,620,351,37,47,-
"대전광역시","계","50~54",14613,1033,361,175,105,118,4705,17,181,540,368,1358,3084,952,591,548,395,29,53,-
"대전광역시","계","55~59",15647,858,227,238,86,73,4881,47,176,498,473,1552,3461,1173,664,786,350,54,50,-
"대전광역시","계","60~64",16701,694,270,178,79,104,5106,16,255,437,558,1912,3653,1338,685,809,514,39,54,-
"대전광역시","계","65~69",12595,541,175,186,96,118,3639,21,154,427,203,1489,2831,1036,588,630,393,41,27,-
"대전광역시","계","70~74",9846,381,125,101,56,54,2459,10,121,334,178,1239,2455,888,527,541,250,23,104,-
"대전광역시","계","75세 이상",19173,603,126,167,109,102,5187,8,264,438,503,2485,4732,1370,709,998,520,52,800,-
"대전광역시","남자","합계",116257,10418,3241,2818,2002,1446,34160,944,1034,7798,2769,9333,19246,6477,3757,6012,3805,462,535,-
"대전광역시","남자","20세 미만",3804,325,90,103,112,61,853,53,16,587,59,369,645,126,53,159,169,9,15,-
"대전광역시","남자","20~24",16480,1620,463,507,480,187,3427,224,123,2009,349,1455,2470,790,293,1239,654,118,72,-
"대전광역시","남자","25~29",19139,2204,707,675,494,441,4800,283,165,1917,437,1370,2146,914,523,1181,751,80,51,-
"대전광역시","남자","30~34",14274,1728,594,464,343,183,4172,152,104,1214,438,858,1605,646,403,650,597,71,52,-
"대전광역시","남자","35~39",10008,1097,315,308,169,121,3259,97,45,520,267,573,1599,481,378,404,303,46,26,-
"대전광역시","남자","40~44",7989,774,226,135,109,83,2894,42,76,302,164,622,1358,402,233,313,206,32,18,-
"대전광역시","남자","45~49",8728,852,231,192,83,128,2876,25,82,189,224,574,1634,577,389,409,232,22,9,-
"대전광역시","남자","50~54",8413,596,229,81,79,61,2709,11,113,268,199,732,1799,535,383,342,240,24,12,-
"대전광역시","남자","55~59",7979,460,115,123,40,35,2795,34,80,272,218,770,1621,502,317,419,154,12,12,-
"대전광역시","남자","60~64",7373,338,108,98,35,39,2520,8,134,199,213,699,1606,534,298,300,206,21,17,-
"대전광역시","남자","65~69",4730,168,69,81,28,81,1571,7,26,151,67,517,1016,374,209,209,131,22,3,-
"대전광역시","남자","70~74",3081,164,61,32,10,10,917,-,41,93,49,302,718,275,122,160,81,-,46,-
"대전광역시","남자","75세 이상",4259,92,33,19,20,16,1367,8,29,77,85,492,1029,321,156,227,81,5,202,-
"대전광역시","여자","합계",112585,6787,2525,2201,1553,1273,31430,739,1095,6024,2879,11563,22055,7959,4024,5722,3306,379,1071,-
"대전광역시","여자","20세 미만",4046,195,64,30,91,60,883,140,58,471,156,533,734,176,117,227,73,38,-,-
"대전광역시","여자","20~24",18602,1187,463,566,455,316,4211,189,133,1801,529,1616,3175,1384,636,1182,639,48,72,-
"대전광역시","여자","25~29",13661,1024,541,437,307,273,4183,176,21,1036,266,1007,1821,879,328,769,484,65,44,-
"대전광역시","여자","30~34",7590,709,351,246,175,107,2343,65,41,553,139,643,1031,443,184,266,217,16,61,-
"대전광역시","여자","35~39",5697,519,143,103,91,83,2092,89,23,279,109,362,920,307,162,195,138,38,44,-
"대전광역시","여자","40~44",4758,415,149,91,58,62,1649,24,46,141,95,364,832,317,170,217,107,5,16,-
"대전광역시","여자","45~49",5491,446,145,117,57,45,1971,5,45,129,133,515,1115,237,148,211,119,15,38,-
"대전광역시","여자","50~54",6200,437,132,94,26,57,1996,6,68,272,169,626,1285,417,208,206,155,5,41,-
"대전광역시","여자","55~59",7668,398,112,115,46,38,2086,13,96,226,255,782,1840,671,347,367,196,42,38,-
"대전광역시","여자","60~64",9328,356,162,80,44,65,2586,8,121,238,345,1213,2047,804,387,509,308,18,37,-
"대전광역시","여자","65~69",7865,373,106,105,68,37,2068,14,128,276,136,972,1815,662,379,421,262,19,24,-
"대전광역시","여자","70~74",6765,217,64,69,46,44,1542,10,80,241,129,937,1737,613,405,381,169,23,58,-
"대전광역시","여자","75세 이상",14914,511,93,148,89,86,3820,-,235,361,418,1993,3703,1049,553,771,439,47,598,-
"울산광역시","계","합계",122848,4314,15023,5149,842,670,801,43023,54,2485,4594,2476,1774,2172,3340,19763,14315,613,1440,-
"울산광역시","계","20세 미만",540,13,21,49,-,9,28,249,-,8,-,2,6,-,30,79,42,-,4,-
"울산광역시","계","20~24",5539,257,651,353,42,25,92,2134,5,245,72,59,88,66,80,579,660,86,45,-
"울산광역시","계","25~29",12167,578,1868,813,177,110,84,5291,-,361,138,105,99,120,183,1006,1119,65,50,-
"울산광역시","계","30~34",10970,563,1707,746,90,90,73,4607,5,319,223,107,65,157,162,873,1035,23,125,-
"울산광역시","계","35~39",9900,381,1679,544,66,77,74,4053,4,236,296,131,99,94,197,1072,806,32,59,-
"울산광역시","계","40~44",9416,483,1557,456,60,70,81,3387,7,215,356,138,110,117,229,1347,726,27,50,-
"울산광역시","계","45~49",10769,482,1670,357,86,43,67,3167,2,183,502,250,123,198,312,1697,1411,75,144,-
"울산광역시","계","50~54",11342,453,1363,336,53,103,45,3156,13,202,696,366,200,265,433,2104,1422,57,75,-
"울산광역시","계","55~59",12058,330,1217,411,71,34,94,3313,14,199,661,361,230,284,459,2602,1671,47,60,-
"울산광역시","계","60~64",12760,288,1425,423,73,36,59,3769,4,174,613,404,251,348,388,2724,1679,58,44,-
"울산광역시","계","65~69",9453,205,919,302,50,42,56,2930,-,171,334,190,225,291,286,2003,1383,39,27,-
"울산광역시","계","70~74",6818,131,481,192,25,14,29,2166,-,66,279,132,83,136,310,1658,987,41,88,-
"울산광역시","계","75세 이상",11116,150,465,167,49,17,19,4801,-,106,424,231,195,96,271,2019,1374,63,669,-
"울산광역시","남자","합계",68070,2719,9238,3263,579,423,454,23482,32,1520,2467,1300,943,1237,1889,10062,7645,337,480,-
"울산광역시","남자","20세 미만",369,9,-,37,-,6,28,181,-,-,-,-,6,-,22,60,20,-,-,-
"울산광역시","남자","20~24",3010,127,345,223,37,25,54,1037,5,155,45,15,51,49,36,360,350,76,20,-
"울산광역시","남자","25~29",8019,434,1235,548,155,83,54,3224,-,253,97,71,77,92,129,690,810,42,25,-
"울산광역시","남자","30~34",7992,385,1240,643,79,63,50,3156,-,253,169,85,53,126,131,674,820,23,42,-
"울산광역시","남자","35~39",7273,305,1271,462,42,57,53,2798,4,181,200,88,82,86,162,833,589,21,39,-
"울산광역시","남자","40~44",6643,335,1137,311,45,49,47,2277,7,162,270,110,86,78,168,992,538,18,13,-
"울산광역시","남자","45~49",7119,320,1111,264,58,20,46,2050,-,147,334,179,84,124,239,1124,891,51,77,-
"울산광역시","남자","50~54",7044,280,840,207,36,67,15,2024,9,126,407,206,124,170,264,1273,921,44,31,-
"울산광역시","남자","55~59",6485,221,646,224,56,12,51,1770,7,94,370,190,141,149,249,1346,926,16,17,-
"울산광역시","남자","60~64",5937,143,746,116,37,20,21,2066,-,65,284,200,97,161,198,1075,674,20,14,-
"울산광역시","남자","65~69",3655,87,376,117,18,14,24,1205,-,56,127,57,57,138,129,707,539,4,-,-
"울산광역시","남자","70~74",2225,35,170,90,-,7,11,731,-,12,56,25,32,47,107,533,325,14,30,-
"울산광역시","남자","75세 이상",2299,38,121,21,16,-,-,963,-,16,108,74,53,17,55,395,242,8,172,-
"울산광역시","여자","합계",54778,1595,5785,1886,263,247,347,19541,22,965,2127,1176,831,935,1451,9701,6670,276,960,-
"울산광역시","여자","20세 미만",171,4,21,12,-,3,-,68,-,8,-,2,-,-,8,19,22,-,4,-
"울산광역시","여자","20~24",2529,130,306,130,5,-,38,1097,-,90,27,44,37,17,44,219,310,10,25,-
"울산광역시","여자","25~29",4148,144,633,265,22,27,30,2067,-,108,41,34,22,28,54,316,309,23,25,-
"울산광역시","여자","30~34",2978,178,467,103,11,27,23,1451,5,66,54,22,12,31,31,199,215,-,83,-
"울산광역시","여자","35~39",2627,76,408,82,24,20,21,1255,-,55,96,43,17,8,35,239,217,11,20,-
"울산광역시","여자","40~44",2773,148,420,145,15,21,34,1110,-,53,86,28,24,39,61,355,188,9,37,-
"울산광역시","여자","45~49",3650,162,559,93,28,23,21,1117,2,36,168,71,39,74,73,573,520,24,67,-
"울산광역시","여자","50~54",4298,173,523,129,17,36,30,1132,4,76,289,160,76,95,169,831,501,13,44,-
"울산광역시","여자","55~59",5573,109,571,187,15,22,43,1543,7,105,291,171,89,135,210,1256,745,31,43,-
"울산광역시","여자","60~64",6823,145,679,307,36,16,38,1703,4,109,329,204,154,187,190,1649,1005,38,30,-
"울산광역시","여자","65~69",5798,118,543,185,32,28,32,1725,-,115,207,133,168,153,157,1296,844,35,27,-
"울산광역시","여자","70~74",4593,96,311,102,25,7,18,1435,-,54,223,107,51,89,203,1125,662,27,58,-
"울산광역시","여자","75세 이상",8817,112,344,146,33,17,19,3838,-,90,316,157,142,79,216,1624,1132,55,497,-
"세종특별자치시","계","합계",43577,6073,1622,1222,1074,1205,3933,582,5471,4005,1109,3175,5018,2622,2136,2064,1743,295,228,-
"세종특별자치시","계","20세 미만",1330,236,35,38,57,44,55,7,28,310,10,99,135,95,49,77,47,8,-,-
"세종특별자치시","계","20~24",6881,1246,286,210,259,321,483,156,273,1270,142,295,449,396,333,295,406,52,9,-
"세종특별자치시","계","25~29",6623,1176,306,327,263,227,789,181,351,715,131,422,642,344,221,250,212,41,25,-
"세종특별자치시","계","30~34",5478,906,264,197,145,258,809,72,362,593,97,255,526,224,207,245,270,41,7,-
"세종특별자치시","계","35~39",3855,607,230,167,103,94,479,43,310,327,158,286,310,255,114,186,140,19,27,-
"세종특별자치시","계","40~44",3072,528,120,73,51,77,314,52,254,149,126,251,312,208,257,153,121,17,9,-
"세종특별자치시","계","45~49",3017,414,140,29,49,46,220,41,442,162,69,206,439,253,222,157,84,26,18,-
"세종특별자치시","계","50~54",2825,365,83,60,32,37,215,10,341,106,106,213,400,177,258,224,137,53,8,-
"세종특별자치시","계","55~59",2535,209,45,33,15,22,189,12,461,120,93,230,446,185,133,153,144,30,15,-
"세종특별자치시","계","60~64",2321,142,52,19,45,42,157,-,561,70,52,239,356,232,115,141,74,-,24,-
"세종특별자치시","계","65~69",1686,95,40,32,17,14,66,-,435,98,57,209,288,115,92,49,53,-,26,-
"세종특별자치시","계","70~74",1274,80,13,24,22,13,55,2,445,34,13,128,222,69,66,54,7,8,19,-
"세종특별자치시","계","75세 이상",2680,69,8,13,16,10,102,6,1208,51,55,342,493,69,69,80,48,-,41,-
"세종특별자치시","남자","합계",22724,3546,875,593,725,630,1991,310,2743,2202,622,1374,2305,1424,1192,1053,896,159,84,-
"세종특별자치시","남자","20세 미만",669,139,4,28,20,16,-,7,4,164,10,65,80,56,25,31,20,-,-,-
"세종특별자치시","남자","20~24",3297,706,138,124,156,145,178,45,160,706,48,128,196,98,140,116,173,31,9,-
"세종특별자치시","남자","25~29",3688,804,197,127,174,119,361,134,209,358,84,213,309,204,84,177,93,34,7,-
"세종특별자치시","남자","30~34",3489,529,146,99,121,147,550,56,243,416,80,123,319,148,159,171,142,37,3,-
"세종특별자치시","남자","35~39",2426,385,134,78,87,80,301,20,187,204,103,145,189,187,92,143,80,11,-,-
"세종특별자치시","남자","40~44",1841,242,57,47,41,53,192,20,162,69,82,174,175,152,183,87,89,7,9,-
"세종특별자치시","남자","45~49",1745,289,84,20,37,16,127,14,217,89,54,107,254,138,156,78,48,10,7,-
"세종특별자치시","남자","50~54",1574,199,44,33,32,17,85,7,211,66,35,104,203,128,164,109,115,19,3,-
"세종특별자치시","남자","55~59",1317,102,30,12,15,9,94,5,274,61,63,115,181,121,73,67,78,10,7,-
"세종특별자치시","남자","60~64",1033,88,23,3,21,20,40,-,339,25,23,81,148,98,45,38,28,-,13,-
"세종특별자치시","남자","65~69",655,36,7,16,2,2,34,-,222,20,22,53,99,64,33,15,20,-,10,-
"세종특별자치시","남자","70~74",400,27,6,6,9,6,17,2,133,19,8,45,55,20,21,10,7,-,9,-
"세종특별자치시","남자","75세 이상",590,-,5,-,10,-,12,-,382,5,10,21,97,10,17,11,3,-,7,-
"세종특별자치시","여자","합계",20853,2527,747,629,349,575,1942,272,2728,1803,487,1801,2713,1198,944,1011,847,136,144,-
"세종특별자치시","여자","20세 미만",661,97,31,10,37,28,55,-,24,146,-,34,55,39,24,46,27,8,-,-
"세종특별자치시","여자","20~24",3584,540,148,86,103,176,305,111,113,564,94,167,253,298,193,179,233,21,-,-
"세종특별자치시","여자","25~29",2935,372,109,200,89,108,428,47,142,357,47,209,333,140,137,73,119,7,18,-
"세종특별자치시","여자","30~34",1989,377,118,98,24,111,259,16,119,177,17,132,207,76,48,74,128,4,4,-
"세종특별자치시","여자","35~39",1429,222,96,89,16,14,178,23,123,123,55,141,121,68,22,43,60,8,27,-
"세종특별자치시","여자","40~44",1231,286,63,26,10,24,122,32,92,80,44,77,137,56,74,66,32,10,-,-
"세종특별자치시","여자","45~49",1272,125,56,9,12,30,93,27,225,73,15,99,185,115,66,79,36,16,11,-
"세종특별자치시","여자","50~54",1251,166,39,27,-,20,130,3,130,40,71,109,197,49,94,115,22,34,5,-
"세종특별자치시","여자","55~59",1218,107,15,21,-,13,95,7,187,59,30,115,265,64,60,86,66,20,8,-
"세종특별자치시","여자","60~64",1288,54,29,16,24,22,117,-,222,45,29,158,208,134,70,103,46,-,11,-
"세종특별자치시","여자","65~69",1031,59,33,16,15,12,32,-,213,78,35,156,189,51,59,34,33,-,16,-
"세종특별자치시","여자","70~74",874,53,7,18,13,7,38,-,312,15,5,83,167,49,45,44,-,8,10,-
"세종특별자치시","여자","75세 이상",2090,69,3,13,6,10,90,6,826,46,45,321,396,59,52,69,45,-,34,-
"경기도","계","합계",1406010,271336,48315,31914,39010,22239,18825,10305,2502,386883,74129,52755,92085,86682,108530,76661,50966,7437,25436,-
"경기도","계","20세 미만",8710,1292,308,222,357,223,266,149,-,3512,465,238,442,257,211,259,251,163,95,-
"경기도","계","20~24",71325,11910,2922,2520,3432,2075,1689,1074,59,25398,2953,1855,2778,2793,2245,3255,3061,715,591,-
"경기도","계","25~29",165901,35592,7823,6485,7919,4181,3950,2784,156,55285,5700,4418,4964,5837,5518,6814,6202,1163,1110,-
"경기도","계","30~34",147266,37161,7349,4997,6451,2969,2797,2064,135,44584,5322,3404,4853,5875,5596,6041,5396,846,1426,-
"경기도","계","35~39",124823,33333,6060,3439,4102,2193,1855,1404,160,33279,5995,3314,5380,6211,6594,5679,4079,708,1038,-
"경기도","계","40~44",109713,27417,5245,2348,2638,1850,1352,832,182,26116,6683,3300,6201,6496,8345,5769,3273,575,1091,-
"경기도","계","45~49",119770,28927,4296,2364,2460,1575,1274,423,164,27472,6975,4499,7948,8245,10497,6575,3698,766,1612,-
"경기도","계","50~54",118136,22739,3146,1730,2017,1227,1025,274,277,28816,8312,4736,8873,9380,12500,6860,3904,621,1699,-
"경기도","계","55~59",121372,18359,2527,1822,2079,1232,987,267,378,31510,8028,6097,11208,9239,13095,7937,4265,506,1836,-
"경기도","계","60~64",122173,18634,2912,1697,2365,1514,1094,312,271,31821,7671,6104,11635,9379,12853,7829,4240,482,1360,-
"경기도","계","65~69",89745,11900,2575,1538,1680,1168,841,196,239,22950,4996,4789,8591,7232,9817,6124,3857,256,996,-
"경기도","계","70~74",71100,9833,1306,1173,1274,782,727,211,247,17109,3338,3326,6791,6417,8164,4660,3318,212,2212,-
"경기도","계","75세 이상",135976,14239,1846,1579,2236,1250,968,315,234,39031,7691,6675,12421,9321,13095,8859,5422,424,10370,-
"경기도","남자","합계",758076,154978,28457,18669,22203,12075,10992,6309,1268,211043,39032,26447,44730,45915,56488,40959,27179,3937,7395,-
"경기도","남자","20세 미만",3776,613,114,92,119,48,136,25,-,1498,204,124,147,116,144,123,127,68,78,-
"경기도","남자","20~24",32145,5521,1395,1217,1488,931,785,510,44,11662,1333,749,1081,1301,930,1403,1265,318,212,-
"경기도","남자","25~29",99420,21685,4892,4068,4801,2506,2423,1832,64,32313,3391,2612,2814,3446,3310,4277,3754,671,561,-
"경기도","남자","30~34",100520,25074,5135,3674,4548,2033,1954,1577,84,30029,3713,2412,3264,3952,3765,4333,3840,514,619,-
"경기도","남자","35~39",84639,22807,4121,2352,2847,1424,1365,911,136,22225,4057,2310,3599,4251,4405,4023,2860,471,475,-
"경기도","남자","40~44",72288,17811,3510,1509,1735,1142,885,511,117,17278,4654,2215,4019,4475,5562,3951,2171,378,365,-
"경기도","남자","45~49",77270,17289,2976,1571,1524,1031,903,253,129,17544,4616,3063,5218,5671,7391,4657,2500,454,480,-
"경기도","남자","50~54",72926,13457,1810,1056,1349,724,706,136,165,18284,5108,2891,5257,6065,8110,4391,2584,339,494,-
"경기도","남자","55~59",67432,10068,1415,1025,1116,723,546,173,187,18346,4334,3231,5996,5138,7727,4389,2305,268,445,-
"경기도","남자","60~64",57891,8998,1303,826,1190,660,433,104,126,16052,3410,2865,5183,4411,6191,3732,1972,185,250,-
"경기도","남자","65~69",35917,4993,991,531,637,418,380,83,37,10009,1723,1730,3362,2927,3898,2219,1589,117,273,-
"경기도","남자","70~74",23000,3332,424,356,435,194,266,79,89,6054,965,880,2086,2070,2625,1490,1019,55,581,-
"경기도","남자","75세 이상",30852,3330,371,392,414,241,210,115,90,9749,1524,1365,2704,2092,2430,1971,1193,99,2562,-
"경기도","여자","합계",647934,116358,19858,13245,16807,10164,7833,3996,1234,175840,35097,26308,47355,40767,52042,35702,23787,3500,18041,-
"경기도","여자","20세 미만",4934,679,194,130,238,175,130,124,-,2014,261,114,295,141,67,136,124,95,17,-
"경기도","여자","20~24",39180,6389,1527,1303,1944,1144,904,564,15,13736,1620,1106,1697,1492,1315,1852,1796,397,379,-
"경기도","여자","25~29",66481,13907,2931,2417,3118,1675,1527,952,92,22972,2309,1806,2150,2391,2208,2537,2448,492,549,-
"경기도","여자","30~34",46746,12087,2214,1323,1903,936,843,487,51,14555,1609,992,1589,1923,1831,1708,1556,332,807,-
"경기도","여자","35~39",40184,10526,1939,1087,1255,769,490,493,24,11054,1938,1004,1781,1960,2189,1656,1219,237,563,-
"경기도","여자","40~44",37425,9606,1735,839,903,708,467,321,65,8838,2029,1085,2182,2021,2783,1818,1102,197,726,-
"경기도","여자","45~49",42500,11638,1320,793,936,544,371,170,35,9928,2359,1436,2730,2574,3106,1918,1198,312,1132,-
"경기도","여자","50~54",45210,9282,1336,674,668,503,319,138,112,10532,3204,1845,3616,3315,4390,2469,1320,282,1205,-
"경기도","여자","55~59",53940,8291,1112,797,963,509,441,94,191,13164,3694,2866,5212,4101,5368,3548,1960,238,1391,-
"경기도","여자","60~64",64282,9636,1609,871,1175,854,661,208,145,15769,4261,3239,6452,4968,6662,4097,2268,297,1110,-
"경기도","여자","65~69",53828,6907,1584,1007,1043,750,461,113,202,12941,3273,3059,5229,4305,5919,3905,2268,139,723,-
"경기도","여자","70~74",48100,6501,882,817,839,588,461,132,158,11055,2373,2446,4705,4347,5539,3170,2299,157,1631,-
"경기도","여자","75세 이상",105124,10909,1475,1187,1822,1009,758,200,144,29282,6167,5310,9717,7229,10665,6888,4229,325,7808,-
"강원도","계","합계",231371,23636,4420,3237,4210,1515,1998,1078,219,18899,127066,7559,5887,4541,5629,12746,5137,665,2929,-
"강원도","계","20세 미만",3110,531,49,112,195,28,156,26,-,734,1094,32,22,13,2,39,20,22,35,-
"강원도","계","20~24",23355,4727,536,410,1253,253,344,211,3,4375,8670,617,382,210,170,714,393,30,57,-
"강원도","계","25~29",19192,3040,597,498,698,307,233,240,14,2772,8076,545,284,278,233,696,517,87,77,-
"강원도","계","30~34",13660,2368,431,291,381,180,151,133,12,1660,6255,290,194,220,159,477,339,58,61,-
"강원도","계","35~39",11306,1570,348,245,217,85,171,98,5,847,6099,362,159,196,183,464,218,15,24,-
"강원도","계","40~44",11296,1340,410,298,132,90,145,78,2,736,6035,247,376,254,251,522,288,37,55,-
"강원도","계","45~49",14512,1723,392,189,184,69,144,46,18,740,8379,455,348,256,379,738,347,43,62,-
"강원도","계","50~54",18255,1663,276,234,165,84,115,47,37,989,10853,674,578,534,512,958,402,48,86,-
"강원도","계","55~59",22059,1706,233,242,244,120,110,38,50,1380,12752,895,759,543,838,1405,600,63,81,-
"강원도","계","60~64",24382,1975,439,229,272,113,203,33,18,1446,14438,873,845,604,886,1447,461,64,36,-
"강원도","계","65~69",18579,1166,389,153,193,43,91,51,12,1200,10593,783,661,489,575,1559,533,44,44,-
"강원도","계","70~74",14964,871,141,171,166,37,71,38,10,817,8610,555,513,415,566,1190,359,29,405,-
"강원도","계","75세 이상",36701,956,179,165,110,106,64,39,38,1203,25212,1231,766,529,875,2537,660,125,1906,-
"강원도","남자","합계",115678,14134,2640,1753,2567,782,1245,726,115,10330,59942,3279,2988,2414,2783,6082,2665,327,906,-
"강원도","남자","20세 미만",1893,420,49,80,154,28,128,17,-,477,467,16,17,1,1,3,19,-,16,-
"강원도","남자","20~24",12706,3015,330,219,778,109,221,163,1,2495,3956,281,203,96,73,448,276,29,13,-
"강원도","남자","25~29",12152,2003,384,329,501,210,172,167,14,1859,4725,282,198,189,158,529,310,46,76,-
"강원도","남자","30~34",8952,1644,324,176,248,91,100,92,12,1101,3981,177,126,167,108,303,255,34,13,-
"강원도","남자","35~39",7364,931,235,155,120,41,124,68,5,529,4037,215,112,142,137,340,160,7,6,-
"강원도","남자","40~44",7266,734,307,164,82,57,67,65,1,427,4000,184,223,165,193,380,175,19,23,-
"강원도","남자","45~49",9097,1027,258,92,97,50,84,40,9,387,5402,279,249,174,266,477,180,23,3,-
"강원도","남자","50~54",11010,999,163,161,86,36,77,31,19,564,6664,360,369,342,283,592,221,32,11,-
"강원도","남자","55~59",12130,938,114,104,149,53,62,13,23,702,7224,439,413,329,469,730,304,50,14,-
"강원도","남자","60~64",12228,1094,203,109,147,32,144,21,5,622,7304,345,417,308,445,768,231,29,4,-
"강원도","남자","65~69",8091,620,179,63,82,26,38,18,4,552,4521,330,288,207,251,623,243,17,29,-
"강원도","남자","70~74",5051,432,52,48,100,12,21,26,3,327,2627,169,188,153,210,353,147,21,162,-
"강원도","남자","75세 이상",7738,277,42,53,23,37,7,5,19,288,5034,202,185,141,189,536,144,20,536,-
"강원도","여자","합계",115693,9502,1780,1484,1643,733,753,352,104,8569,67124,4280,2899,2127,2846,6664,2472,338,2023,-
"강원도","여자","20세 미만",1217,111,-,32,41,-,28,9,-,257,627,16,5,12,1,36,1,22,19,-
"강원도","여자","20~24",10649,1712,206,191,475,144,123,48,2,1880,4714,336,179,114,97,266,117,1,44,-
"강원도","여자","25~29",7040,1037,213,169,197,97,61,73,-,913,3351,263,86,89,75,167,207,41,1,-
"강원도","여자","30~34",4708,724,107,115,133,89,51,41,-,559,2274,113,68,53,51,174,84,24,48,-
"강원도","여자","35~39",3942,639,113,90,97,44,47,30,-,318,2062,147,47,54,46,124,58,8,18,-
"강원도","여자","40~44",4030,606,103,134,50,33,78,13,1,309,2035,63,153,89,58,142,113,18,32,-
"강원도","여자","45~49",5415,696,134,97,87,19,60,6,9,353,2977,176,99,82,113,261,167,20,59,-
"강원도","여자","50~54",7245,664,113,73,79,48,38,16,18,425,4189,314,209,192,229,366,181,16,75,-
"강원도","여자","55~59",9929,768,119,138,95,67,48,25,27,678,5528,456,346,214,369,675,296,13,67,-
"강원도","여자","60~64",12154,881,236,120,125,81,59,12,13,824,7134,528,428,296,441,679,230,35,32,-
"강원도","여자","65~69",10488,546,210,90,111,17,53,33,8,648,6072,453,373,282,324,936,290,27,15,-
"강원도","여자","70~74",9913,439,89,123,66,25,50,12,7,490,5983,386,325,262,356,837,212,8,243,-
"강원도","여자","75세 이상",28963,679,137,112,87,69,57,34,19,915,20178,1029,581,388,686,2001,516,105,1370,-
"충청북도","계","합계",236208,18784,4817,4015,3952,1790,6727,1480,1615,18678,11932,115495,11420,6789,6803,13182,5707,691,2331,-
"충청북도","계","20세 미만",4090,498,120,38,214,11,142,43,8,826,130,1393,196,101,57,204,63,39,7,-
"충청북도","계","20~24",22676,2725,523,581,1009,288,1276,234,128,4480,847,6311,965,602,531,1199,731,171,75,-
"충청북도","계","25~29",26658,3322,975,964,725,492,1286,430,141,3758,764,8728,1023,789,577,1622,850,105,107,-
"충청북도","계","30~34",18521,2098,630,684,436,202,732,258,115,1919,651,7369,707,637,500,871,529,63,120,-
"충청북도","계","35~39",14585,1493,476,339,266,180,573,102,112,1040,688,6458,605,473,352,775,482,42,129,-
"충청북도","계","40~44",12949,1339,392,248,200,70,428,93,96,673,623,6121,700,436,419,628,306,36,141,-
"충청북도","계","45~49",15312,1475,315,191,223,90,281,92,163,840,902,7664,708,518,472,820,378,35,145,-
"충청북도","계","50~54",17924,1407,299,178,164,101,285,73,115,872,1126,9397,1107,551,653,972,445,23,156,-
"충청북도","계","55~59",20327,1212,281,203,211,70,335,35,146,1020,1152,11199,1197,676,725,1134,482,56,193,-
"충청북도","계","60~64",21150,1090,324,235,173,117,349,24,172,1080,1365,11880,1245,554,740,1228,452,37,85,-
"충청북도","계","65~69",16282,744,242,187,123,33,380,47,130,715,1016,9209,935,502,581,977,382,12,67,-
"충청북도","계","70~74",12642,663,130,65,91,59,202,21,56,465,740,7304,643,431,464,853,270,28,157,-
"충청북도","계","75세 이상",33092,718,110,102,117,77,458,28,233,990,1928,22462,1389,519,732,1899,337,44,949,-
"충청북도","남자","합계",122465,11336,2986,2510,2351,1004,3731,908,731,11152,5396,56930,5712,3600,3422,6514,3137,385,660,-
"충청북도","남자","20세 미만",2026,280,41,29,70,4,68,16,8,423,27,673,122,67,14,119,31,27,7,-
"충청북도","남자","20~24",11581,1579,252,316,619,151,702,105,70,2383,491,3070,428,243,180,516,327,109,40,-
"충청북도","남자","25~29",17590,2213,742,715,493,324,789,339,59,2808,481,5199,673,534,368,1146,588,65,54,-
"충청북도","남자","30~34",12866,1490,472,459,324,129,555,184,75,1435,404,4891,485,448,375,670,376,42,52,-
"충청북도","남자","35~39",9845,1043,346,225,175,118,380,71,89,746,465,4310,378,320,243,549,321,23,43,-
"충청북도","남자","40~44",8591,766,266,173,102,38,261,70,47,425,440,4201,470,302,287,433,215,26,69,-
"충청북도","남자","45~49",9681,930,221,139,148,68,171,50,85,517,597,4769,464,333,343,545,240,31,30,-
"충청북도","남자","50~54",10754,856,179,92,103,56,168,24,64,542,597,5803,644,312,380,615,293,7,19,-
"충청북도","남자","55~59",11137,698,171,129,109,44,154,19,76,573,484,6517,611,339,364,529,243,30,47,-
"충청북도","남자","60~64",10236,571,150,135,68,28,157,6,65,559,537,6103,511,255,375,512,175,4,25,-
"충청북도","남자","65~69",6830,391,102,56,65,21,169,15,33,326,312,3898,396,233,265,336,183,9,20,-
"충청북도","남자","70~74",4149,316,28,16,27,9,58,9,23,173,226,2441,206,138,106,234,81,-,58,-
"충청북도","남자","75세 이상",7179,203,16,26,48,14,99,-,37,242,335,5055,324,76,122,310,64,12,196,-
"충청북도","여자","합계",113743,7448,1831,1505,1601,786,2996,572,884,7526,6536,58565,5708,3189,3381,6668,2570,306,1671,-
"충청북도","여자","20세 미만",2064,218,79,9,144,7,74,27,-,403,103,720,74,34,43,85,32,12,-,-
"충청북도","여자","20~24",11095,1146,271,265,390,137,574,129,58,2097,356,3241,537,359,351,683,404,62,35,-
"충청북도","여자","25~29",9068,1109,233,249,232,168,497,91,82,950,283,3529,350,255,209,476,262,40,53,-
"충청북도","여자","30~34",5655,608,158,225,112,73,177,74,40,484,247,2478,222,189,125,201,153,21,68,-
"충청북도","여자","35~39",4740,450,130,114,91,62,193,31,23,294,223,2148,227,153,109,226,161,19,86,-
"충청북도","여자","40~44",4358,573,126,75,98,32,167,23,49,248,183,1920,230,134,132,195,91,10,72,-
"충청북도","여자","45~49",5631,545,94,52,75,22,110,42,78,323,305,2895,244,185,129,275,138,4,115,-
"충청북도","여자","50~54",7170,551,120,86,61,45,117,49,51,330,529,3594,463,239,273,357,152,16,137,-
"충청북도","여자","55~59",9190,514,110,74,102,26,181,16,70,447,668,4682,586,337,361,605,239,26,146,-
"충청북도","여자","60~64",10914,519,174,100,105,89,192,18,107,521,828,5777,734,299,365,716,277,33,60,-
"충청북도","여자","65~69",9452,353,140,131,58,12,211,32,97,389,704,5311,539,269,316,641,199,3,47,-
"충청북도","여자","70~74",8493,347,102,49,64,50,144,12,33,292,514,4863,437,293,358,619,189,28,99,-
"충청북도","여자","75세 이상",25913,515,94,76,69,63,359,28,196,748,1593,17407,1065,443,610,1589,273,32,753,-
"충청남도","계","합계",304973,25720,7652,5115,7687,3317,9229,2097,1575,24658,7609,11039,147080,15152,12925,11621,7710,1079,3708,-
"충청남도","계","20세 미만",4912,380,186,99,362,59,249,32,35,775,85,182,1624,218,172,226,135,13,80,-
"충청남도","계","20~24",26810,3121,731,660,1652,605,1319,379,68,5479,683,1206,6453,1301,975,986,739,210,243,-
"충청남도","계","25~29",30885,3855,1146,1058,1427,641,1890,547,148,4180,578,1238,8587,1609,1259,1349,976,162,235,-
"충청남도","계","30~34",25522,3600,1249,856,924,447,1048,473,77,3027,679,824,7268,1244,1069,1436,861,110,330,-
"충청남도","계","35~39",20646,2598,1061,558,598,250,818,144,84,1627,614,795,7243,1189,967,1088,668,112,232,-
"충청남도","계","40~44",18007,2137,746,384,406,286,552,141,122,1127,539,688,7234,1205,820,749,603,78,190,-
"충청남도","계","45~49",20237,2211,563,271,335,236,556,130,140,1321,655,743,9313,1173,974,815,506,77,218,-
"충청남도","계","50~54",22102,1883,492,284,401,149,542,66,138,1419,822,963,10577,1233,1226,983,670,57,197,-
"충청남도","계","55~59",25582,1541,452,223,371,174,586,58,179,1530,876,1041,13656,1355,1498,1152,608,71,211,-
"충청남도","계","60~64",25799,1670,366,278,434,156,570,58,129,1387,724,976,14704,1259,1321,906,668,73,120,-
"충청남도","계","65~69",20045,939,267,144,289,122,296,38,119,957,460,692,12333,1027,1021,729,439,29,144,-
"충청남도","계","70~74",17619,733,222,111,208,98,277,22,71,643,304,596,11703,822,700,491,366,32,220,-
"충청남도","계","75세 이상",46807,1052,171,189,280,94,526,9,265,1186,590,1095,36385,1517,923,711,471,55,1288,-
"충청남도","남자","합계",159737,16157,4885,3306,4631,2003,5149,1518,754,13712,4100,5626,69349,8154,7185,6945,4545,516,1202,-
"충청남도","남자","20세 미만",2211,155,61,32,215,27,114,17,34,314,45,81,746,110,68,116,37,-,39,-
"충청남도","남자","20~24",12101,1561,351,371,834,252,536,230,24,2438,297,490,2862,539,346,430,335,70,135,-
"충청남도","남자","25~29",19786,2573,798,753,836,408,1214,376,83,2853,421,757,5247,961,723,929,671,85,98,-
"충청남도","남자","30~34",18321,2779,933,653,734,360,692,401,58,2103,439,606,4885,897,812,1138,579,88,164,-
"충청남도","남자","35~39",15170,1945,783,413,468,202,628,117,41,1260,473,575,5128,878,730,842,528,68,91,-
"충청남도","남자","40~44",12843,1601,601,308,297,221,366,107,101,835,359,465,4922,890,641,548,465,43,73,-
"충청남도","남자","45~49",13567,1488,414,189,250,173,339,93,66,869,432,475,6121,843,644,645,367,58,101,-
"충청남도","남자","50~54",13778,1228,285,169,257,92,336,54,92,795,490,580,6760,731,821,577,442,38,31,-
"충청남도","남자","55~59",14652,935,235,120,207,99,331,50,87,757,460,559,8076,770,915,630,350,33,38,-
"충청남도","남자","60~64",13074,821,190,137,219,64,284,39,60,633,355,429,7769,573,623,470,348,21,39,-
"충청남도","남자","65~69",8591,468,116,70,157,59,108,26,51,404,150,232,5408,416,403,298,172,1,52,-
"충청남도","남자","70~74",5905,313,81,38,81,22,103,5,34,194,82,161,3907,272,243,170,127,6,66,-
"충청남도","남자","75세 이상",9738,290,37,53,76,24,98,3,23,257,97,216,7518,274,216,152,124,5,275,-
"충청남도","여자","합계",145236,9563,2767,1809,3056,1314,4080,579,821,10946,3509,5413,77731,6998,5740,4676,3165,563,2506,-
"충청남도","여자","20세 미만",2701,225,125,67,147,32,135,15,1,461,40,101,878,108,104,110,98,13,41,-
"충청남도","여자","20~24",14709,1560,380,289,818,353,783,149,44,3041,386,716,3591,762,629,556,404,140,108,-
"충청남도","여자","25~29",11099,1282,348,305,591,233,676,171,65,1327,157,481,3340,648,536,420,305,77,137,-
"충청남도","여자","30~34",7201,821,316,203,190,87,356,72,19,924,240,218,2383,347,257,298,282,22,166,-
"충청남도","여자","35~39",5476,653,278,145,130,48,190,27,43,367,141,220,2115,311,237,246,140,44,141,-
"충청남도","여자","40~44",5164,536,145,76,109,65,186,34,21,292,180,223,2312,315,179,201,138,35,117,-
"충청남도","여자","45~49",6670,723,149,82,85,63,217,37,74,452,223,268,3192,330,330,170,139,19,117,-
"충청남도","여자","50~54",8324,655,207,115,144,57,206,12,46,624,332,383,3817,502,405,406,228,19,166,-
"충청남도","여자","55~59",10930,606,217,103,164,75,255,8,92,773,416,482,5580,585,583,522,258,38,173,-
"충청남도","여자","60~64",12725,849,176,141,215,92,286,19,69,754,369,547,6935,686,698,436,320,52,81,-
"충청남도","여자","65~69",11454,471,151,74,132,63,188,12,68,553,310,460,6925,611,618,431,267,28,92,-
"충청남도","여자","70~74",11714,420,141,73,127,76,174,17,37,449,222,435,7796,550,457,321,239,26,154,-
"충청남도","여자","75세 이상",37069,762,134,136,204,70,428,6,242,929,493,879,28867,1243,707,559,347,50,1013,-
"전라북도","계","합계",255269,9848,2634,1251,1981,5419,2615,763,132,7026,2263,2334,7660,186654,15937,3002,3391,685,1674,-
"전라북도","계","20세 미만",3667,211,45,32,92,228,212,5,-,211,12,28,354,1815,260,42,68,17,35,-
"전라북도","계","20~24",21885,1569,323,219,533,1668,725,113,55,1869,205,436,1366,9818,1853,368,404,248,113,-
"전라북도","계","25~29",21128,1784,343,180,387,1038,387,164,6,1357,211,237,611,12438,1163,251,355,76,140,-
"전라북도","계","30~34",15539,1208,317,158,213,483,256,261,-,755,94,112,369,9779,793,255,217,73,196,-
"전라북도","계","35~39",13402,800,271,84,108,338,159,60,23,351,158,78,336,9520,624,240,142,30,80,-
"전라북도","계","40~44",13171,814,259,70,78,262,147,19,10,358,149,166,375,9330,693,138,223,17,63,-
"전라북도","계","45~49",16426,755,218,102,103,244,116,41,8,323,233,148,433,12144,903,246,265,28,116,-
"전라북도","계","50~54",18814,728,191,125,129,260,168,39,1,345,258,163,552,14068,1166,269,221,50,81,-
"전라북도","계","55~59",21310,630,181,76,140,266,92,24,17,504,290,201,718,15878,1483,368,359,17,66,-
"전라북도","계","60~64",23174,528,185,64,68,205,159,10,1,406,204,307,663,18217,1570,219,282,41,45,-
"전라북도","계","65~69",19255,287,135,41,59,143,83,9,4,227,132,173,536,15462,1397,214,279,32,42,-
"전라북도","계","70~74",19054,240,76,44,25,105,65,11,1,151,137,95,439,15870,1299,186,206,9,95,-
"전라북도","계","75세 이상",48444,294,90,56,46,179,46,7,6,169,180,190,908,42315,2733,206,370,47,602,-
"전라북도","남자","합계",121764,5825,1492,747,1189,2969,1492,481,69,4203,1175,1210,3772,85870,7274,1525,1689,343,439,-
"전라북도","남자","20세 미만",2075,100,29,7,37,148,106,5,-,29,-,16,181,1160,159,24,43,17,14,-
"전라북도","남자","20~24",11500,905,168,148,312,864,331,55,27,1208,125,207,701,4963,970,167,181,117,51,-
"전라북도","남자","25~29",12367,1103,237,161,225,610,267,81,-,872,139,152,427,6839,790,142,191,57,74,-
"전라북도","남자","30~34",10214,852,205,95,156,323,182,208,-,580,80,88,262,6210,550,143,161,61,58,-
"전라북도","남자","35~39",9055,618,211,56,90,188,104,41,6,192,116,59,244,6399,428,166,105,20,12,-
"전라북도","남자","40~44",8829,512,160,50,49,172,118,8,10,270,107,120,232,6280,466,86,156,9,24,-
"전라북도","남자","45~49",10753,484,143,70,100,157,63,34,-,219,148,86,256,8114,547,146,153,12,21,-
"전라북도","남자","50~54",11493,375,88,55,77,180,115,31,1,178,106,108,361,8749,706,159,170,11,23,-
"전라북도","남자","55~59",11798,294,90,28,74,148,61,3,17,305,117,124,414,8921,758,213,199,11,21,-
"전라북도","남자","60~64",11212,261,78,40,24,77,85,9,1,166,109,155,279,8987,696,110,111,19,5,-
"전라북도","남자","65~69",7851,126,43,17,28,62,36,-,-,86,32,58,202,6471,499,66,109,-,16,-
"전라북도","남자","70~74",5887,116,24,12,5,13,15,4,1,50,61,23,77,5025,334,62,49,2,14,-
"전라북도","남자","75세 이상",8730,79,16,8,12,27,9,2,6,48,35,14,136,7752,371,41,61,7,106,-
"전라북도","여자","합계",133505,4023,1142,504,792,2450,1123,282,63,2823,1088,1124,3888,100784,8663,1477,1702,342,1235,-
"전라북도","여자","20세 미만",1592,111,16,25,55,80,106,-,-,182,12,12,173,655,101,18,25,-,21,-
"전라북도","여자","20~24",10385,664,155,71,221,804,394,58,28,661,80,229,665,4855,883,201,223,131,62,-
"전라북도","여자","25~29",8761,681,106,19,162,428,120,83,6,485,72,85,184,5599,373,109,164,19,66,-
"전라북도","여자","30~34",5325,356,112,63,57,160,74,53,-,175,14,24,107,3569,243,112,56,12,138,-
"전라북도","여자","35~39",4347,182,60,28,18,150,55,19,17,159,42,19,92,3121,196,74,37,10,68,-
"전라북도","여자","40~44",4342,302,99,20,29,90,29,11,-,88,42,46,143,3050,227,52,67,8,39,-
"전라북도","여자","45~49",5673,271,75,32,3,87,53,7,8,104,85,62,177,4030,356,100,112,16,95,-
"전라북도","여자","50~54",7321,353,103,70,52,80,53,8,-,167,152,55,191,5319,460,110,51,39,58,-
"전라북도","여자","55~59",9512,336,91,48,66,118,31,21,-,199,173,77,304,6957,725,155,160,6,45,-
"전라북도","여자","60~64",11962,267,107,24,44,128,74,1,-,240,95,152,384,9230,874,109,171,22,40,-
"전라북도","여자","65~69",11404,161,92,24,31,81,47,9,4,141,100,115,334,8991,898,148,170,32,26,-
"전라북도","여자","70~74",13167,124,52,32,20,92,50,7,-,101,76,72,362,10845,965,124,157,7,81,-
"전라북도","여자","75세 이상",39714,215,74,48,34,152,37,5,-,121,145,176,772,34563,2362,165,309,40,496,-
"전라남도","계","합계",256633,7292,3952,1260,1292,13739,974,692,83,4251,1716,1499,2378,8817,198131,2727,5342,796,1692,-
"전라남도","계","20세 미만",2386,74,15,3,16,177,38,2,-,190,1,22,61,126,1438,79,102,30,12,-
"전라남도","계","20~24",12595,730,259,117,196,1884,152,101,-,678,57,134,210,705,6681,184,376,100,31,-
"전라남도","계","25~29",16345,1199,401,275,291,2479,145,120,8,865,97,169,119,830,8383,200,597,96,71,-
"전라남도","계","30~34",12926,1039,571,149,159,1601,118,107,-,507,81,111,98,580,6932,215,475,70,113,-
"전라남도","계","35~39",12505,583,463,133,106,968,90,75,18,322,69,53,144,487,8130,225,543,17,79,-
"전라남도","계","40~44",12310,580,453,108,65,833,79,81,-,185,130,58,125,394,8606,154,338,50,71,-
"전라남도","계","45~49",15922,741,357,110,60,772,66,41,19,242,190,103,218,618,11582,236,408,57,102,-
"전라남도","계","50~54",19413,637,342,109,59,928,111,35,1,264,309,186,261,808,14282,326,617,50,88,-
"전라남도","계","55~59",22648,488,390,87,88,994,64,60,14,301,286,200,304,910,17452,360,459,72,119,-
"전라남도","계","60~64",24469,543,312,52,113,993,46,27,14,308,244,201,368,980,19270,341,527,82,48,-
"전라남도","계","65~69",20765,288,193,64,50,576,28,20,3,190,99,113,156,672,17743,139,356,44,31,-
"전라남도","계","70~74",21347,193,85,33,42,515,14,8,3,109,79,63,156,629,18984,129,202,32,71,-
"전라남도","계","75세 이상",63002,197,111,20,47,1019,23,15,3,90,74,86,158,1078,58648,139,342,96,856,-
"전라남도","남자","합계",120032,4271,2426,847,854,7374,623,415,68,2650,905,800,1422,4464,87293,1576,3081,437,526,-
"전라남도","남자","20세 미만",1580,56,3,3,11,153,34,-,-,105,1,12,27,109,897,66,61,30,12,-
"전라남도","남자","20~24",6779,437,178,63,129,1041,78,39,-,411,32,85,138,449,3308,139,181,40,31,-
"전라남도","남자","25~29",9862,763,255,183,205,1286,123,94,8,588,78,104,92,586,4778,113,493,73,40,-
"전라남도","남자","30~34",8877,697,457,121,110,1073,83,99,-,411,54,59,78,386,4652,135,367,44,51,-
"전라남도","남자","35~39",8898,374,316,99,71,636,70,68,18,249,36,42,118,330,5879,174,375,12,31,-
"전라남도","남자","40~44",8728,317,310,93,42,575,39,40,-,136,108,31,96,298,6223,122,231,42,25,-
"전라남도","남자","45~49",10752,432,251,70,43,517,37,29,14,148,116,60,156,397,8015,127,258,41,41,-
"전라남도","남자","50~54",12374,425,201,72,36,457,89,27,-,146,153,90,167,442,9431,204,381,28,25,-
"전라남도","남자","55~59",13067,276,192,74,46,479,32,11,14,143,149,98,145,424,10480,215,217,39,33,-
"전라남도","남자","60~64",12741,238,122,30,87,517,22,8,8,151,114,120,202,441,10248,135,240,47,11,-
"전라남도","남자","65~69",9007,132,72,27,27,263,13,-,3,80,30,54,81,288,7701,57,148,18,13,-
"전라남도","남자","70~74",6531,76,34,5,24,202,-,-,-,50,20,16,77,183,5711,47,60,1,25,-
"전라남도","남자","75세 이상",10836,48,35,7,23,175,3,-,3,32,14,29,45,131,9970,42,69,22,188,-
"전라남도","여자","합계",136601,3021,1526,413,438,6365,351,277,15,1601,811,699,956,4353,110838,1151,2261,359,1166,-
"전라남도","여자","20세 미만",806,18,12,-,5,24,4,2,-,85,-,10,34,17,541,13,41,-,-,-
"전라남도","여자","20~24",5816,293,81,54,67,843,74,62,-,267,25,49,72,256,3373,45,195,60,-,-
"전라남도","여자","25~29",6483,436,146,92,86,1193,22,26,-,277,19,65,27,244,3605,87,104,23,31,-
"전라남도","여자","30~34",4049,342,114,28,49,528,35,8,-,96,27,52,20,194,2280,80,108,26,62,-
"전라남도","여자","35~39",3607,209,147,34,35,332,20,7,-,73,33,11,26,157,2251,51,168,5,48,-
"전라남도","여자","40~44",3582,263,143,15,23,258,40,41,-,49,22,27,29,96,2383,32,107,8,46,-
"전라남도","여자","45~49",5170,309,106,40,17,255,29,12,5,94,74,43,62,221,3567,109,150,16,61,-
"전라남도","여자","50~54",7039,212,141,37,23,471,22,8,1,118,156,96,94,366,4851,122,236,22,63,-
"전라남도","여자","55~59",9581,212,198,13,42,515,32,49,-,158,137,102,159,486,6972,145,242,33,86,-
"전라남도","여자","60~64",11728,305,190,22,26,476,24,19,6,157,130,81,166,539,9022,206,287,35,37,-
"전라남도","여자","65~69",11758,156,121,37,23,313,15,20,-,110,69,59,75,384,10042,82,208,26,18,-
"전라남도","여자","70~74",14816,117,51,28,18,313,14,8,3,59,59,47,79,446,13273,82,142,31,46,-
"전라남도","여자","75세 이상",52166,149,76,13,24,844,20,15,-,58,60,57,113,947,48678,97,273,74,668,-
"경상북도","계","합계",388791,11170,14735,34472,2346,1360,2492,6838,167,8431,9631,6576,4496,3744,5034,251966,20345,896,4092,-
"경상북도","계","20세 미만",5815,337,257,818,78,64,126,174,-,409,136,189,88,55,41,2472,499,18,54,-
"경상북도","계","20~24",29628,1747,1451,4161,471,208,655,1640,-,1849,892,625,442,262,424,12108,2373,151,169,-
"경상북도","계","25~29",30302,1556,2013,5806,370,227,343,1286,7,1132,542,423,126,271,374,13544,1941,135,206,-
"경상북도","계","30~34",24489,1129,1914,4234,220,136,284,851,2,869,459,243,189,216,345,11643,1456,75,224,-
"경상북도","계","35~39",21512,841,1470,3269,204,98,162,487,25,533,473,323,200,271,267,11524,1206,31,128,-
"경상북도","계","40~44",20200,834,1204,2452,117,86,169,259,11,431,534,328,274,233,234,11808,1029,47,150,-
"경상북도","계","45~49",24467,995,1264,2407,117,71,122,247,20,485,832,432,307,262,468,14982,1298,30,128,-
"경상북도","계","50~54",28856,826,1032,2195,212,106,144,182,10,437,1014,576,455,353,504,18931,1639,66,174,-
"경상북도","계","55~59",34012,712,1197,2271,125,101,82,368,38,573,1159,704,590,587,610,22480,2223,95,97,-
"경상북도","계","60~64",37436,817,1205,2345,187,110,138,255,17,695,1144,855,591,374,575,25799,2222,59,48,-
"경상북도","계","65~69",31547,595,737,1659,97,60,102,352,8,403,750,572,534,264,444,23334,1545,62,29,-
"경상북도","계","70~74",26971,327,474,1261,65,47,70,223,6,244,543,479,346,256,371,20821,1189,44,205,-
"경상북도","계","75세 이상",73556,454,517,1594,83,46,95,514,23,371,1153,827,354,340,377,62520,1725,83,2480,-
"경상북도","남자","합계",188127,6619,8429,20113,1323,802,1369,3887,99,4743,4464,3096,2279,1845,2503,114816,10335,445,960,-
"경상북도","남자","20세 미만",3118,199,175,552,46,24,68,86,-,162,83,44,44,29,20,1325,239,5,17,-
"경상북도","남자","20~24",15591,999,806,2267,240,96,348,845,-,954,414,304,211,114,202,6476,1163,97,55,-
"경상북도","남자","25~29",19373,1031,1270,3705,258,160,220,910,-,758,356,296,89,179,248,8381,1328,103,81,-
"경상북도","남자","30~34",17237,758,1357,3105,147,103,197,614,2,665,315,175,144,179,254,8077,1024,47,74,-
"경상북도","남자","35~39",15055,550,1021,2297,137,68,114,362,25,383,335,237,118,170,193,8156,815,24,50,-
"경상북도","남자","40~44",13657,542,823,1763,58,72,117,177,-,285,319,259,180,137,164,7964,717,39,41,-
"경상북도","남자","45~49",15713,676,759,1506,86,47,60,160,20,332,511,290,237,150,242,9718,866,23,30,-
"경상북도","남자","50~54",17363,520,614,1254,123,80,72,84,6,246,523,329,305,213,287,11735,883,26,63,-
"경상북도","남자","55~59",18683,420,586,1206,66,30,50,155,23,317,525,319,267,302,358,12838,1158,34,29,-
"경상북도","남자","60~64",18070,482,456,1051,78,59,63,126,5,321,526,360,248,166,257,12880,963,16,13,-
"경상북도","남자","65~69",12580,226,269,650,40,47,35,175,7,130,249,207,225,97,137,9504,558,12,12,-
"경상북도","남자","70~74",8327,105,156,412,26,14,16,95,-,95,115,137,153,59,75,6505,324,8,32,-
"경상북도","남자","75세 이상",13360,111,137,345,18,2,9,98,11,95,193,139,58,50,66,11257,297,11,463,-
"경상북도","여자","합계",200664,4551,6306,14359,1023,558,1123,2951,68,3688,5167,3480,2217,1899,2531,137150,10010,451,3132,-
"경상북도","여자","20세 미만",2697,138,82,266,32,40,58,88,-,247,53,145,44,26,21,1147,260,13,37,-
"경상북도","여자","20~24",14037,748,645,1894,231,112,307,795,-,895,478,321,231,148,222,5632,1210,54,114,-
"경상북도","여자","25~29",10929,525,743,2101,112,67,123,376,7,374,186,127,37,92,126,5163,613,32,125,-
"경상북도","여자","30~34",7252,371,557,1129,73,33,87,237,-,204,144,68,45,37,91,3566,432,28,150,-
"경상북도","여자","35~39",6457,291,449,972,67,30,48,125,-,150,138,86,82,101,74,3368,391,7,78,-
"경상북도","여자","40~44",6543,292,381,689,59,14,52,82,11,146,215,69,94,96,70,3844,312,8,109,-
"경상북도","여자","45~49",8754,319,505,901,31,24,62,87,-,153,321,142,70,112,226,5264,432,7,98,-
"경상북도","여자","50~54",11493,306,418,941,89,26,72,98,4,191,491,247,150,140,217,7196,756,40,111,-
"경상북도","여자","55~59",15329,292,611,1065,59,71,32,213,15,256,634,385,323,285,252,9642,1065,61,68,-
"경상북도","여자","60~64",19366,335,749,1294,109,51,75,129,12,374,618,495,343,208,318,12919,1259,43,35,-
"경상북도","여자","65~69",18967,369,468,1009,57,13,67,177,1,273,501,365,309,167,307,13830,987,50,17,-
"경상북도","여자","70~74",18644,222,318,849,39,33,54,128,6,149,428,342,193,197,296,14316,865,36,173,-
"경상북도","여자","75세 이상",60196,343,380,1249,65,44,86,416,12,276,960,688,296,290,311,51263,1428,72,2017,-
"경상남도","계","합계",417737,9997,52210,9052,1834,1737,1522,5915,128,5891,5809,3942,4412,5603,11249,22008,268978,1538,5912,-
"경상남도","계","20세 미만",2351,33,373,62,5,36,8,96,-,32,5,34,29,64,25,135,1385,7,22,-
"경상남도","계","20~24",18608,507,2849,582,144,196,128,809,-,584,217,149,176,206,530,937,10374,142,78,-
"경상남도","계","25~29",31153,1199,6206,1275,337,175,221,1097,13,682,262,229,144,295,546,1211,16979,118,164,-
"경상남도","계","30~34",28225,923,6281,998,213,229,161,762,8,823,251,169,221,265,555,1220,14702,93,351,-
"경상남도","계","35~39",27074,1001,6113,962,154,132,125,507,11,385,376,236,233,338,652,1104,14442,107,196,-
"경상남도","계","40~44",26380,960,5739,785,115,167,102,456,25,520,428,226,244,396,553,1265,14153,66,180,-
"경상남도","계","45~49",31778,1196,5661,768,189,172,156,238,10,447,660,295,369,518,1027,1613,18179,107,173,-
"경상남도","계","50~54",35644,1108,4449,755,127,124,123,282,6,501,774,430,575,632,1488,2225,21614,191,240,-
"경상남도","계","55~59",39754,887,3825,711,156,154,136,295,12,596,840,588,598,797,1433,2873,25444,216,193,-
"경상남도","계","60~64",44047,805,4273,819,144,131,179,372,11,485,873,559,656,653,1522,3004,29304,183,74,-
"경상남도","계","65~69",35392,521,2888,495,89,78,84,311,14,292,489,463,490,484,972,2029,25545,68,80,-
"경상남도","계","70~74",28948,426,1736,291,79,67,29,283,10,230,235,193,289,461,884,1563,21879,102,191,-
"경상남도","계","75세 이상",68383,431,1817,549,82,76,70,407,8,314,399,371,388,494,1062,2829,54978,138,3970,-
"경상남도","남자","합계",206071,6024,30715,5270,1080,1070,961,3369,77,3523,3185,2000,2362,2968,5367,10841,125151,679,1429,-
"경상남도","남자","20세 미만",1237,10,175,21,-,26,8,58,-,22,5,14,-,57,7,61,759,7,7,-
"경상남도","남자","20~24",9568,281,1434,352,75,133,99,469,-,428,107,77,118,79,213,453,5113,87,50,-
"경상남도","남자","25~29",19112,753,3802,916,201,98,127,619,3,448,196,147,117,212,375,810,10112,84,92,-
"경상남도","남자","30~34",19681,675,4530,680,156,175,119,609,8,602,182,109,154,213,393,961,9990,42,83,-
"경상남도","남자","35~39",19072,738,4316,708,94,97,78,385,6,270,264,191,146,223,447,813,10179,48,69,-
"경상남도","남자","40~44",18347,640,3988,558,98,138,87,324,14,381,294,181,161,243,339,919,9857,48,77,-
"경상남도","남자","45~49",20687,841,3553,477,151,117,120,144,5,318,429,203,216,359,639,1118,11889,35,73,-
"경상남도","남자","50~54",21402,695,2710,430,93,68,79,147,2,297,556,239,396,385,856,1321,12942,100,86,-
"경상남도","남자","55~59",21295,521,2126,364,66,82,91,171,12,303,433,295,319,444,736,1395,13760,105,72,-
"경상남도","남자","60~64",20466,411,1902,383,76,61,85,178,9,237,361,255,292,301,561,1249,14033,66,6,-
"경상남도","남자","65~69",14188,201,1143,167,35,34,37,101,4,113,205,165,257,209,350,724,10418,11,14,-
"경상남도","남자","70~74",8955,156,613,110,20,36,12,88,10,39,76,58,104,143,252,449,6697,26,66,-
"경상남도","남자","75세 이상",12061,102,423,104,15,5,19,76,4,65,77,66,82,100,199,568,9402,20,734,-
"경상남도","여자","합계",211666,3973,21495,3782,754,667,561,2546,51,2368,2624,1942,2050,2635,5882,11167,143827,859,4483,-
"경상남도","여자","20세 미만",1114,23,198,41,5,10,-,38,-,10,-,20,29,7,18,74,626,-,15,-
"경상남도","여자","20~24",9040,226,1415,230,69,63,29,340,-,156,110,72,58,127,317,484,5261,55,28,-
"경상남도","여자","25~29",12041,446,2404,359,136,77,94,478,10,234,66,82,27,83,171,401,6867,34,72,-
"경상남도","여자","30~34",8544,248,1751,318,57,54,42,153,-,221,69,60,67,52,162,259,4712,51,268,-
"경상남도","여자","35~39",8002,263,1797,254,60,35,47,122,5,115,112,45,87,115,205,291,4263,59,127,-
"경상남도","여자","40~44",8033,320,1751,227,17,29,15,132,11,139,134,45,83,153,214,346,4296,18,103,-
"경상남도","여자","45~49",11091,355,2108,291,38,55,36,94,5,129,231,92,153,159,388,495,6290,72,100,-
"경상남도","여자","50~54",14242,413,1739,325,34,56,44,135,4,204,218,191,179,247,632,904,8672,91,154,-
"경상남도","여자","55~59",18459,366,1699,347,90,72,45,124,-,293,407,293,279,353,697,1478,11684,111,121,-
"경상남도","여자","60~64",23581,394,2371,436,68,70,94,194,2,248,512,304,364,352,961,1755,15271,117,68,-
"경상남도","여자","65~69",21204,320,1745,328,54,44,47,210,10,179,284,298,233,275,622,1305,15127,57,66,-
"경상남도","여자","70~74",19993,270,1123,181,59,31,17,195,-,191,159,135,185,318,632,1114,15182,76,125,-
"경상남도","여자","75세 이상",56322,329,1394,445,67,71,51,331,4,249,322,305,306,394,863,2261,45576,118,3236,-
"제주특별자치도","계","합계",81855,8230,4208,1854,1213,1167,714,559,131,3624,1357,1000,1768,2339,4465,2314,3083,42862,967,-
"제주특별자치도","계","20세 미만",621,3,68,-,-,-,-,-,-,15,-,27,13,4,47,15,-,421,8,-
"제주특별자치도","계","20~24",3928,365,129,41,84,83,56,45,-,295,21,60,41,72,44,75,137,2380,-,-
"제주특별자치도","계","25~29",7487,711,418,301,211,138,112,192,-,744,93,61,94,211,95,201,294,3580,31,-
"제주특별자치도","계","30~34",6094,988,422,222,168,166,83,51,-,443,72,42,77,221,189,116,205,2598,31,-
"제주특별자치도","계","35~39",6418,1040,489,127,105,153,93,52,10,363,175,82,132,181,215,162,266,2763,10,-
"제주특별자치도","계","40~44",6452,993,526,163,144,112,61,55,-,218,92,59,111,137,362,299,179,2874,67,-
"제주특별자치도","계","45~49",8010,1232,515,313,70,118,78,39,19,380,200,99,122,186,443,183,249,3707,57,-
"제주특별자치도","계","50~54",8682,995,382,136,84,92,97,48,19,219,190,150,330,361,602,269,399,4268,41,-
"제주특별자치도","계","55~59",8257,741,404,169,110,120,41,29,63,319,153,171,209,463,568,293,497,3858,49,-
"제주특별자치도","계","60~64",7723,579,345,158,134,89,43,39,11,323,158,137,276,253,496,298,278,4063,43,-
"제주특별자치도","계","65~69",5350,310,330,142,85,27,35,4,5,193,68,47,194,118,493,188,326,2758,27,-
"제주특별자치도","계","70~74",4134,133,97,49,12,41,3,-,-,40,44,34,108,85,467,141,98,2645,137,-
"제주특별자치도","계","75세 이상",8699,140,83,33,6,28,12,5,4,72,91,31,61,47,444,74,155,6947,466,-
"제주특별자치도","남자","합계",41643,4456,2035,1128,640,731,445,276,65,1946,747,576,974,1412,2402,1149,1541,20803,317,-
"제주특별자치도","남자","20세 미만",308,-,5,-,-,-,-,-,-,-,-,27,-,4,32,-,-,240,-,-
"제주특별자치도","남자","20~24",1645,184,38,14,23,45,15,25,-,177,9,15,29,18,28,17,37,971,-,-
"제주특별자치도","남자","25~29",4049,368,249,164,60,75,84,102,-,405,49,35,65,73,55,40,114,2111,-,-
"제주특별자치도","남자","30~34",3729,615,207,161,112,154,59,21,-,254,56,25,22,159,147,50,109,1566,12,-
"제주특별자치도","남자","35~39",3896,653,319,65,30,89,54,15,-,170,131,59,123,107,96,107,131,1747,-,-
"제주특별자치도","남자","40~44",3958,601,321,108,130,38,40,26,-,162,53,26,67,69,193,145,81,1876,22,-
"제주특별자치도","남자","45~49",4857,640,304,190,48,95,38,39,7,200,108,62,93,106,275,154,161,2305,32,-
"제주특별자치도","남자","50~54",5095,490,200,113,67,58,70,37,9,103,93,62,197,241,396,183,210,2562,4,-
"제주특별자치도","남자","55~59",4592,379,173,104,71,81,29,9,47,145,100,111,129,336,335,137,311,2074,21,-
"제주특별자치도","남자","60~64",3884,279,82,80,63,52,24,2,2,163,68,103,124,152,313,80,150,2144,3,-
"제주특별자치도","남자","65~69",2376,140,68,98,30,18,31,-,-,114,50,21,78,97,243,108,135,1140,5,-
"제주특별자치도","남자","70~74",1440,58,43,23,6,20,1,-,-,19,22,17,24,24,185,75,34,784,105,-
"제주특별자치도","남자","75세 이상",1814,49,26,8,-,6,-,-,-,34,8,13,23,26,104,53,68,1283,113,-
"제주특별자치도","여자","합계",40212,3774,2173,726,573,436,269,283,66,1678,610,424,794,927,2063,1165,1542,22059,650,-
"제주특별자치도","여자","20세 미만",313,3,63,-,-,-,-,-,-,15,-,-,13,-,15,15,-,181,8,-
"제주특별자치도","여자","20~24",2283,181,91,27,61,38,41,20,-,118,12,45,12,54,16,58,100,1409,-,-
"제주특별자치도","여자","25~29",3438,343,169,137,151,63,28,90,-,339,44,26,29,138,40,161,180,1469,31,-
"제주특별자치도","여자","30~34",2365,373,215,61,56,12,24,30,-,189,16,17,55,62,42,66,96,1032,19,-
"제주특별자치도","여자","35~39",2522,387,170,62,75,64,39,37,10,193,44,23,9,74,119,55,135,1016,10,-
"제주특별자치도","여자","40~44",2494,392,205,55,14,74,21,29,-,56,39,33,44,68,169,154,98,998,45,-
"제주특별자치도","여자","45~49",3153,592,211,123,22,23,40,-,12,180,92,37,29,80,168,29,88,1402,25,-
"제주특별자치도","여자","50~54",3587,505,182,23,17,34,27,11,10,116,97,88,133,120,206,86,189,1706,37,-
"제주특별자치도","여자","55~59",3665,362,231,65,39,39,12,20,16,174,53,60,80,127,233,156,186,1784,28,-
"제주특별자치도","여자","60~64",3839,300,263,78,71,37,19,37,9,160,90,34,152,101,183,218,128,1919,40,-
"제주특별자치도","여자","65~69",2974,170,262,44,55,9,4,4,5,79,18,26,116,21,250,80,191,1618,22,-
"제주특별자치도","여자","70~74",2694,75,54,26,6,21,2,-,-,21,22,17,84,61,282,66,64,1861,32,-
"제주특별자치도","여자","75세 이상",6885,91,57,25,6,22,12,5,4,38,83,18,38,21,340,21,87,5664,353,-
