"행정구역별(시군구)","성별","연령별",2020,2020,2020,2020,2020
"행정구역별(시군구)","성별","연령별",1인가구,미혼,배우자 있음,사별,이혼
"전국","계","합계",6643354,3340537,874341,1361817,1066659
"전국","계","20세 미만",72119,72119,-,-,-
"전국","계","20~24",496119,494422,1098,15,584
"전국","계","25~29",775110,760813,10169,177,3951
"전국","계","30~34",618316,571902,32912,500,13002
"전국","계","35~39",497027,414181,49953,1147,31746
"전국","계","40~44",427257,304966,63115,2016,57160
"전국","계","45~49",476499,263299,95713,6321,111166
"전국","계","50~54",497959,183077,125494,21621,167767
"전국","계","55~59",541536,120732,147259,62200,211345
"전국","계","60~64",580701,79263,144431,140573,216434
"전국","계","65~69",458284,40199,89533,190443,138109
"전국","계","70~74",382524,19005,54787,238113,70619
"전국","계","75~79",350186,10050,32801,276361,30974
"전국","계","80~84",278847,4138,18258,245857,10594
"전국","계","85세 이상",190870,2371,8818,176473,3208
"전국","남자","합계",3304398,1996214,525923,218508,563753
"전국","남자","20세 미만",33854,33854,-,-,-
"전국","남자","20~24",219029,218512,310,11,196
"전국","남자","25~29",433190,426820,4749,104,1517
"전국","남자","30~34",394473,369015,19381,273,5804
"전국","남자","35~39",320100,269272,33498,580,16750
"전국","남자","40~44",272897,198471,43117,791,30518
"전국","남자","45~49",299310,178492,62708,1936,56174
"전국","남자","50~54",300477,129679,77801,5275,87722
"전국","남자","55~59",294220,85899,85484,12287,110550
"전국","남자","60~64",270517,50707,81351,24895,113564
"전국","남자","65~69",180497,21351,51597,31381,76168
"전국","남자","70~74",119128,8785,32006,37851,40486
"전국","남자","75~79",79884,3831,18424,40149,17480
"전국","남자","80~84",53056,1091,10216,36169,5580
"전국","남자","85세 이상",33766,435,5281,26806,1244
"전국","여자","합계",3338956,1344323,348418,1143309,502906
"전국","여자","20세 미만",38265,38265,-,-,-
"전국","여자","20~24",277090,275910,788,4,388
"전국","여자","25~29",341920,333993,5420,73,2434
"전국","여자","30~34",223843,202887,13531,227,7198
"전국","여자","35~39",176927,144909,16455,567,14996
"전국","여자","40~44",154360,106495,19998,1225,26642
"전국","여자","45~49",177189,84807,33005,4385,54992
"전국","여자","50~54",197482,53398,47693,16346,80045
"전국","여자","55~59",247316,34833,61775,49913,100795
"전국","여자","60~64",310184,28556,63080,115678,102870
"전국","여자","65~69",277787,18848,37936,159062,61941
"전국","여자","70~74",263396,10220,22781,200262,30133
"전국","여자","75~79",270302,6219,14377,236212,13494
"전국","여자","80~84",225791,3047,8042,209688,5014
"전국","여자","85세 이상",157104,1936,3537,149667,1964
"동부","계","합계",5301112,2904990,611178,909516,875428
"동부","계","20세 미만",61466,61466,-,-,-
"동부","계","20~24",434915,433661,751,15,488
"동부","계","25~29",693054,681523,7878,160,3493
"동부","계","30~34",546390,508097,26742,459,11092
"동부","계","35~39",429423,362136,39179,943,27165
"동부","계","40~44",359437,262411,47517,1614,47895
"동부","계","45~49",390531,222768,70771,4872,92120
"동부","계","50~54",393310,151619,88276,16052,137363
"동부","계","55~59",413826,96986,99613,46053,171174
"동부","계","60~64",440021,62988,95803,104526,176704
"동부","계","65~69",342070,32604,58522,138287,112657
"동부","계","70~74",278118,15059,36358,168609,58092
"동부","계","75~79",235681,8179,21720,180199,25583
"동부","계","80~84",171984,3461,12195,147457,8871
"동부","계","85세 이상",110886,2032,5853,100270,2731
"동부","남자","합계",2630040,1691285,343628,145929,449198
"동부","남자","20세 미만",27897,27897,-,-,-
"동부","남자","20~24",186078,185694,202,11,171
"동부","남자","25~29",377922,373076,3432,95,1319
"동부","남자","30~34",341893,321204,15476,255,4958
"동부","남자","35~39",270189,229931,25773,516,13969
"동부","남자","40~44",223989,166511,31738,634,25106
"동부","남자","45~49",239658,147429,44936,1474,45819
"동부","남자","50~54",231506,104982,52544,3885,70095
"동부","남자","55~59",217066,67710,53206,8800,87350
"동부","남자","60~64",194122,39438,47665,17647,89372
"동부","남자","65~69",127458,16668,29269,21848,59673
"동부","남자","70~74",83427,6641,18515,26259,32012
"동부","남자","75~79",54562,2902,10979,26880,13801
"동부","남자","80~84",33732,855,6436,21930,4511
"동부","남자","85세 이상",20541,347,3457,15695,1042
"동부","여자","합계",2671072,1213705,267550,763587,426230
"동부","여자","20세 미만",33569,33569,-,-,-
"동부","여자","20~24",248837,247967,549,4,317
"동부","여자","25~29",315132,308447,4446,65,2174
"동부","여자","30~34",204497,186893,11266,204,6134
"동부","여자","35~39",159234,132205,13406,427,13196
"동부","여자","40~44",135448,95900,15779,980,22789
"동부","여자","45~49",150873,75339,25835,3398,46301
"동부","여자","50~54",161804,46637,35732,12167,67268
"동부","여자","55~59",196760,29276,46407,37253,83824
"동부","여자","60~64",245899,23550,48138,86879,87332
"동부","여자","65~69",214612,15936,29253,116439,52984
"동부","여자","70~74",194691,8418,17843,142350,26080
"동부","여자","75~79",181119,5277,10741,153319,11782
"동부","여자","80~84",138252,2606,5759,125527,4360
"동부","여자","85세 이상",90345,1685,2396,84575,1689
"읍부","계","합계",621763,259951,109178,152747,99887
"읍부","계","20세 미만",5825,5825,-,-,-
"읍부","계","20~24",36941,36695,183,-,63
"읍부","계","25~29",53548,52001,1272,17,258
"읍부","계","30~34",46687,41945,3457,19,1266
"읍부","계","35~39",42967,33659,6182,148,2978
"읍부","계","40~44",40869,26299,8368,233,5969
"읍부","계","45~49",48917,23246,13001,815,11855
"읍부","계","50~54",53380,16296,17304,2819,16961
"읍부","계","55~59",57796,10842,19278,7319,20357
"읍부","계","60~64",58737,7200,17683,14745,19109
"읍부","계","65~69",45559,2982,10077,20584,11916
"읍부","계","70~74",38714,1738,6006,25259,5711
"읍부","계","75~79",37780,766,3573,31019,2422
"읍부","계","80~84",31797,277,1944,28788,788
"읍부","계","85세 이상",22246,180,850,20982,234
"읍부","남자","합계",328440,177245,71867,24401,54927
"읍부","남자","20세 미만",3128,3128,-,-,-
"읍부","남자","20~24",19218,19143,56,-,19
"읍부","남자","25~29",34988,34144,752,9,83
"읍부","남자","30~34",33498,30812,2134,11,541
"읍부","남자","35~39",31358,25184,4347,36,1791
"읍부","남자","40~44",28807,19379,5918,69,3441
"읍부","남자","45~49",32675,17342,9020,209,6104
"읍부","남자","50~54",33593,12429,11421,675,9068
"읍부","남자","55~59",32841,8029,12422,1588,10802
"읍부","남자","60~64",29343,4776,11419,2642,10506
"읍부","남자","65~69",18761,1686,6517,3603,6955
"읍부","남자","70~74",12493,795,4031,4125,3542
"읍부","남자","75~79",8195,304,2193,4204,1494
"읍부","남자","80~84",5883,64,1127,4203,489
"읍부","남자","85세 이상",3659,30,510,3027,92
"읍부","여자","합계",293323,82706,37311,128346,44960
"읍부","여자","20세 미만",2697,2697,-,-,-
"읍부","여자","20~24",17723,17552,127,-,44
"읍부","여자","25~29",18560,17857,520,8,175
"읍부","여자","30~34",13189,11133,1323,8,725
"읍부","여자","35~39",11609,8475,1835,112,1187
"읍부","여자","40~44",12062,6920,2450,164,2528
"읍부","여자","45~49",16242,5904,3981,606,5751
"읍부","여자","50~54",19787,3867,5883,2144,7893
"읍부","여자","55~59",24955,2813,6856,5731,9555
"읍부","여자","60~64",29394,2424,6264,12103,8603
"읍부","여자","65~69",26798,1296,3560,16981,4961
"읍부","여자","70~74",26221,943,1975,21134,2169
"읍부","여자","75~79",29585,462,1380,26815,928
"읍부","여자","80~84",25914,213,817,24585,299
"읍부","여자","85세 이상",18587,150,340,17955,142
"면부","계","합계",720479,175596,153985,299554,91344
"면부","계","20세 미만",4828,4828,-,-,-
"면부","계","20~24",24263,24066,164,-,33
"면부","계","25~29",28508,27289,1019,-,200
"면부","계","30~34",25239,21860,2713,22,644
"면부","계","35~39",24637,18386,4592,56,1603
"면부","계","40~44",26951,16256,7230,169,3296
"면부","계","45~49",37051,17285,11941,634,7191
"면부","계","50~54",51269,15162,19914,2750,13443
"면부","계","55~59",69914,12904,28368,8828,19814
"면부","계","60~64",81943,9075,30945,21302,20621
"면부","계","65~69",70655,4613,20934,31572,13536
"면부","계","70~74",65692,2208,12423,44245,6816
"면부","계","75~79",76725,1105,7508,65143,2969
"면부","계","80~84",75066,400,4119,69612,935
"면부","계","85세 이상",57738,159,2115,55221,243
"면부","남자","합계",345918,127684,110428,48178,59628
"면부","남자","20세 미만",2829,2829,-,-,-
"면부","남자","20~24",13733,13675,52,-,6
"면부","남자","25~29",20280,19600,565,-,115
"면부","남자","30~34",19082,16999,1771,7,305
"면부","남자","35~39",18553,14157,3378,28,990
"면부","남자","40~44",20101,12581,5461,88,1971
"면부","남자","45~49",26977,13721,8752,253,4251
"면부","남자","50~54",35378,12268,13836,715,8559
"면부","남자","55~59",44313,10160,19856,1899,12398
"면부","남자","60~64",47052,6493,22267,4606,13686
"면부","남자","65~69",34278,2997,15811,5930,9540
"면부","남자","70~74",23208,1349,9460,7467,4932
"면부","남자","75~79",17127,625,5252,9065,2185
"면부","남자","80~84",13441,172,2653,10036,580
"면부","남자","85세 이상",9566,58,1314,8084,110
"면부","여자","합계",374561,47912,43557,251376,31716
"면부","여자","20세 미만",1999,1999,-,-,-
"면부","여자","20~24",10530,10391,112,-,27
"면부","여자","25~29",8228,7689,454,-,85
"면부","여자","30~34",6157,4861,942,15,339
"면부","여자","35~39",6084,4229,1214,28,613
"면부","여자","40~44",6850,3675,1769,81,1325
"면부","여자","45~49",10074,3564,3189,381,2940
"면부","여자","50~54",15891,2894,6078,2035,4884
"면부","여자","55~59",25601,2744,8512,6929,7416
"면부","여자","60~64",34891,2582,8678,16696,6935
"면부","여자","65~69",36377,1616,5123,25642,3996
"면부","여자","70~74",42484,859,2963,36778,1884
"면부","여자","75~79",59598,480,2256,56078,784
"면부","여자","80~84",61625,228,1466,59576,355
"면부","여자","85세 이상",48172,101,801,47137,133
"서울특별시","계","합계",1390701,903917,114519,186947,185318
"서울특별시","계","20세 미만",14237,14237,-,-,-
"서울특별시","계","20~24",123938,123773,109,-,56
"서울특별시","계","25~29",238517,236454,1467,32,564
"서울특별시","계","30~34",183573,175875,5174,128,2396
"서울특별시","계","35~39",126485,112879,7983,208,5415
"서울특별시","계","40~44",91518,73318,8842,280,9078
"서울특별시","계","45~49",90186,59791,12427,781,17187
"서울특별시","계","50~54",82704,41576,13300,2422,25406
"서울특별시","계","55~59",84976,28051,15809,7143,33973
"서울특별시","계","60~64",94834,18890,18116,19232,38596
"서울특별시","계","65~69",77047,10113,12663,27406,26865
"서울특별시","계","70~74",65469,4682,8922,36903,14962
"서울특별시","계","75~79",54109,2690,5061,38876,7482
"서울특별시","계","80~84",37968,1079,3063,31272,2554
"서울특별시","계","85세 이상",25140,509,1583,22264,784
"서울특별시","남자","합계",650999,463781,62174,30264,94780
"서울특별시","남자","20세 미만",5345,5345,-,-,-
"서울특별시","남자","20~24",42602,42542,27,-,33
"서울특별시","남자","25~29",114318,113471,635,15,197
"서울특별시","남자","30~34",102247,98384,2836,74,953
"서울특별시","남자","35~39",70540,62719,5118,156,2547
"서울특별시","남자","40~44",51144,40501,5733,140,4770
"서울특별시","남자","45~49",52330,35776,8037,170,8347
"서울특별시","남자","50~54",48793,26730,8078,644,13341
"서울특별시","남자","55~59",46352,18754,8189,1490,17919
"서울특별시","남자","60~64",42318,11270,8532,3208,19308
"서울특별시","남자","65~69",28985,4940,5816,4176,14053
"서울특별시","남자","70~74",20181,2071,4180,5912,8018
"서울특별시","남자","75~79",13245,941,2480,6034,3790
"서울특별시","남자","80~84",7863,278,1684,4671,1230
"서울특별시","남자","85세 이상",4736,59,829,3574,274
"서울특별시","여자","합계",739702,440136,52345,156683,90538
"서울특별시","여자","20세 미만",8892,8892,-,-,-
"서울특별시","여자","20~24",81336,81231,82,-,23
"서울특별시","여자","25~29",124199,122983,832,17,367
"서울특별시","여자","30~34",81326,77491,2338,54,1443
"서울특별시","여자","35~39",55945,50160,2865,52,2868
"서울특별시","여자","40~44",40374,32817,3109,140,4308
"서울특별시","여자","45~49",37856,24015,4390,611,8840
"서울특별시","여자","50~54",33911,14846,5222,1778,12065
"서울특별시","여자","55~59",38624,9297,7620,5653,16054
"서울특별시","여자","60~64",52516,7620,9584,16024,19288
"서울특별시","여자","65~69",48062,5173,6847,23230,12812
"서울특별시","여자","70~74",45288,2611,4742,30991,6944
"서울특별시","여자","75~79",40864,1749,2581,32842,3692
"서울특별시","여자","80~84",30105,801,1379,26601,1324
"서울특별시","여자","85세 이상",20404,450,754,18690,510
"부산광역시","계","합계",455207,213423,48634,109292,83858
"부산광역시","계","20세 미만",4513,4513,-,-,-
"부산광역시","계","20~24",36903,36835,36,-,32
"부산광역시","계","25~29",46740,46137,431,18,154
"부산광역시","계","30~34",33655,31265,1659,24,707
"부산광역시","계","35~39",27809,23398,2224,79,2108
"부산광역시","계","40~44",24544,18445,2852,125,3122
"부산광역시","계","45~49",28650,17059,4182,371,7038
"부산광역시","계","50~54",31838,13092,6146,1614,10986
"부산광역시","계","55~59",37611,8990,7938,4992,15691
"부산광역시","계","60~64",46987,6661,8692,12723,18911
"부산광역시","계","65~69",41298,3717,6303,17880,13398
"부산광역시","계","70~74",34080,1752,3941,21410,6977
"부산광역시","계","75~79",28761,965,2437,22302,3057
"부산광역시","계","80~84",20250,397,1312,17193,1348
"부산광역시","계","85세 이상",11568,197,481,10561,329
"부산광역시","남자","합계",206311,120841,25112,16925,43433
"부산광역시","남자","20세 미만",1863,1863,-,-,-
"부산광역시","남자","20~24",15709,15675,12,-,22
"부산광역시","남자","25~29",24621,24396,157,18,50
"부산광역시","남자","30~34",20296,19164,860,24,248
"부산광역시","남자","35~39",16917,14429,1314,51,1123
"부산광역시","남자","40~44",15010,11450,1907,44,1609
"부산광역시","남자","45~49",16979,10818,2494,116,3551
"부산광역시","남자","50~54",18453,8954,3565,331,5603
"부산광역시","남자","55~59",19225,6377,3846,908,8094
"부산광역시","남자","60~64",20026,4393,3940,1974,9719
"부산광역시","남자","65~69",15015,2002,2900,2968,7145
"부산광역시","남자","70~74",9789,863,1919,3140,3867
"부산광역시","남자","75~79",6395,358,1202,3161,1674
"부산광역시","남자","80~84",3872,72,710,2487,603
"부산광역시","남자","85세 이상",2141,27,286,1703,125
"부산광역시","여자","합계",248896,92582,23522,92367,40425
"부산광역시","여자","20세 미만",2650,2650,-,-,-
"부산광역시","여자","20~24",21194,21160,24,-,10
"부산광역시","여자","25~29",22119,21741,274,-,104
"부산광역시","여자","30~34",13359,12101,799,-,459
"부산광역시","여자","35~39",10892,8969,910,28,985
"부산광역시","여자","40~44",9534,6995,945,81,1513
"부산광역시","여자","45~49",11671,6241,1688,255,3487
"부산광역시","여자","50~54",13385,4138,2581,1283,5383
"부산광역시","여자","55~59",18386,2613,4092,4084,7597
"부산광역시","여자","60~64",26961,2268,4752,10749,9192
"부산광역시","여자","65~69",26283,1715,3403,14912,6253
"부산광역시","여자","70~74",24291,889,2022,18270,3110
"부산광역시","여자","75~79",22366,607,1235,19141,1383
"부산광역시","여자","80~84",16378,325,602,14706,745
"부산광역시","여자","85세 이상",9427,170,195,8858,204
"대구광역시","계","합계",304543,142145,36915,71981,53502
"대구광역시","계","20세 미만",2757,2757,-,-,-
"대구광역시","계","20~24",21684,21620,50,4,10
"대구광역시","계","25~29",31704,31088,430,12,174
"대구광역시","계","30~34",23990,22184,1292,52,462
"대구광역시","계","35~39",19702,16412,2168,42,1080
"대구광역시","계","40~44",18143,13104,2435,94,2510
"대구광역시","계","45~49",21874,12980,3665,356,4873
"대구광역시","계","50~54",24351,8980,5424,1179,8768
"대구광역시","계","55~59",27615,5908,6238,3832,11637
"대구광역시","계","60~64",29264,3503,6441,8065,11255
"대구광역시","계","65~69",24493,1735,4013,11599,7146
"대구광역시","계","70~74",19568,999,2312,12978,3279
"대구광역시","계","75~79",17391,499,1357,14129,1406
"대구광역시","계","80~84",13637,255,741,11981,660
"대구광역시","계","85세 이상",8370,121,349,7658,242
"대구광역시","남자","합계",140952,83976,19214,10845,26917
"대구광역시","남자","20세 미만",1219,1219,-,-,-
"대구광역시","남자","20~24",9202,9195,4,-,3
"대구광역시","남자","25~29",17456,17249,140,9,58
"대구광역시","남자","30~34",15489,14578,702,32,177
"대구광역시","남자","35~39",12459,10511,1437,30,481
"대구광역시","남자","40~44",11244,8507,1526,19,1192
"대구광역시","남자","45~49",13208,8593,2259,87,2269
"대구광역시","남자","50~54",13982,6230,2996,298,4458
"대구광역시","남자","55~59",13571,4218,2868,753,5732
"대구광역시","남자","60~64",12107,2206,2847,1389,5665
"대구광역시","남자","65~69",8256,897,1976,1682,3701
"대구광역시","남자","70~74",5310,386,1148,1884,1892
"대구광역시","남자","75~79",3545,111,696,1944,794
"대구광역시","남자","80~84",2396,55,394,1580,367
"대구광역시","남자","85세 이상",1508,21,221,1138,128
"대구광역시","여자","합계",163591,58169,17701,61136,26585
"대구광역시","여자","20세 미만",1538,1538,-,-,-
"대구광역시","여자","20~24",12482,12425,46,4,7
"대구광역시","여자","25~29",14248,13839,290,3,116
"대구광역시","여자","30~34",8501,7606,590,20,285
"대구광역시","여자","35~39",7243,5901,731,12,599
"대구광역시","여자","40~44",6899,4597,909,75,1318
"대구광역시","여자","45~49",8666,4387,1406,269,2604
"대구광역시","여자","50~54",10369,2750,2428,881,4310
"대구광역시","여자","55~59",14044,1690,3370,3079,5905
"대구광역시","여자","60~64",17157,1297,3594,6676,5590
"대구광역시","여자","65~69",16237,838,2037,9917,3445
"대구광역시","여자","70~74",14258,613,1164,11094,1387
"대구광역시","여자","75~79",13846,388,661,12185,612
"대구광역시","여자","80~84",11241,200,347,10401,293
"대구광역시","여자","85세 이상",6862,100,128,6520,114
"인천광역시","계","합계",324841,158585,37049,59400,69807
"인천광역시","계","20세 미만",2469,2469,-,-,-
"인천광역시","계","20~24",17300,17196,52,-,52
"인천광역시","계","25~29",34217,33466,407,-,344
"인천광역시","계","30~34",28844,26538,1387,24,895
"인천광역시","계","35~39",25483,21240,2139,36,2068
"인천광역시","계","40~44",23655,16718,2611,72,4254
"인천광역시","계","45~49",26709,15347,4086,327,6949
"인천광역시","계","50~54",27592,10716,5340,1016,10520
"인천광역시","계","55~59",30473,6894,6032,3055,14492
"인천광역시","계","60~64",31801,4202,6445,6980,14174
"인천광역시","계","65~69",22911,1959,3453,8867,8632
"인천광역시","계","70~74",18468,889,2508,10552,4519
"인천광역시","계","75~79",15499,496,1377,11580,2046
"인천광역시","계","80~84",11459,314,698,9781,666
"인천광역시","계","85세 이상",7961,141,514,7110,196
"인천광역시","남자","합계",168675,99828,21822,9799,37226
"인천광역시","남자","20세 미만",1130,1130,-,-,-
"인천광역시","남자","20~24",7565,7508,45,-,12
"인천광역시","남자","25~29",19485,19184,202,-,99
"인천광역시","남자","30~34",18969,17706,883,17,363
"인천광역시","남자","35~39",17076,14369,1490,12,1205
"인천광역시","남자","40~44",15500,11498,1672,35,2295
"인천광역시","남자","45~49",17368,10966,2709,130,3563
"인천광역시","남자","50~54",17090,7953,3339,254,5544
"인천광역시","남자","55~59",16753,5024,3311,580,7838
"인천광역시","남자","60~64",14901,2758,3448,1357,7338
"인천광역시","남자","65~69",9335,1119,1884,1487,4845
"인천광역시","남자","70~74",5969,329,1436,1663,2541
"인천광역시","남자","75~79",3823,174,766,1748,1135
"인천광역시","남자","80~84",2247,82,341,1474,350
"인천광역시","남자","85세 이상",1464,28,296,1042,98
"인천광역시","여자","합계",156166,58757,15227,49601,32581
"인천광역시","여자","20세 미만",1339,1339,-,-,-
"인천광역시","여자","20~24",9735,9688,7,-,40
"인천광역시","여자","25~29",14732,14282,205,-,245
"인천광역시","여자","30~34",9875,8832,504,7,532
"인천광역시","여자","35~39",8407,6871,649,24,863
"인천광역시","여자","40~44",8155,5220,939,37,1959
"인천광역시","여자","45~49",9341,4381,1377,197,3386
"인천광역시","여자","50~54",10502,2763,2001,762,4976
"인천광역시","여자","55~59",13720,1870,2721,2475,6654
"인천광역시","여자","60~64",16900,1444,2997,5623,6836
"인천광역시","여자","65~69",13576,840,1569,7380,3787
"인천광역시","여자","70~74",12499,560,1072,8889,1978
"인천광역시","여자","75~79",11676,322,611,9832,911
"인천광역시","여자","80~84",9212,232,357,8307,316
"인천광역시","여자","85세 이상",6497,113,218,6068,98
"광주광역시","계","합계",193948,101032,27745,36077,29094
"광주광역시","계","20세 미만",2761,2761,-,-,-
"광주광역시","계","20~24",17982,17924,34,-,24
"광주광역시","계","25~29",23291,22762,334,5,190
"광주광역시","계","30~34",17700,15953,1278,21,448
"광주광역시","계","35~39",15817,12748,2049,69,951
"광주광역시","계","40~44",13684,9796,1925,61,1902
"광주광역시","계","45~49",14641,7608,3263,195,3575
"광주광역시","계","50~54",14868,5138,4229,594,4907
"광주광역시","계","55~59",15300,2847,4740,1879,5834
"광주광역시","계","60~64",15680,1726,4244,3997,5713
"광주광역시","계","65~69",11841,1052,2351,5208,3230
"광주광역시","계","70~74",10222,350,1571,6828,1473
"광주광역시","계","75~79",9110,215,1092,7190,613
"광주광역시","계","80~84",6657,93,458,5915,191
"광주광역시","계","85세 이상",4394,59,177,4115,43
"광주광역시","남자","합계",96817,60421,14991,5856,15549
"광주광역시","남자","20세 미만",1231,1231,-,-,-
"광주광역시","남자","20~24",7548,7548,-,-,-
"광주광역시","남자","25~29",12753,12573,120,-,60
"광주광역시","남자","30~34",11320,10306,758,16,240
"광주광역시","남자","35~39",10407,8643,1306,18,440
"광주광역시","남자","40~44",9019,6787,1241,22,969
"광주광역시","남자","45~49",9456,5548,1908,68,1932
"광주광역시","남자","50~54",8933,3774,2424,156,2579
"광주광역시","남자","55~59",7752,2018,2450,353,2931
"광주광역시","남자","60~64",7020,1094,2004,798,3124
"광주광역시","남자","65~69",4435,592,1144,790,1909
"광주광역시","남자","70~74",2928,176,788,1081,883
"광주광역시","남자","75~79",1989,85,519,1029,356
"광주광역시","남자","80~84",1247,44,216,878,109
"광주광역시","남자","85세 이상",779,2,113,647,17
"광주광역시","여자","합계",97131,40611,12754,30221,13545
"광주광역시","여자","20세 미만",1530,1530,-,-,-
"광주광역시","여자","20~24",10434,10376,34,-,24
"광주광역시","여자","25~29",10538,10189,214,5,130
"광주광역시","여자","30~34",6380,5647,520,5,208
"광주광역시","여자","35~39",5410,4105,743,51,511
"광주광역시","여자","40~44",4665,3009,684,39,933
"광주광역시","여자","45~49",5185,2060,1355,127,1643
"광주광역시","여자","50~54",5935,1364,1805,438,2328
"광주광역시","여자","55~59",7548,829,2290,1526,2903
"광주광역시","여자","60~64",8660,632,2240,3199,2589
"광주광역시","여자","65~69",7406,460,1207,4418,1321
"광주광역시","여자","70~74",7294,174,783,5747,590
"광주광역시","여자","75~79",7121,130,573,6161,257
"광주광역시","여자","80~84",5410,49,242,5037,82
"광주광역시","여자","85세 이상",3615,57,64,3468,26
"대전광역시","계","합계",228842,136451,26473,34288,31630
"대전광역시","계","20세 미만",7850,7850,-,-,-
"대전광역시","계","20~24",35082,35039,18,-,25
"대전광역시","계","25~29",32800,32063,546,12,179
"대전광역시","계","30~34",21864,20296,1159,15,394
"대전광역시","계","35~39",15705,12727,1923,57,998
"대전광역시","계","40~44",12747,9106,1955,89,1597
"대전광역시","계","45~49",14219,7473,3290,208,3248
"대전광역시","계","50~54",14613,4856,3901,756,5100
"대전광역시","계","55~59",15647,3169,4356,1786,6336
"대전광역시","계","60~64",16701,2019,3990,4094,6598
"대전광역시","계","65~69",12595,962,2503,5093,4037
"대전광역시","계","70~74",9846,458,1270,6095,2023
"대전광역시","계","75~79",8534,253,796,6689,796
"대전광역시","계","80~84",6339,74,479,5583,203
"대전광역시","계","85세 이상",4300,106,287,3811,96
"대전광역시","남자","합계",116257,79296,15005,6255,15701
"대전광역시","남자","20세 미만",3804,3804,-,-,-
"대전광역시","남자","20~24",16480,16461,6,-,13
"대전광역시","남자","25~29",19139,18788,208,12,131
"대전광역시","남자","30~34",14274,13420,660,-,194
"대전광역시","남자","35~39",10008,8247,1175,16,570
"대전광역시","남자","40~44",7989,5813,1313,44,819
"대전광역시","남자","45~49",8728,4949,2101,59,1619
"대전광역시","남자","50~54",8413,3433,2307,167,2506
"대전광역시","남자","55~59",7979,2198,2337,408,3036
"대전광역시","남자","60~64",7373,1371,1988,840,3174
"대전광역시","남자","65~69",4730,466,1280,928,2056
"대전광역시","남자","70~74",3081,248,758,1064,1011
"대전광역시","남자","75~79",2008,79,420,1094,415
"대전광역시","남자","80~84",1360,4,238,984,134
"대전광역시","남자","85세 이상",891,15,214,639,23
"대전광역시","여자","합계",112585,57155,11468,28033,15929
"대전광역시","여자","20세 미만",4046,4046,-,-,-
"대전광역시","여자","20~24",18602,18578,12,-,12
"대전광역시","여자","25~29",13661,13275,338,-,48
"대전광역시","여자","30~34",7590,6876,499,15,200
"대전광역시","여자","35~39",5697,4480,748,41,428
"대전광역시","여자","40~44",4758,3293,642,45,778
"대전광역시","여자","45~49",5491,2524,1189,149,1629
"대전광역시","여자","50~54",6200,1423,1594,589,2594
"대전광역시","여자","55~59",7668,971,2019,1378,3300
"대전광역시","여자","60~64",9328,648,2002,3254,3424
"대전광역시","여자","65~69",7865,496,1223,4165,1981
"대전광역시","여자","70~74",6765,210,512,5031,1012
"대전광역시","여자","75~79",6526,174,376,5595,381
"대전광역시","여자","80~84",4979,70,241,4599,69
"대전광역시","여자","85세 이상",3409,91,73,3172,73
"울산광역시","계","합계",122848,55603,20049,23301,23895
"울산광역시","계","20세 미만",540,540,-,-,-
"울산광역시","계","20~24",5539,5522,7,-,10
"울산광역시","계","25~29",12167,11813,224,10,120
"울산광역시","계","30~34",10970,9886,757,6,321
"울산광역시","계","35~39",9900,8104,1086,36,674
"울산광역시","계","40~44",9416,6332,1654,33,1397
"울산광역시","계","45~49",10769,5280,2423,168,2898
"울산광역시","계","50~54",11342,3500,3245,528,4069
"울산광역시","계","55~59",12058,1938,3828,1492,4800
"울산광역시","계","60~64",12760,1549,3271,3109,4831
"울산광역시","계","65~69",9453,713,1821,4070,2849
"울산광역시","계","70~74",6818,252,917,4361,1288
"울산광역시","계","75~79",5296,90,483,4262,461
"울산광역시","계","80~84",3670,49,221,3263,137
"울산광역시","계","85세 이상",2150,35,112,1963,40
"울산광역시","남자","합계",68070,38774,13042,3892,12362
"울산광역시","남자","20세 미만",369,369,-,-,-
"울산광역시","남자","20~24",3010,3003,2,-,5
"울산광역시","남자","25~29",8019,7818,132,6,63
"울산광역시","남자","30~34",7992,7287,555,-,150
"울산광역시","남자","35~39",7273,6033,805,21,414
"울산광역시","남자","40~44",6643,4634,1239,17,753
"울산광역시","남자","45~49",7119,3891,1683,71,1474
"울산광역시","남자","50~54",7044,2659,2159,167,2059
"울산광역시","남자","55~59",6485,1385,2404,313,2383
"울산광역시","남자","60~64",5937,1052,1935,504,2446
"울산광역시","남자","65~69",3655,412,1023,687,1533
"울산광역시","남자","70~74",2225,157,621,707,740
"울산광역시","남자","75~79",1250,46,282,675,247
"울산광역시","남자","80~84",699,28,130,479,62
"울산광역시","남자","85세 이상",350,-,72,245,33
"울산광역시","여자","합계",54778,16829,7007,19409,11533
"울산광역시","여자","20세 미만",171,171,-,-,-
"울산광역시","여자","20~24",2529,2519,5,-,5
"울산광역시","여자","25~29",4148,3995,92,4,57
"울산광역시","여자","30~34",2978,2599,202,6,171
"울산광역시","여자","35~39",2627,2071,281,15,260
"울산광역시","여자","40~44",2773,1698,415,16,644
"울산광역시","여자","45~49",3650,1389,740,97,1424
"울산광역시","여자","50~54",4298,841,1086,361,2010
"울산광역시","여자","55~59",5573,553,1424,1179,2417
"울산광역시","여자","60~64",6823,497,1336,2605,2385
"울산광역시","여자","65~69",5798,301,798,3383,1316
"울산광역시","여자","70~74",4593,95,296,3654,548
"울산광역시","여자","75~79",4046,44,201,3587,214
"울산광역시","여자","80~84",2971,21,91,2784,75
"울산광역시","여자","85세 이상",1800,35,40,1718,7
"세종특별자치시","계","합계",43577,27255,7667,4466,4189
"세종특별자치시","계","20세 미만",1330,1330,-,-,-
"세종특별자치시","계","20~24",6881,6881,-,-,-
"세종특별자치시","계","25~29",6623,6476,126,-,21
"세종특별자치시","계","30~34",5478,4761,628,7,82
"세종특별자치시","계","35~39",3855,2855,756,5,239
"세종특별자치시","계","40~44",3072,1988,772,6,306
"세종특별자치시","계","45~49",3017,1334,1131,19,533
"세종특별자치시","계","50~54",2825,694,1220,94,817
"세종특별자치시","계","55~59",2535,482,1106,215,732
"세종특별자치시","계","60~64",2321,255,876,471,719
"세종특별자치시","계","65~69",1686,125,557,642,362
"세종특별자치시","계","70~74",1274,25,240,753,256
"세종특별자치시","계","75~79",1117,35,166,829,87
"세종특별자치시","계","80~84",891,14,59,793,25
"세종특별자치시","계","85세 이상",672,-,30,632,10
"세종특별자치시","남자","합계",22724,15220,4670,727,2107
"세종특별자치시","남자","20세 미만",669,669,-,-,-
"세종특별자치시","남자","20~24",3297,3297,-,-,-
"세종특별자치시","남자","25~29",3688,3607,75,-,6
"세종특별자치시","남자","30~34",3489,3092,334,7,56
"세종특별자치시","남자","35~39",2426,1806,521,-,99
"세종특별자치시","남자","40~44",1841,1130,516,6,189
"세종특별자치시","남자","45~49",1745,731,735,12,267
"세종특별자치시","남자","50~54",1574,365,755,24,430
"세종특별자치시","남자","55~59",1317,290,622,37,368
"세종특별자치시","남자","60~64",1033,117,466,100,350
"세종특별자치시","남자","65~69",655,81,335,77,162
"세종특별자치시","남자","70~74",400,10,142,113,135
"세종특별자치시","남자","75~79",287,25,106,119,37
"세종특별자치시","남자","80~84",169,-,45,116,8
"세종특별자치시","남자","85세 이상",134,-,18,116,-
"세종특별자치시","여자","합계",20853,12035,2997,3739,2082
"세종특별자치시","여자","20세 미만",661,661,-,-,-
"세종특별자치시","여자","20~24",3584,3584,-,-,-
"세종특별자치시","여자","25~29",2935,2869,51,-,15
"세종특별자치시","여자","30~34",1989,1669,294,-,26
"세종특별자치시","여자","35~39",1429,1049,235,5,140
"세종특별자치시","여자","40~44",1231,858,256,-,117
"세종특별자치시","여자","45~49",1272,603,396,7,266
"세종특별자치시","여자","50~54",1251,329,465,70,387
"세종특별자치시","여자","55~59",1218,192,484,178,364
"세종특별자치시","여자","60~64",1288,138,410,371,369
"세종특별자치시","여자","65~69",1031,44,222,565,200
"세종특별자치시","여자","70~74",874,15,98,640,121
"세종특별자치시","여자","75~79",830,10,60,710,50
"세종특별자치시","여자","80~84",722,14,14,677,17
"세종특별자치시","여자","85세 이상",538,-,12,516,10
"경기도","계","합계",1406010,731775,187869,226309,260057
"경기도","계","20세 미만",8710,8710,-,-,-
"경기도","계","20~24",71325,71005,200,5,115
"경기도","계","25~29",165901,162420,2465,42,974
"경기도","계","30~34",147266,135208,8370,108,3580
"경기도","계","35~39",124823,104119,11646,220,8838
"경기도","계","40~44",109713,78491,15062,556,15604
"경기도","계","45~49",119770,67376,21817,1279,29298
"경기도","계","50~54",118136,44509,26223,4298,43106
"경기도","계","55~59",121372,27495,30901,11309,51667
"경기도","계","60~64",122173,16744,30107,25288,50034
"경기도","계","65~69",89745,8154,18031,32621,30939
"경기도","계","70~74",71100,4063,10619,40202,16216
"경기도","계","75~79",60832,2047,6714,45233,6838
"경기도","계","80~84",45389,818,3832,38564,2175
"경기도","계","85세 이상",29755,616,1882,26584,673
"경기도","남자","합계",758076,468492,112657,38828,138099
"경기도","남자","20세 미만",3776,3776,-,-,-
"경기도","남자","20~24",32145,32034,81,5,25
"경기도","남자","25~29",99420,97912,1128,30,350
"경기도","남자","30~34",100520,93759,5038,66,1657
"경기도","남자","35~39",84639,71945,7885,99,4710
"경기도","남자","40~44",72288,53245,10231,234,8578
"경기도","남자","45~49",77270,46770,14618,454,15428
"경기도","남자","50~54",72926,32176,16445,1194,23111
"경기도","남자","55~59",67432,19641,18248,2169,27374
"경기도","남자","60~64",57891,10293,16867,4597,26134
"경기도","남자","65~69",35917,4136,9826,5546,16409
"경기도","남자","70~74",23000,1728,5667,6744,8861
"경기도","남자","75~79",15256,733,3518,7026,3979
"경기도","남자","80~84",9656,215,2046,6191,1204
"경기도","남자","85세 이상",5940,129,1059,4473,279
"경기도","여자","합계",647934,263283,75212,187481,121958
"경기도","여자","20세 미만",4934,4934,-,-,-
"경기도","여자","20~24",39180,38971,119,-,90
"경기도","여자","25~29",66481,64508,1337,12,624
"경기도","여자","30~34",46746,41449,3332,42,1923
"경기도","여자","35~39",40184,32174,3761,121,4128
"경기도","여자","40~44",37425,25246,4831,322,7026
"경기도","여자","45~49",42500,20606,7199,825,13870
"경기도","여자","50~54",45210,12333,9778,3104,19995
"경기도","여자","55~59",53940,7854,12653,9140,24293
"경기도","여자","60~64",64282,6451,13240,20691,23900
"경기도","여자","65~69",53828,4018,8205,27075,14530
"경기도","여자","70~74",48100,2335,4952,33458,7355
"경기도","여자","75~79",45576,1314,3196,38207,2859
"경기도","여자","80~84",35733,603,1786,32373,971
"경기도","여자","85세 이상",23815,487,823,22111,394
"강원도","계","합계",231371,93860,41588,59693,36230
"강원도","계","20세 미만",3110,3110,-,-,-
"강원도","계","20~24",23355,23281,50,-,24
"강원도","계","25~29",19192,18450,586,3,153
"강원도","계","30~34",13660,12093,1271,10,286
"강원도","계","35~39",11306,8495,2010,12,789
"강원도","계","40~44",11296,6704,2909,99,1584
"강원도","계","45~49",14512,6648,4040,270,3554
"강원도","계","50~54",18255,5234,6230,999,5792
"강원도","계","55~59",22059,4162,7832,3043,7022
"강원도","계","60~64",24382,3067,7316,6069,7930
"강원도","계","65~69",18579,1408,4357,7930,4884
"강원도","계","70~74",14964,712,2297,9543,2412
"강원도","계","75~79",15634,325,1548,12504,1257
"강원도","계","80~84",12578,101,797,11227,453
"강원도","계","85세 이상",8489,70,345,7984,90
"강원도","남자","합계",115678,59334,26604,9777,19963
"강원도","남자","20세 미만",1893,1893,-,-,-
"강원도","남자","20~24",12706,12682,19,-,5
"강원도","남자","25~29",12152,11766,333,-,53
"강원도","남자","30~34",8952,8166,659,-,127
"강원도","남자","35~39",7364,5437,1465,1,461
"강원도","남자","40~44",7266,4533,1933,12,788
"강원도","남자","45~49",9097,4637,2664,67,1729
"강원도","남자","50~54",11010,3803,3934,228,3045
"강원도","남자","55~59",12130,2949,4841,618,3722
"강원도","남자","60~64",12228,2115,4656,1155,4302
"강원도","남자","65~69",8091,788,2852,1511,2940
"강원도","남자","70~74",5051,337,1564,1494,1656
"강원도","남자","75~79",3761,161,983,1815,802
"강원도","남자","80~84",2482,30,499,1667,286
"강원도","남자","85세 이상",1495,37,202,1209,47
"강원도","여자","합계",115693,34526,14984,49916,16267
"강원도","여자","20세 미만",1217,1217,-,-,-
"강원도","여자","20~24",10649,10599,31,-,19
"강원도","여자","25~29",7040,6684,253,3,100
"강원도","여자","30~34",4708,3927,612,10,159
"강원도","여자","35~39",3942,3058,545,11,328
"강원도","여자","40~44",4030,2171,976,87,796
"강원도","여자","45~49",5415,2011,1376,203,1825
"강원도","여자","50~54",7245,1431,2296,771,2747
"강원도","여자","55~59",9929,1213,2991,2425,3300
"강원도","여자","60~64",12154,952,2660,4914,3628
"강원도","여자","65~69",10488,620,1505,6419,1944
"강원도","여자","70~74",9913,375,733,8049,756
"강원도","여자","75~79",11873,164,565,10689,455
"강원도","여자","80~84",10096,71,298,9560,167
"강원도","여자","85세 이상",6994,33,143,6775,43
"충청북도","계","합계",236208,109659,37351,54143,35055
"충청북도","계","20세 미만",4090,4090,-,-,-
"충청북도","계","20~24",22676,22518,116,-,42
"충청북도","계","25~29",26658,26194,321,8,135
"충청북도","계","30~34",18521,16764,1295,9,453
"충청북도","계","35~39",14585,11580,1821,18,1166
"충청북도","계","40~44",12949,8265,2485,71,2128
"충청북도","계","45~49",15312,7521,3720,260,3811
"충청북도","계","50~54",17924,4995,5908,1062,5959
"충청북도","계","55~59",20327,3525,6846,2709,7247
"충청북도","계","60~64",21150,2301,6764,5464,6621
"충청북도","계","65~69",16282,1084,3817,7212,4169
"충청북도","계","70~74",12642,456,2008,8178,2000
"충청북도","계","75~79",13505,231,1245,11143,886
"충청북도","계","80~84",11514,80,695,10406,333
"충청북도","계","85세 이상",8073,55,310,7603,105
"충청북도","남자","합계",122465,70629,23893,9399,18544
"충청북도","남자","20세 미만",2026,2026,-,-,-
"충청북도","남자","20~24",11581,11563,18,-,-
"충청북도","남자","25~29",17590,17329,176,-,85
"충청북도","남자","30~34",12866,11799,823,9,235
"충청북도","남자","35~39",9845,8024,1233,6,582
"충청북도","남자","40~44",8591,5730,1735,30,1096
"충청북도","남자","45~49",9681,5414,2414,60,1793
"충청북도","남자","50~54",10754,3702,3655,311,3086
"충청북도","남자","55~59",11137,2618,4231,602,3686
"충청북도","남자","60~64",10236,1538,4218,989,3491
"충청북도","남자","65~69",6830,553,2605,1153,2519
"충청북도","남자","70~74",4149,185,1326,1404,1234
"충청북도","남자","75~79",3244,112,827,1779,526
"충청북도","남자","80~84",2421,28,444,1767,182
"충청북도","남자","85세 이상",1514,8,188,1289,29
"충청북도","여자","합계",113743,39030,13458,44744,16511
"충청북도","여자","20세 미만",2064,2064,-,-,-
"충청북도","여자","20~24",11095,10955,98,-,42
"충청북도","여자","25~29",9068,8865,145,8,50
"충청북도","여자","30~34",5655,4965,472,-,218
"충청북도","여자","35~39",4740,3556,588,12,584
"충청북도","여자","40~44",4358,2535,750,41,1032
"충청북도","여자","45~49",5631,2107,1306,200,2018
"충청북도","여자","50~54",7170,1293,2253,751,2873
"충청북도","여자","55~59",9190,907,2615,2107,3561
"충청북도","여자","60~64",10914,763,2546,4475,3130
"충청북도","여자","65~69",9452,531,1212,6059,1650
"충청북도","여자","70~74",8493,271,682,6774,766
"충청북도","여자","75~79",10261,119,418,9364,360
"충청북도","여자","80~84",9093,52,251,8639,151
"충청북도","여자","85세 이상",6559,47,122,6314,76
"충청남도","계","합계",304973,137282,51520,73089,43082
"충청남도","계","20세 미만",4912,4912,-,-,-
"충청남도","계","20~24",26810,26672,97,-,41
"충청남도","계","25~29",30885,30009,613,12,251
"충청남도","계","30~34",25522,23137,1711,22,652
"충청남도","계","35~39",20646,16092,2788,105,1661
"충청남도","계","40~44",18007,11408,3956,83,2560
"충청남도","계","45~49",20237,9152,5735,339,5011
"충청남도","계","50~54",22102,6117,7966,1015,7004
"충청남도","계","55~59",25582,4156,9536,3166,8724
"충청남도","계","60~64",25799,2867,8041,6379,8512
"충청남도","계","65~69",20045,1383,4806,9041,4815
"충청남도","계","70~74",17619,797,2961,11315,2546
"충청남도","계","75~79",17741,422,1769,14565,985
"충청남도","계","80~84",16295,106,1030,14932,227
"충청남도","계","85세 이상",12771,52,511,12115,93
"충청남도","남자","합계",159737,88780,35096,12332,23529
"충청남도","남자","20세 미만",2211,2211,-,-,-
"충청남도","남자","20~24",12101,12051,30,-,20
"충청남도","남자","25~29",19786,19352,335,8,91
"충청남도","남자","30~34",18321,16863,1107,12,339
"충청남도","남자","35~39",15170,12073,2103,48,946
"충청남도","남자","40~44",12843,8473,2959,17,1394
"충청남도","남자","45~49",13567,6769,4100,132,2566
"충청남도","남자","50~54",13778,4620,5331,210,3617
"충청남도","남자","55~59",14652,3104,6393,614,4541
"충청남도","남자","60~64",13074,1890,5312,1203,4669
"충청남도","남자","65~69",8591,746,3366,1564,2915
"충청남도","남자","70~74",5905,371,2039,1849,1646
"충청남도","남자","75~79",4169,188,1103,2254,624
"충청남도","남자","80~84",3183,50,598,2396,139
"충청남도","남자","85세 이상",2386,19,320,2025,22
"충청남도","여자","합계",145236,48502,16424,60757,19553
"충청남도","여자","20세 미만",2701,2701,-,-,-
"충청남도","여자","20~24",14709,14621,67,-,21
"충청남도","여자","25~29",11099,10657,278,4,160
"충청남도","여자","30~34",7201,6274,604,10,313
"충청남도","여자","35~39",5476,4019,685,57,715
"충청남도","여자","40~44",5164,2935,997,66,1166
"충청남도","여자","45~49",6670,2383,1635,207,2445
"충청남도","여자","50~54",8324,1497,2635,805,3387
"충청남도","여자","55~59",10930,1052,3143,2552,4183
"충청남도","여자","60~64",12725,977,2729,5176,3843
"충청남도","여자","65~69",11454,637,1440,7477,1900
"충청남도","여자","70~74",11714,426,922,9466,900
"충청남도","여자","75~79",13572,234,666,12311,361
"충청남도","여자","80~84",13112,56,432,12536,88
"충청남도","여자","85세 이상",10385,33,191,10090,71
"전라북도","계","합계",255269,102736,40405,76029,36099
"전라북도","계","20세 미만",3667,3667,-,-,-
"전라북도","계","20~24",21885,21810,39,6,30
"전라북도","계","25~29",21128,20513,467,5,143
"전라북도","계","30~34",15539,13975,1189,6,369
"전라북도","계","35~39",13402,10625,1711,53,1013
"전라북도","계","40~44",13171,8700,2619,57,1795
"전라북도","계","45~49",16426,7991,4232,238,3965
"전라북도","계","50~54",18814,5738,6344,1000,5732
"전라북도","계","55~59",21310,4128,7142,2928,7112
"전라북도","계","60~64",23174,2711,6703,6251,7509
"전라북도","계","65~69",19255,1508,3981,9138,4628
"전라북도","계","70~74",19054,725,2785,13113,2431
"전라북도","계","75~79",18834,349,1779,15782,924
"전라북도","계","80~84",16847,194,977,15334,342
"전라북도","계","85세 이상",12763,102,437,12118,106
"전라북도","남자","합계",121764,65315,24831,11334,20284
"전라북도","남자","20세 미만",2075,2075,-,-,-
"전라북도","남자","20~24",11500,11467,2,6,25
"전라북도","남자","25~29",12367,12105,215,-,47
"전라북도","남자","30~34",10214,9412,628,-,174
"전라북도","남자","35~39",9055,7445,1073,8,529
"전라북도","남자","40~44",8829,6061,1840,23,905
"전라북도","남자","45~49",10753,5936,2704,55,2058
"전라북도","남자","50~54",11493,4375,3894,223,3001
"전라북도","남자","55~59",11798,3119,4198,551,3930
"전라북도","남자","60~64",11212,1839,4063,1042,4268
"전라북도","남자","65~69",7851,904,2562,1473,2912
"전라북도","남자","70~74",5887,390,1831,2051,1615
"전라북도","남자","75~79",3779,130,1003,2054,592
"전라북도","남자","80~84",2867,50,529,2097,191
"전라북도","남자","85세 이상",2084,7,289,1751,37
"전라북도","여자","합계",133505,37421,15574,64695,15815
"전라북도","여자","20세 미만",1592,1592,-,-,-
"전라북도","여자","20~24",10385,10343,37,-,5
"전라북도","여자","25~29",8761,8408,252,5,96
"전라북도","여자","30~34",5325,4563,561,6,195
"전라북도","여자","35~39",4347,3180,638,45,484
"전라북도","여자","40~44",4342,2639,779,34,890
"전라북도","여자","45~49",5673,2055,1528,183,1907
"전라북도","여자","50~54",7321,1363,2450,777,2731
"전라북도","여자","55~59",9512,1009,2944,2377,3182
"전라북도","여자","60~64",11962,872,2640,5209,3241
"전라북도","여자","65~69",11404,604,1419,7665,1716
"전라북도","여자","70~74",13167,335,954,11062,816
"전라북도","여자","75~79",15055,219,776,13728,332
"전라북도","여자","80~84",13980,144,448,13237,151
"전라북도","여자","85세 이상",10679,95,148,10367,69
"전라남도","계","합계",256633,80020,47614,95478,33521
"전라남도","계","20세 미만",2386,2386,-,-,-
"전라남도","계","20~24",12595,12441,133,-,21
"전라남도","계","25~29",16345,15822,428,-,95
"전라남도","계","30~34",12926,11154,1362,17,393
"전라남도","계","35~39",12505,9258,2279,56,912
"전라남도","계","40~44",12310,7547,3096,76,1591
"전라남도","계","45~49",15922,6944,5117,323,3538
"전라남도","계","50~54",19413,5655,7187,1173,5398
"전라남도","계","55~59",22648,3878,8371,3405,6994
"전라남도","계","60~64",24469,2655,8064,7000,6750
"전라남도","계","65~69",20765,1210,4765,10426,4364
"전라남도","계","70~74",21347,584,3397,15202,2164
"전라남도","계","75~79",24219,276,1832,21146,965
"전라남도","계","80~84",22384,163,1068,20935,218
"전라남도","계","85세 이상",16399,47,515,15719,118
"전라남도","남자","합계",120032,54869,31800,13959,19404
"전라남도","남자","20세 미만",1580,1580,-,-,-
"전라남도","남자","20~24",6779,6752,13,-,14
"전라남도","남자","25~29",9862,9571,231,-,60
"전라남도","남자","30~34",8877,7819,890,4,164
"전라남도","남자","35~39",8898,6840,1504,24,530
"전라남도","남자","40~44",8728,5591,2232,31,874
"전라남도","남자","45~49",10752,5570,3346,102,1734
"전라남도","남자","50~54",12374,4591,4499,262,3022
"전라남도","남자","55~59",13067,3099,5410,700,3858
"전라남도","남자","60~64",12741,2035,5412,1252,4042
"전라남도","남자","65~69",9007,869,3548,1735,2855
"전라남도","남자","70~74",6531,346,2477,2244,1464
"전라남도","남자","75~79",4747,148,1234,2739,626
"전라남도","남자","80~84",3625,44,667,2790,124
"전라남도","남자","85세 이상",2464,14,337,2076,37
"전라남도","여자","합계",136601,25151,15814,81519,14117
"전라남도","여자","20세 미만",806,806,-,-,-
"전라남도","여자","20~24",5816,5689,120,-,7
"전라남도","여자","25~29",6483,6251,197,-,35
"전라남도","여자","30~34",4049,3335,472,13,229
"전라남도","여자","35~39",3607,2418,775,32,382
"전라남도","여자","40~44",3582,1956,864,45,717
"전라남도","여자","45~49",5170,1374,1771,221,1804
"전라남도","여자","50~54",7039,1064,2688,911,2376
"전라남도","여자","55~59",9581,779,2961,2705,3136
"전라남도","여자","60~64",11728,620,2652,5748,2708
"전라남도","여자","65~69",11758,341,1217,8691,1509
"전라남도","여자","70~74",14816,238,920,12958,700
"전라남도","여자","75~79",19472,128,598,18407,339
"전라남도","여자","80~84",18759,119,401,18145,94
"전라남도","여자","85세 이상",13935,33,178,13643,81
"경상북도","계","합계",388791,150733,65084,119724,53250
"경상북도","계","20세 미만",5815,5815,-,-,-
"경상북도","계","20~24",29628,29473,92,-,63
"경상북도","계","25~29",30302,29540,576,12,174
"경상북도","계","30~34",24489,22052,1850,15,572
"경상북도","계","35~39",21512,16982,3030,55,1445
"경상북도","계","40~44",20200,13178,4067,127,2828
"경상북도","계","45~49",24467,11231,6946,504,5786
"경상북도","계","50~54",28856,8475,9700,1707,8974
"경상북도","계","55~59",34012,6066,11890,4796,11260
"경상북도","계","60~64",37436,4221,11279,11361,10575
"경상북도","계","65~69",31547,2025,7166,15661,6695
"경상북도","계","70~74",26971,913,3987,18828,3243
"경상북도","계","75~79",28348,495,2457,24241,1155
"경상북도","계","80~84",26306,184,1389,24350,383
"경상북도","계","85세 이상",18902,83,655,18067,97
"경상북도","남자","합계",188127,98567,42409,18566,28585
"경상북도","남자","20세 미만",3118,3118,-,-,-
"경상북도","남자","20~24",15591,15554,18,-,19
"경상북도","남자","25~29",19373,18964,338,-,71
"경상북도","남자","30~34",17237,15855,1132,12,238
"경상북도","남자","35~39",15055,12140,2126,23,766
"경상북도","남자","40~44",13657,9259,2929,43,1426
"경상북도","남자","45~49",15713,8131,4655,149,2778
"경상북도","남자","50~54",17363,6425,6114,359,4465
"경상북도","남자","55~59",18683,4487,7292,992,5912
"경상북도","남자","60~64",18070,2812,7276,1999,5983
"경상북도","남자","65~69",12580,1097,4855,2643,3985
"경상북도","남자","70~74",8327,442,2836,3068,1981
"경상북도","남자","75~79",5820,211,1609,3299,701
"경상북도","남자","80~84",4563,55,827,3450,231
"경상북도","남자","85세 이상",2977,17,402,2529,29
"경상북도","여자","합계",200664,52166,22675,101158,24665
"경상북도","여자","20세 미만",2697,2697,-,-,-
"경상북도","여자","20~24",14037,13919,74,-,44
"경상북도","여자","25~29",10929,10576,238,12,103
"경상북도","여자","30~34",7252,6197,718,3,334
"경상북도","여자","35~39",6457,4842,904,32,679
"경상북도","여자","40~44",6543,3919,1138,84,1402
"경상북도","여자","45~49",8754,3100,2291,355,3008
"경상북도","여자","50~54",11493,2050,3586,1348,4509
"경상북도","여자","55~59",15329,1579,4598,3804,5348
"경상북도","여자","60~64",19366,1409,4003,9362,4592
"경상북도","여자","65~69",18967,928,2311,13018,2710
"경상북도","여자","70~74",18644,471,1151,15760,1262
"경상북도","여자","75~79",22528,284,848,20942,454
"경상북도","여자","80~84",21743,129,562,20900,152
"경상북도","여자","85세 이상",15925,66,253,15538,68
"경상남도","계","합계",417737,158466,68937,117627,72707
"경상남도","계","20세 미만",2351,2351,-,-,-
"경상남도","계","20~24",18608,18564,27,-,17
"경상남도","계","25~29",31153,30387,556,6,204
"경상남도","계","30~34",28225,25325,2090,23,787
"경상남도","계","35~39",27074,21594,3424,66,1990
"경상남도","계","40~44",26380,17570,4684,142,3984
"경상남도","계","45~49",31778,15561,7641,528,8048
"경상남도","계","50~54",35644,10789,10588,1921,12346
"경상남도","계","55~59",39754,7208,12030,5707,14809
"경상남도","계","60~64",44047,4787,11897,12681,14682
"경상남도","계","65~69",35392,2473,7599,15896,9424
"경상남도","계","70~74",28948,1037,4366,19494,4051
"경상남도","계","75~79",27888,507,2318,23407,1656
"경상남도","계","80~84",23865,188,1201,21901,575
"경상남도","계","85세 이상",16630,125,516,15855,134
"경상남도","남자","합계",206071,106113,43175,17541,39242
"경상남도","남자","20세 미만",1237,1237,-,-,-
"경상남도","남자","20~24",9568,9561,7,-,-
"경상남도","남자","25~29",19112,18750,262,6,94
"경상남도","남자","30~34",19681,18024,1260,-,397
"경상남도","남자","35~39",19072,15532,2379,42,1119
"경상남도","남자","40~44",18347,12640,3306,59,2342
"경상남도","남자","45~49",20687,11558,4959,142,4028
"경상남도","남자","50~54",21402,8007,6589,400,6406
"경상남도","남자","55~59",21295,5331,7179,1050,7735
"경상남도","남자","60~64",20466,3188,7068,2290,7920
"경상남도","남자","65~69",14188,1417,4755,2622,5394
"경상남도","남자","70~74",8955,540,2870,3064,2481
"경상남도","남자","75~79",5680,253,1455,3005,967
"경상남도","남자","80~84",3847,55,727,2759,306
"경상남도","남자","85세 이상",2534,20,359,2102,53
"경상남도","여자","합계",211666,52353,25762,100086,33465
"경상남도","여자","20세 미만",1114,1114,-,-,-
"경상남도","여자","20~24",9040,9003,20,-,17
"경상남도","여자","25~29",12041,11637,294,-,110
"경상남도","여자","30~34",8544,7301,830,23,390
"경상남도","여자","35~39",8002,6062,1045,24,871
"경상남도","여자","40~44",8033,4930,1378,83,1642
"경상남도","여자","45~49",11091,4003,2682,386,4020
"경상남도","여자","50~54",14242,2782,3999,1521,5940
"경상남도","여자","55~59",18459,1877,4851,4657,7074
"경상남도","여자","60~64",23581,1599,4829,10391,6762
"경상남도","여자","65~69",21204,1056,2844,13274,4030
"경상남도","여자","70~74",19993,497,1496,16430,1570
"경상남도","여자","75~79",22208,254,863,20402,689
"경상남도","여자","80~84",20018,133,474,19142,269
"경상남도","여자","85세 이상",14096,105,157,13753,81
"제주특별자치도","계","합계",81855,37595,14922,13973,15365
"제주특별자치도","계","20세 미만",621,621,-,-,-
"제주특별자치도","계","20~24",3928,3868,38,-,22
"제주특별자치도","계","25~29",7487,7219,192,-,76
"제주특별자치도","계","30~34",6094,5436,440,13,205
"제주특별자치도","계","35~39",6418,5073,916,30,399
"제주특별자치도","계","40~44",6452,4296,1191,45,920
"제주특별자치도","계","45~49",8010,4003,1998,155,1854
"제주특별자치도","계","50~54",8682,3013,2543,243,2883
"제주특별자치도","계","55~59",8257,1835,2664,743,3015
"제주특별자치도","계","60~64",7723,1105,2185,1409,3024
"제주특별자치도","계","65~69",5350,578,1347,1753,1672
"제주특별자치도","계","70~74",4134,311,686,2358,779
"제주특별자치도","계","75~79",3368,155,370,2483,360
"제주특별자치도","계","80~84",2798,29,238,2427,104
"제주특별자치도","계","85세 이상",2533,53,114,2314,52
"제주특별자치도","남자","합계",41643,21978,9428,2209,8028
"제주특별자치도","남자","20세 미만",308,308,-,-,-
"제주특별자치도","남자","20~24",1645,1619,26,-,-
"제주특별자치도","남자","25~29",4049,3985,62,-,2
"제주특별자치도","남자","30~34",3729,3381,256,-,92
"제주특별자치도","남자","35~39",3896,3079,564,25,228
"제주특별자치도","남자","40~44",3958,2619,805,15,519
"제주특별자치도","남자","45~49",4857,2435,1322,62,1038
"제주특별자치도","남자","50~54",5095,1882,1717,47,1449
"제주특별자치도","남자","55~59",4592,1287,1665,149,1491
"제주특별자치도","남자","60~64",3884,736,1319,198,1631
"제주특별자치도","남자","65~69",2376,332,870,339,835
"제주특별자치도","남자","70~74",1440,206,404,369,461
"제주특별자치도","남자","75~79",886,76,221,374,215
"제주특별자치도","남자","80~84",559,1,121,383,54
"제주특별자치도","남자","85세 이상",369,32,76,248,13
"제주특별자치도","여자","합계",40212,15617,5494,11764,7337
"제주특별자치도","여자","20세 미만",313,313,-,-,-
"제주특별자치도","여자","20~24",2283,2249,12,-,22
"제주특별자치도","여자","25~29",3438,3234,130,-,74
"제주특별자치도","여자","30~34",2365,2055,184,13,113
"제주특별자치도","여자","35~39",2522,1994,352,5,171
"제주특별자치도","여자","40~44",2494,1677,386,30,401
"제주특별자치도","여자","45~49",3153,1568,676,93,816
"제주특별자치도","여자","50~54",3587,1131,826,196,1434
"제주특별자치도","여자","55~59",3665,548,999,594,1524
"제주특별자치도","여자","60~64",3839,369,866,1211,1393
"제주특별자치도","여자","65~69",2974,246,477,1414,837
"제주특별자치도","여자","70~74",2694,105,282,1989,318
"제주특별자치도","여자","75~79",2482,79,149,2109,145
"제주특별자치도","여자","80~84",2239,28,117,2044,50
"제주특별자치도","여자","85세 이상",2164,21,38,2066,39
