"행정구역별","성별","연령별",2020,2020,2020,2020,2020,2020,2020,2020,2020,2020,2020,2020
"행정구역별","성별","연령별",취업 1인가구(15세 이상)-계,관리자,전문가 및 관련 종사자,사무 종사자,서비스 종사자,판매 종사자,농림어업 숙련 종사자,기능원 및 관련 기능 종사자,장치·기계조작 및 조립 종사자,단순 노무 종사자,기타,미상
"전국","계","합계",4109902,26077,883897,786364,551463,400172,138491,366781,468436,468192,20029,-
"전국","계","15~19세",20264,89,1769,3191,6520,2972,100,1005,2148,2469,1,-
"전국","계","20~24세",253801,404,63202,51700,54020,28627,923,13188,20584,17277,3876,-
"전국","계","25~29세",635578,1600,222326,156171,72475,54575,2102,38052,55211,26485,6581,-
"전국","계","30~34세",545083,1767,180452,143883,52053,50149,2360,35688,52722,22656,3353,-
"전국","계","35~39세",430971,2022,117109,105985,42916,45547,3176,37399,50449,24653,1715,-
"전국","계","40~44세",360478,2453,83364,80470,37025,39507,3896,38466,47453,26093,1751,-
"전국","계","45~49세",387582,3393,72895,79432,43622,43651,6521,48163,55187,33168,1550,-
"전국","계","50~54세",382982,4724,57286,65526,51948,40600,10913,50606,57043,43372,964,-
"전국","계","55~59세",375025,4958,42655,48417,65037,36884,17042,47477,56597,55744,214,-
"전국","계","60~64세",324102,3029,25280,30130,64846,29841,23374,35818,42911,68859,14,-
"전국","계","65~69세",181482,967,10377,13143,35079,14619,21505,13868,19513,52401,10,-
"전국","계","70세 이상",212554,671,7182,8316,25922,13200,46579,7051,8618,95015,-,-
"전국","남자","합계",2353968,19594,457016,421210,191676,205632,83522,318155,394624,244689,17850,-
"전국","남자","15~19세",8492,85,834,1211,1788,968,66,657,1578,1304,1,-
"전국","남자","20~24세",98303,268,14728,15055,18861,10435,660,9839,15129,10079,3249,-
"전국","남자","25~29세",346007,1269,101092,71695,37417,30204,1718,32854,45019,18912,5827,-
"전국","남자","30~34세",351643,1469,104993,82442,30868,31971,1968,32319,45202,17441,2970,-
"전국","남자","35~39세",285438,1579,69042,61323,22796,29051,2722,34138,44147,19050,1590,-
"전국","남자","40~44세",237666,1836,46382,46673,17742,23629,3408,35421,41419,19535,1621,-
"전국","남자","45~49세",252597,2640,40083,46309,16598,23972,5649,43962,47350,24549,1485,-
"전국","남자","50~54세",240915,3670,30121,39576,15172,20218,9010,44671,47996,29595,886,-
"전국","남자","55~59세",215411,3463,23334,29004,13105,15628,12956,40189,46477,31057,198,-
"전국","남자","60~64세",165357,2153,15254,16464,8813,10395,15793,28827,36321,31324,13,-
"전국","남자","65~69세",84120,662,6525,7232,4829,5444,11962,10615,16775,20066,10,-
"전국","남자","70세 이상",68019,500,4628,4226,3687,3717,17610,4663,7211,21777,-,-
"전국","여자","합계",1755934,6483,426881,365154,359787,194540,54969,48626,73812,223503,2179,-
"전국","여자","15~19세",11772,4,935,1980,4732,2004,34,348,570,1165,-,-
"전국","여자","20~24세",155498,136,48474,36645,35159,18192,263,3349,5455,7198,627,-
"전국","여자","25~29세",289571,331,121234,84476,35058,24371,384,5198,10192,7573,754,-
"전국","여자","30~34세",193440,298,75459,61441,21185,18178,392,3369,7520,5215,383,-
"전국","여자","35~39세",145533,443,48067,44662,20120,16496,454,3261,6302,5603,125,-
"전국","여자","40~44세",122812,617,36982,33797,19283,15878,488,3045,6034,6558,130,-
"전국","여자","45~49세",134985,753,32812,33123,27024,19679,872,4201,7837,8619,65,-
"전국","여자","50~54세",142067,1054,27165,25950,36776,20382,1903,5935,9047,13777,78,-
"전국","여자","55~59세",159614,1495,19321,19413,51932,21256,4086,7288,10120,24687,16,-
"전국","여자","60~64세",158745,876,10026,13666,56033,19446,7581,6991,6590,37535,1,-
"전국","여자","65~69세",97362,305,3852,5911,30250,9175,9543,3253,2738,32335,-,-
"전국","여자","70세 이상",144535,171,2554,4090,22235,9483,28969,2388,1407,73238,-,-
"동부","계","합계",3327975,20156,779387,676901,452336,349168,24574,296304,355119,365902,8128,-
"동부","계","15~19세",17219,82,1609,2700,5805,2655,44,856,1414,2054,-,-
"동부","계","20~24세",222348,344,57183,45802,49192,26382,401,11084,15337,15495,1128,-
"동부","계","25~29세",563680,1435,202508,139492,66131,50869,1073,32642,43599,23376,2555,-
"동부","계","30~34세",479832,1559,164299,128098,46299,46337,934,30441,40410,19831,1624,-
"동부","계","35~39세",370492,1779,105603,92517,37220,40957,1098,30931,38747,20834,806,-
"동부","계","40~44세",301593,1962,73869,68761,31000,34875,1178,31745,35750,21662,791,-
"동부","계","45~49세",314705,2810,62420,66854,35079,37471,1912,38922,41460,27110,667,-
"동부","계","50~54세",298350,3444,47061,53098,39869,34169,2555,40171,42615,34924,444,-
"동부","계","55~59세",280236,3378,32738,38362,48891,30243,3329,36664,41984,44544,103,-
"동부","계","60~64세",236273,2221,19225,23777,48755,24233,4164,27305,32199,54387,7,-
"동부","계","65~69세",124457,666,7656,10704,25673,11488,3169,10365,14914,39819,3,-
"동부","계","70세 이상",118790,476,5216,6736,18422,9489,4717,5178,6690,61866,-,-
"동부","남자","합계",1869611,15016,395387,350146,159595,177547,16045,255411,297506,195703,7255,-
"동부","남자","15~19세",6821,78,781,983,1505,841,24,549,1029,1031,-,-
"동부","남자","20~24세",81357,231,12947,12745,16927,9298,214,8054,11042,8932,967,-
"동부","남자","25~29세",297654,1125,90237,62369,33692,27789,813,27906,35084,16428,2211,-
"동부","남자","30~34세",303052,1295,94640,71548,27278,29257,720,27395,34327,15150,1442,-
"동부","남자","35~39세",239556,1398,61643,51823,19611,25847,832,28076,33640,15949,737,-
"동부","남자","40~44세",193765,1437,40591,38617,14724,20438,976,29148,30893,16203,738,-
"동부","남자","45~49세",200512,2149,34144,37823,13339,20123,1586,35389,35372,19953,634,-
"동부","남자","50~54세",183140,2644,24193,31178,11303,16606,2047,35173,35904,23673,419,-
"동부","남자","55~59세",155291,2356,17326,21991,9516,12478,2326,30695,34334,24172,97,-
"동부","남자","60~64세",114075,1537,11036,12224,6107,8091,2703,21676,27270,23424,7,-
"동부","남자","65~69세",55458,415,4654,5599,3224,4071,1684,7874,12906,15028,3,-
"동부","남자","70세 이상",38930,351,3195,3246,2369,2708,2120,3476,5705,15760,-,-
"동부","여자","합계",1458364,5140,384000,326755,292741,171621,8529,40893,57613,170199,873,-
"동부","여자","15~19세",10398,4,828,1717,4300,1814,20,307,385,1023,-,-
"동부","여자","20~24세",140991,113,44236,33057,32265,17084,187,3030,4295,6563,161,-
"동부","여자","25~29세",266026,310,112271,77123,32439,23080,260,4736,8515,6948,344,-
"동부","여자","30~34세",176780,264,69659,56550,19021,17080,214,3046,6083,4681,182,-
"동부","여자","35~39세",130936,381,43960,40694,17609,15110,266,2855,5107,4885,69,-
"동부","여자","40~44세",107828,525,33278,30144,16276,14437,202,2597,4857,5459,53,-
"동부","여자","45~49세",114193,661,28276,29031,21740,17348,326,3533,6088,7157,33,-
"동부","여자","50~54세",115210,800,22868,21920,28566,17563,508,4998,6711,11251,25,-
"동부","여자","55~59세",124945,1022,15412,16371,39375,17765,1003,5969,7650,20372,6,-
"동부","여자","60~64세",122198,684,8189,11553,42648,16142,1461,5629,4929,30963,-,-
"동부","여자","65~69세",68999,251,3002,5105,22449,7417,1485,2491,2008,24791,-,-
"동부","여자","70세 이상",79860,125,2021,3490,16053,6781,2597,1702,985,46106,-,-
"읍부","계","합계",398598,2785,62132,68334,51851,29257,23552,39753,67058,49103,4773,-
"읍부","계","15~19세",1794,-,77,322,434,187,33,79,411,251,-,-
"읍부","계","20~24세",19207,47,4095,3905,2994,1409,174,1333,3043,1212,995,-
"읍부","계","25~29세",47021,98,13429,11808,4086,2555,317,3613,7579,2019,1517,-
"읍부","계","30~34세",42262,145,10933,10794,3678,2444,543,3333,7911,1794,687,-
"읍부","계","35~39세",38583,109,7445,8926,3702,3047,708,4104,7641,2497,404,-
"읍부","계","40~44세",35417,297,5888,7425,3494,2931,704,4223,7372,2608,475,-
"읍부","계","45~49세",41927,274,6162,7604,4985,3837,1165,5483,8496,3513,408,-
"읍부","계","50~54세",43544,600,5523,7077,6316,3498,1904,5582,8376,4419,249,-
"읍부","계","55~59세",43285,683,4550,5289,7501,3287,3106,5443,7864,5529,33,-
"읍부","계","60~64세",35825,369,2402,3150,7089,2801,3883,4039,5243,6847,2,-
"읍부","계","65~69세",21020,94,928,1213,4148,1540,3443,1607,2216,5828,3,-
"읍부","계","70세 이상",28713,69,700,821,3424,1721,7572,914,906,12586,-,-
"읍부","남자","합계",248660,2091,35132,43242,16426,15970,14624,35430,56779,24789,4177,-
"읍부","남자","15~19세",994,-,18,151,187,78,31,49,328,152,-,-
"읍부","남자","20~24세",9499,27,1071,1435,1174,677,167,1111,2338,723,776,-
"읍부","남자","25~29세",30591,77,7113,6516,2273,1640,266,3298,6486,1595,1327,-
"읍부","남자","30~34세",30901,135,6890,7425,2153,1766,454,3117,6924,1458,579,-
"읍부","남자","35~39세",29046,79,4718,6346,2029,2193,632,3882,6741,2036,390,-
"읍부","남자","40~44세",25917,249,3497,4995,1701,1967,609,3940,6522,1978,459,-
"읍부","남자","45~49세",28914,231,3279,5075,1773,2282,996,5009,7295,2588,386,-
"읍부","남자","50~54세",28501,452,3117,4671,1779,1831,1573,5063,6840,2949,226,-
"읍부","남자","55~59세",25887,438,2694,3468,1317,1466,2333,4710,6354,3078,29,-
"읍부","남자","60~64세",19835,288,1601,1972,888,1045,2764,3411,4352,3512,2,-
"읍부","남자","65~69세",9953,63,636,746,617,589,1951,1254,1841,2253,3,-
"읍부","남자","70세 이상",8622,52,498,442,535,436,2848,586,758,2467,-,-
"읍부","여자","합계",149938,694,27000,25092,35425,13287,8928,4323,10279,24314,596,-
"읍부","여자","15~19세",800,-,59,171,247,109,2,30,83,99,-,-
"읍부","여자","20~24세",9708,20,3024,2470,1820,732,7,222,705,489,219,-
"읍부","여자","25~29세",16430,21,6316,5292,1813,915,51,315,1093,424,190,-
"읍부","여자","30~34세",11361,10,4043,3369,1525,678,89,216,987,336,108,-
"읍부","여자","35~39세",9537,30,2727,2580,1673,854,76,222,900,461,14,-
"읍부","여자","40~44세",9500,48,2391,2430,1793,964,95,283,850,630,16,-
"읍부","여자","45~49세",13013,43,2883,2529,3212,1555,169,474,1201,925,22,-
"읍부","여자","50~54세",15043,148,2406,2406,4537,1667,331,519,1536,1470,23,-
"읍부","여자","55~59세",17398,245,1856,1821,6184,1821,773,733,1510,2451,4,-
"읍부","여자","60~64세",15990,81,801,1178,6201,1756,1119,628,891,3335,-,-
"읍부","여자","65~69세",11067,31,292,467,3531,951,1492,353,375,3575,-,-
"읍부","여자","70세 이상",20091,17,202,379,2889,1285,4724,328,148,10119,-,-
"면부","계","합계",383329,3136,42378,41129,47276,21747,90365,30724,46259,53187,7128,-
"면부","계","15~19세",1251,7,83,169,281,130,23,70,323,164,1,-
"면부","계","20~24세",12246,13,1924,1993,1834,836,348,771,2204,570,1753,-
"면부","계","25~29세",24877,67,6389,4871,2258,1151,712,1797,4033,1090,2509,-
"면부","계","30~34세",22989,63,5220,4991,2076,1368,883,1914,4401,1031,1042,-
"면부","계","35~39세",21896,134,4061,4542,1994,1543,1370,2364,4061,1322,505,-
"면부","계","40~44세",23468,194,3607,4284,2531,1701,2014,2498,4331,1823,485,-
"면부","계","45~49세",30950,309,4313,4974,3558,2343,3444,3758,5231,2545,475,-
"면부","계","50~54세",41088,680,4702,5351,5763,2933,6454,4853,6052,4029,271,-
"면부","계","55~59세",51504,897,5367,4766,8645,3354,10607,5370,6749,5671,78,-
"면부","계","60~64세",52004,439,3653,3203,9002,2807,15327,4474,5469,7625,5,-
"면부","계","65~69세",36005,207,1793,1226,5258,1591,14893,1896,2383,6754,4,-
"면부","계","70세 이상",65051,126,1266,759,4076,1990,34290,959,1022,20563,-,-
"면부","남자","합계",235697,2487,26497,27822,15655,12115,52853,27314,40339,24197,6418,-
"면부","남자","15~19세",677,7,35,77,96,49,11,59,221,121,1,-
"면부","남자","20~24세",7447,10,710,875,760,460,279,674,1749,424,1506,-
"면부","남자","25~29세",17762,67,3742,2810,1452,775,639,1650,3449,889,2289,-
"면부","남자","30~34세",17690,39,3463,3469,1437,948,794,1807,3951,833,949,-
"면부","남자","35~39세",16836,102,2681,3154,1156,1011,1258,2180,3766,1065,463,-
"면부","남자","40~44세",17984,150,2294,3061,1317,1224,1823,2333,4004,1354,424,-
"면부","남자","45~49세",23171,260,2660,3411,1486,1567,3067,3564,4683,2008,465,-
"면부","남자","50~54세",29274,574,2811,3727,2090,1781,5390,4435,5252,2973,241,-
"면부","남자","55~59세",34233,669,3314,3545,2272,1684,8297,4784,5789,3807,72,-
"면부","남자","60~64세",31447,328,2617,2268,1818,1259,10326,3740,4699,4388,4,-
"면부","남자","65~69세",18709,184,1235,887,988,784,8327,1487,2028,2785,4,-
"면부","남자","70세 이상",20467,97,935,538,783,573,12642,601,748,3550,-,-
"면부","여자","합계",147632,649,15881,13307,31621,9632,37512,3410,5920,28990,710,-
"면부","여자","15~19세",574,-,48,92,185,81,12,11,102,43,-,-
"면부","여자","20~24세",4799,3,1214,1118,1074,376,69,97,455,146,247,-
"면부","여자","25~29세",7115,-,2647,2061,806,376,73,147,584,201,220,-
"면부","여자","30~34세",5299,24,1757,1522,639,420,89,107,450,198,93,-
"면부","여자","35~39세",5060,32,1380,1388,838,532,112,184,295,257,42,-
"면부","여자","40~44세",5484,44,1313,1223,1214,477,191,165,327,469,61,-
"면부","여자","45~49세",7779,49,1653,1563,2072,776,377,194,548,537,10,-
"면부","여자","50~54세",11814,106,1891,1624,3673,1152,1064,418,800,1056,30,-
"면부","여자","55~59세",17271,228,2053,1221,6373,1670,2310,586,960,1864,6,-
"면부","여자","60~64세",20557,111,1036,935,7184,1548,5001,734,770,3237,1,-
"면부","여자","65~69세",17296,23,558,339,4270,807,6566,409,355,3969,-,-
"면부","여자","70세 이상",44584,29,331,221,3293,1417,21648,358,274,17013,-,-
"서울특별시","계","합계",901861,4748,268055,231723,115512,101035,1276,57826,37592,83517,577,-
"서울특별시","계","15~19세",4168,18,753,693,1495,570,-,142,117,380,-,-
"서울특별시","계","20~24세",66640,124,19491,16957,15001,7838,46,2073,1002,4058,50,-
"서울특별시","계","25~29세",189513,389,76579,55004,21949,18584,95,6595,3276,6798,244,-
"서울특별시","계","30~34세",160314,503,63617,49951,15484,16257,90,5894,3039,5384,95,-
"서울특별시","계","35~39세",109580,496,38985,32643,11039,13225,81,5261,2984,4802,64,-
"서울특별시","계","40~44세",77090,403,24592,21252,7798,9785,63,5498,2861,4759,79,-
"서울특별시","계","45~49세",72397,643,18027,18948,8221,9447,99,7189,4114,5688,21,-
"서울특별시","계","50~54세",61804,670,11399,13343,7574,7632,139,7998,5075,7957,17,-
"서울특별시","계","55~59세",55987,664,6978,9897,8702,6737,124,7616,5474,9788,7,-
"서울특별시","계","60~64세",50910,460,4295,6892,9446,5817,297,5908,5084,12711,-,-
"서울특별시","계","65~69세",28030,201,1980,3528,5214,2818,106,2254,2988,8941,-,-
"서울특별시","계","70세 이상",25428,177,1359,2615,3589,2325,136,1398,1578,12251,-,-
"서울특별시","남자","합계",458787,3433,127120,104954,45003,50792,802,45717,33728,46721,517,-
"서울특별시","남자","15~19세",1328,18,303,207,267,202,-,55,103,173,-,-
"서울특별시","남자","20~24세",19076,102,4088,3866,4474,2462,17,1247,793,1995,32,-
"서울특별시","남자","25~29세",85630,322,31465,21555,10504,9381,77,4994,2621,4480,231,-
"서울특별시","남자","30~34세",88835,384,33970,25020,8783,9217,70,4741,2705,3873,72,-
"서울특별시","남자","35~39세",61866,353,20940,16067,5893,7907,63,4465,2633,3481,64,-
"서울특별시","남자","40~44세",43770,244,12911,10138,3891,5562,50,4660,2599,3639,76,-
"서울특별시","남자","45~49세",43095,493,9752,9689,3649,5175,59,6172,3753,4335,18,-
"서울특별시","남자","50~54세",37123,481,5825,7259,2576,3919,100,6422,4732,5792,17,-
"서울특별시","남자","55~59세",31425,457,3606,5261,2134,3059,72,5968,4894,5967,7,-
"서울특별시","남자","60~64세",24109,293,2260,3090,1388,2109,189,4375,4680,5725,-,-
"서울특별시","남자","65~69세",12813,137,1141,1635,888,1017,63,1619,2724,3589,-,-
"서울특별시","남자","70세 이상",9717,149,859,1167,556,782,42,999,1491,3672,-,-
"서울특별시","여자","합계",443074,1315,140935,126769,70509,50243,474,12109,3864,36796,60,-
"서울특별시","여자","15~19세",2840,-,450,486,1228,368,-,87,14,207,-,-
"서울특별시","여자","20~24세",47564,22,15403,13091,10527,5376,29,826,209,2063,18,-
"서울특별시","여자","25~29세",103883,67,45114,33449,11445,9203,18,1601,655,2318,13,-
"서울특별시","여자","30~34세",71479,119,29647,24931,6701,7040,20,1153,334,1511,23,-
"서울특별시","여자","35~39세",47714,143,18045,16576,5146,5318,18,796,351,1321,-,-
"서울특별시","여자","40~44세",33320,159,11681,11114,3907,4223,13,838,262,1120,3,-
"서울특별시","여자","45~49세",29302,150,8275,9259,4572,4272,40,1017,361,1353,3,-
"서울특별시","여자","50~54세",24681,189,5574,6084,4998,3713,39,1576,343,2165,-,-
"서울특별시","여자","55~59세",24562,207,3372,4636,6568,3678,52,1648,580,3821,-,-
"서울특별시","여자","60~64세",26801,167,2035,3802,8058,3708,108,1533,404,6986,-,-
"서울특별시","여자","65~69세",15217,64,839,1893,4326,1801,43,635,264,5352,-,-
"서울특별시","여자","70세 이상",15711,28,500,1448,3033,1543,94,399,87,8579,-,-
"부산광역시","계","합계",240029,1365,47992,40978,38860,29589,1509,22753,24986,31629,368,-
"부산광역시","계","15~19세",1099,-,54,120,436,251,-,27,82,129,-,-
"부산광역시","계","20~24세",17117,16,4537,2962,4386,2424,6,613,619,1484,70,-
"부산광역시","계","25~29세",36076,45,12102,8134,5699,3912,46,2040,2318,1678,102,-
"부산광역시","계","30~34세",28089,129,8020,7221,3625,3488,38,2060,2252,1192,64,-
"부산광역시","계","35~39세",22839,112,5432,5317,2904,3046,35,2316,2417,1244,16,-
"부산광역시","계","40~44세",19382,116,4291,3977,2160,2534,60,2335,2346,1526,37,-
"부산광역시","계","45~49세",21360,193,4000,4102,2444,2933,106,2850,2734,1949,49,-
"부산광역시","계","50~54세",22436,254,3609,3336,3197,3096,162,3117,2910,2725,30,-
"부산광역시","계","55~59세",23233,181,2816,2635,4401,2672,253,3188,3274,3813,-,-
"부산광역시","계","60~64세",22847,196,1780,1886,4779,2379,298,2540,3508,5481,-,-
"부산광역시","계","65~69세",12940,63,803,799,2649,1472,220,1107,1712,4115,-,-
"부산광역시","계","70세 이상",12611,60,548,489,2180,1382,285,560,814,6293,-,-
"부산광역시","남자","합계",126773,985,21409,20260,12332,13530,1052,19080,21703,16090,332,-
"부산광역시","남자","15~19세",397,-,24,24,146,63,-,8,70,62,-,-
"부산광역시","남자","20~24세",5911,-,799,803,1674,839,-,369,495,876,56,-
"부산광역시","남자","25~29세",17688,28,4484,3496,2731,1999,23,1670,1991,1171,95,-
"부산광역시","남자","30~34세",17122,116,4133,3774,1978,2187,30,1884,1978,984,58,-
"부산광역시","남자","35~39세",14368,73,2938,2701,1480,1793,35,2079,2182,1075,12,-
"부산광역시","남자","40~44세",12263,69,2112,2245,967,1297,60,2172,2133,1171,37,-
"부산광역시","남자","45~49세",13166,150,1917,2213,877,1423,75,2561,2468,1433,49,-
"부산광역시","남자","50~54세",13446,200,1772,1874,871,1414,125,2717,2572,1876,25,-
"부산광역시","남자","55~59세",12332,147,1395,1479,752,1033,220,2594,2658,2054,-,-
"부산광역시","남자","60~64세",10667,111,1042,977,385,686,194,1884,3016,2372,-,-
"부산광역시","남자","65~69세",5610,53,436,421,290,460,118,819,1483,1530,-,-
"부산광역시","남자","70세 이상",3803,38,357,253,181,336,172,323,657,1486,-,-
"부산광역시","여자","합계",113256,380,26583,20718,26528,16059,457,3673,3283,15539,36,-
"부산광역시","여자","15~19세",702,-,30,96,290,188,-,19,12,67,-,-
"부산광역시","여자","20~24세",11206,16,3738,2159,2712,1585,6,244,124,608,14,-
"부산광역시","여자","25~29세",18388,17,7618,4638,2968,1913,23,370,327,507,7,-
"부산광역시","여자","30~34세",10967,13,3887,3447,1647,1301,8,176,274,208,6,-
"부산광역시","여자","35~39세",8471,39,2494,2616,1424,1253,-,237,235,169,4,-
"부산광역시","여자","40~44세",7119,47,2179,1732,1193,1237,-,163,213,355,-,-
"부산광역시","여자","45~49세",8194,43,2083,1889,1567,1510,31,289,266,516,-,-
"부산광역시","여자","50~54세",8990,54,1837,1462,2326,1682,37,400,338,849,5,-
"부산광역시","여자","55~59세",10901,34,1421,1156,3649,1639,33,594,616,1759,-,-
"부산광역시","여자","60~64세",12180,85,738,909,4394,1693,104,656,492,3109,-,-
"부산광역시","여자","65~69세",7330,10,367,378,2359,1012,102,288,229,2585,-,-
"부산광역시","여자","70세 이상",8808,22,191,236,1999,1046,113,237,157,4807,-,-
"대구광역시","계","합계",166141,1150,32426,28407,23967,19095,1332,16517,21511,20956,780,-
"대구광역시","계","15~19세",553,-,36,85,152,96,2,28,93,61,-,-
"대구광역시","계","20~24세",9481,5,2633,1497,2100,1220,23,549,744,694,16,-
"대구광역시","계","25~29세",24313,88,7729,5390,3177,2699,59,1842,2016,1200,113,-
"대구광역시","계","30~34세",20358,74,5905,5268,2021,2123,44,1530,2218,1097,78,-
"대구광역시","계","35~39세",16456,110,4148,3571,1728,2179,76,1443,1981,1099,121,-
"대구광역시","계","40~44세",14710,98,3015,3043,1537,1921,66,1633,2052,1204,141,-
"대구광역시","계","45~49세",17007,136,2930,3110,1847,2185,95,2102,2808,1675,119,-
"대구광역시","계","50~54세",17332,201,2445,2788,2346,2087,97,2380,2778,2023,187,-
"대구광역시","계","55~59세",17177,220,1816,1872,3240,1966,176,2251,2886,2745,5,-
"대구광역시","계","60~64세",14319,186,1126,1069,3020,1406,244,1701,2372,3195,-,-
"대구광역시","계","65~69세",7447,14,327,490,1551,705,162,691,1141,2366,-,-
"대구광역시","계","70세 이상",6988,18,316,224,1248,508,288,367,422,3597,-,-
"대구광역시","남자","합계",91893,875,15408,14905,7158,9111,844,14211,17561,11090,730,-
"대구광역시","남자","15~19세",253,-,11,51,18,52,2,18,74,27,-,-
"대구광역시","남자","20~24세",3460,5,524,367,776,361,12,364,598,437,16,-
"대구광역시","남자","25~29세",12690,73,3032,2262,1579,1418,55,1591,1722,867,91,-
"대구광역시","남자","30~34세",13166,66,3370,3001,1209,1297,34,1352,1910,855,72,-
"대구광역시","남자","35~39세",10833,83,2305,2184,805,1334,71,1309,1728,901,113,-
"대구광역시","남자","40~44세",9491,87,1608,1679,693,1101,51,1540,1710,889,133,-
"대구광역시","남자","45~49세",10612,93,1393,1783,556,1131,77,1933,2316,1217,113,-
"대구광역시","남자","50~54세",10453,176,1195,1587,548,967,81,2089,2193,1430,187,-
"대구광역시","남자","55~59세",8911,160,915,1098,468,659,105,1918,2183,1400,5,-
"대구광역시","남자","60~64세",6691,108,624,536,334,377,138,1316,1865,1393,-,-
"대구광역시","남자","65~69세",3219,14,232,234,101,273,78,514,908,865,-,-
"대구광역시","남자","70세 이상",2114,10,199,123,71,141,140,267,354,809,-,-
"대구광역시","여자","합계",74248,275,17018,13502,16809,9984,488,2306,3950,9866,50,-
"대구광역시","여자","15~19세",300,-,25,34,134,44,-,10,19,34,-,-
"대구광역시","여자","20~24세",6021,-,2109,1130,1324,859,11,185,146,257,-,-
"대구광역시","여자","25~29세",11623,15,4697,3128,1598,1281,4,251,294,333,22,-
"대구광역시","여자","30~34세",7192,8,2535,2267,812,826,10,178,308,242,6,-
"대구광역시","여자","35~39세",5623,27,1843,1387,923,845,5,134,253,198,8,-
"대구광역시","여자","40~44세",5219,11,1407,1364,844,820,15,93,342,315,8,-
"대구광역시","여자","45~49세",6395,43,1537,1327,1291,1054,18,169,492,458,6,-
"대구광역시","여자","50~54세",6879,25,1250,1201,1798,1120,16,291,585,593,-,-
"대구광역시","여자","55~59세",8266,60,901,774,2772,1307,71,333,703,1345,-,-
"대구광역시","여자","60~64세",7628,78,502,533,2686,1029,106,385,507,1802,-,-
"대구광역시","여자","65~69세",4228,-,95,256,1450,432,84,177,233,1501,-,-
"대구광역시","여자","70세 이상",4874,8,117,101,1177,367,148,100,68,2788,-,-
"인천광역시","계","합계",206245,1751,35156,38635,29070,21857,1486,21234,30079,26378,599,-
"인천광역시","계","15~19세",867,7,25,129,255,116,5,50,109,170,1,-
"인천광역시","계","20~24세",10679,16,2227,2045,2201,1418,3,655,1137,843,134,-
"인천광역시","계","25~29세",29183,145,8244,7045,4101,2736,72,2111,3102,1473,154,-
"인천광역시","계","30~34세",25543,102,6414,6528,3005,2730,37,2081,3054,1440,152,-
"인천광역시","계","35~39세",21891,227,4810,5095,2438,2504,52,2172,3007,1546,40,-
"인천광역시","계","40~44세",19641,212,3746,4368,2046,2384,50,2332,2971,1452,80,-
"인천광역시","계","45~49세",21327,215,3486,4148,2241,2545,70,2849,3812,1932,29,-
"인천광역시","계","50~54세",20994,256,2570,3598,2620,2579,135,2922,3919,2386,9,-
"인천광역시","계","55~59세",20629,298,1861,2692,3473,2047,165,2873,4094,3126,-,-
"인천광역시","계","60~64세",17484,182,1060,1714,3524,1766,300,2067,3045,3826,-,-
"인천광역시","계","65~69세",8673,56,392,779,1884,548,187,731,1272,2824,-,-
"인천광역시","계","70세 이상",9334,35,321,494,1282,484,410,391,557,5360,-,-
"인천광역시","남자","합계",122921,1307,18435,21297,10530,11980,996,18656,24815,14380,525,-
"인천광역시","남자","15~19세",384,7,8,76,76,27,-,38,65,86,1,-
"인천광역시","남자","20~24세",4065,16,500,595,614,517,3,506,672,532,110,-
"인천광역시","남자","25~29세",16468,100,3922,3268,2122,1394,58,1877,2526,1075,126,-
"인천광역시","남자","30~34세",17191,66,3743,3831,1806,1895,37,1941,2577,1147,148,-
"인천광역시","남자","35~39세",15119,202,2898,3107,1384,1637,43,1979,2620,1210,39,-
"인천광역시","남자","40~44세",13276,150,2140,2603,1046,1420,47,2169,2564,1074,63,-
"인천광역시","남자","45~49세",14312,180,1873,2452,841,1540,61,2614,3277,1445,29,-
"인천광역시","남자","50~54세",13788,231,1264,2258,894,1489,124,2658,3224,1637,9,-
"인천광역시","남자","55~59세",12071,193,1046,1576,829,957,130,2322,3208,1810,-,-
"인천광역시","남자","60~64세",9024,102,633,911,454,687,212,1701,2530,1794,-,-
"인천광역시","남자","65~69세",4075,31,196,463,254,208,116,591,1108,1108,-,-
"인천광역시","남자","70세 이상",3148,29,212,157,210,209,165,260,444,1462,-,-
"인천광역시","여자","합계",83324,444,16721,17338,18540,9877,490,2578,5264,11998,74,-
"인천광역시","여자","15~19세",483,-,17,53,179,89,5,12,44,84,-,-
"인천광역시","여자","20~24세",6614,-,1727,1450,1587,901,-,149,465,311,24,-
"인천광역시","여자","25~29세",12715,45,4322,3777,1979,1342,14,234,576,398,28,-
"인천광역시","여자","30~34세",8352,36,2671,2697,1199,835,-,140,477,293,4,-
"인천광역시","여자","35~39세",6772,25,1912,1988,1054,867,9,193,387,336,1,-
"인천광역시","여자","40~44세",6365,62,1606,1765,1000,964,3,163,407,378,17,-
"인천광역시","여자","45~49세",7015,35,1613,1696,1400,1005,9,235,535,487,-,-
"인천광역시","여자","50~54세",7206,25,1306,1340,1726,1090,11,264,695,749,-,-
"인천광역시","여자","55~59세",8558,105,815,1116,2644,1090,35,551,886,1316,-,-
"인천광역시","여자","60~64세",8460,80,427,803,3070,1079,88,366,515,2032,-,-
"인천광역시","여자","65~69세",4598,25,196,316,1630,340,71,140,164,1716,-,-
"인천광역시","여자","70세 이상",6186,6,109,337,1072,275,245,131,113,3898,-,-
"광주광역시","계","합계",115649,429,22540,23060,16547,13519,1251,11237,13403,13511,152,-
"광주광역시","계","15~19세",847,-,29,164,268,147,11,58,79,91,-,-
"광주광역시","계","20~24세",8237,14,1825,1583,1986,962,22,432,652,734,27,-
"광주광역시","계","25~29세",17886,60,5134,4125,2541,2169,42,1282,1628,842,63,-
"광주광역시","계","30~34세",14752,29,4089,3667,1556,1775,49,1184,1612,768,23,-
"광주광역시","계","35~39세",13301,37,2931,3219,1278,1734,25,1434,1770,873,-,-
"광주광역시","계","40~44세",11086,52,2133,2583,1118,1392,102,1265,1479,955,7,-
"광주광역시","계","45~49세",11443,38,1863,2609,1269,1351,107,1424,1896,869,17,-
"광주광역시","계","50~54세",11238,67,1922,2164,1495,1233,122,1550,1558,1124,3,-
"광주광역시","계","55~59세",10030,60,1346,1531,1859,1213,150,1241,1307,1318,5,-
"광주광역시","계","60~64세",7924,63,836,921,1739,865,180,864,893,1556,7,-
"광주광역시","계","65~69세",3911,5,276,294,869,354,168,354,352,1239,-,-
"광주광역시","계","70세 이상",4994,4,156,200,569,324,273,149,177,3142,-,-
"광주광역시","남자","합계",66585,315,11257,12678,5676,7319,768,9935,11347,7154,136,-
"광주광역시","남자","15~19세",330,-,17,32,81,49,4,42,71,34,-,-
"광주광역시","남자","20~24세",3052,14,415,373,608,311,22,374,479,438,18,-
"광주광역시","남자","25~29세",9486,51,2197,1771,1223,1182,36,1083,1271,609,63,-
"광주광역시","남자","30~34세",9515,23,2163,2152,839,1173,42,1063,1403,634,23,-
"광주광역시","남자","35~39세",9141,31,1733,1873,722,1174,7,1345,1580,676,-,-
"광주광역시","남자","40~44세",7638,52,1218,1651,501,907,67,1206,1278,751,7,-
"광주광역시","남자","45~49세",7714,24,992,1678,446,788,88,1336,1639,713,10,-
"광주광역시","남자","50~54세",7141,31,1045,1375,454,629,106,1374,1330,794,3,-
"광주광역시","남자","55~59세",5527,37,683,956,328,504,97,1075,1060,782,5,-
"광주광역시","남자","60~64세",4104,43,524,538,299,368,114,682,759,770,7,-
"광주광역시","남자","65~69세",1682,5,155,190,104,132,82,293,319,402,-,-
"광주광역시","남자","70세 이상",1255,4,115,89,71,102,103,62,158,551,-,-
"광주광역시","여자","합계",49064,114,11283,10382,10871,6200,483,1302,2056,6357,16,-
"광주광역시","여자","15~19세",517,-,12,132,187,98,7,16,8,57,-,-
"광주광역시","여자","20~24세",5185,-,1410,1210,1378,651,-,58,173,296,9,-
"광주광역시","여자","25~29세",8400,9,2937,2354,1318,987,6,199,357,233,-,-
"광주광역시","여자","30~34세",5237,6,1926,1515,717,602,7,121,209,134,-,-
"광주광역시","여자","35~39세",4160,6,1198,1346,556,560,18,89,190,197,-,-
"광주광역시","여자","40~44세",3448,-,915,932,617,485,35,59,201,204,-,-
"광주광역시","여자","45~49세",3729,14,871,931,823,563,19,88,257,156,7,-
"광주광역시","여자","50~54세",4097,36,877,789,1041,604,16,176,228,330,-,-
"광주광역시","여자","55~59세",4503,23,663,575,1531,709,53,166,247,536,-,-
"광주광역시","여자","60~64세",3820,20,312,383,1440,497,66,182,134,786,-,-
"광주광역시","여자","65~69세",2229,-,121,104,765,222,86,61,33,837,-,-
"광주광역시","여자","70세 이상",3739,-,41,111,498,222,170,87,19,2591,-,-
"대전광역시","계","합계",136397,1195,35999,26153,20273,15429,783,10696,10696,14794,379,-
"대전광역시","계","15~19세",2068,-,172,318,651,530,-,101,63,233,-,-
"대전광역시","계","20~24세",15738,26,4242,2891,4035,2088,20,722,717,988,9,-
"대전광역시","계","25~29세",25333,117,9933,6032,2826,2469,72,1346,1433,1038,67,-
"대전광역시","계","30~34세",19176,135,7403,4650,1808,2040,41,1002,1199,807,91,-
"대전광역시","계","35~39세",13365,116,3977,3137,1398,1607,19,1033,1020,979,79,-
"대전광역시","계","40~44세",10663,117,2768,2381,1062,1302,32,1063,1128,789,21,-
"대전광역시","계","45~49세",11330,191,2340,2368,1243,1467,62,1446,1125,1045,43,-
"대전광역시","계","50~54세",10871,170,1885,1863,1629,1350,57,1298,1164,1403,52,-
"대전광역시","계","55~59세",10565,179,1662,1370,2073,1016,93,1237,1234,1684,17,-
"대전광역시","계","60~64세",8675,77,1013,720,1804,882,149,934,983,2113,-,-
"대전광역시","계","65~69세",4253,27,360,268,922,373,78,414,396,1415,-,-
"대전광역시","계","70세 이상",4360,40,244,155,822,305,160,100,234,2300,-,-
"대전광역시","남자","합계",76358,971,19404,13949,7156,7540,581,9173,9086,8153,345,-
"대전광역시","남자","15~19세",799,-,123,162,151,147,-,43,49,124,-,-
"대전광역시","남자","20~24세",6040,14,1275,742,1537,773,11,458,525,696,9,-
"대전광역시","남자","25~29세",14124,110,5039,2993,1474,1268,41,1231,1196,721,51,-
"대전광역시","남자","30~34세",12563,106,4580,2821,1054,1288,33,888,1056,646,91,-
"대전광역시","남자","35~39세",8786,87,2457,1849,723,1013,15,949,886,743,64,-
"대전광역시","남자","40~44세",6933,102,1597,1415,492,759,32,934,980,601,21,-
"대전광역시","남자","45~49세",7337,159,1301,1437,490,748,62,1342,966,792,40,-
"대전광역시","남자","50~54세",6593,139,989,1159,420,615,51,1152,1033,983,52,-
"대전광역시","남자","55~59세",5664,153,923,842,355,378,63,1058,1025,850,17,-
"대전광역시","남자","60~64세",4348,71,714,330,255,307,116,754,854,947,-,-
"대전광역시","남자","65~69세",1901,17,242,127,127,165,54,308,317,544,-,-
"대전광역시","남자","70세 이상",1270,13,164,72,78,79,103,56,199,506,-,-
"대전광역시","여자","합계",60039,224,16595,12204,13117,7889,202,1523,1610,6641,34,-
"대전광역시","여자","15~19세",1269,-,49,156,500,383,-,58,14,109,-,-
"대전광역시","여자","20~24세",9698,12,2967,2149,2498,1315,9,264,192,292,-,-
"대전광역시","여자","25~29세",11209,7,4894,3039,1352,1201,31,115,237,317,16,-
"대전광역시","여자","30~34세",6613,29,2823,1829,754,752,8,114,143,161,-,-
"대전광역시","여자","35~39세",4579,29,1520,1288,675,594,4,84,134,236,15,-
"대전광역시","여자","40~44세",3730,15,1171,966,570,543,-,129,148,188,-,-
"대전광역시","여자","45~49세",3993,32,1039,931,753,719,-,104,159,253,3,-
"대전광역시","여자","50~54세",4278,31,896,704,1209,735,6,146,131,420,-,-
"대전광역시","여자","55~59세",4901,26,739,528,1718,638,30,179,209,834,-,-
"대전광역시","여자","60~64세",4327,6,299,390,1549,575,33,180,129,1166,-,-
"대전광역시","여자","65~69세",2352,10,118,141,795,208,24,106,79,871,-,-
"대전광역시","여자","70세 이상",3090,27,80,83,744,226,57,44,35,1794,-,-
"울산광역시","계","합계",80105,396,13509,11978,10614,6614,708,10630,17562,8086,8,-
"울산광역시","계","15~19세",257,-,-,66,68,15,-,12,71,25,-,-
"울산광역시","계","20~24세",3388,-,803,527,722,252,-,317,582,185,-,-
"울산광역시","계","25~29세",10196,35,2805,2094,1073,701,5,966,2217,295,5,-
"울산광역시","계","30~34세",9864,14,2551,1990,847,724,22,1071,2300,345,-,-
"울산광역시","계","35~39세",8591,33,1733,1663,804,740,20,1337,1930,328,3,-
"울산광역시","계","40~44세",8006,33,1349,1258,879,663,21,1160,2186,457,-,-
"울산광역시","계","45~49세",8878,51,1400,1348,993,935,30,1457,2015,649,-,-
"울산광역시","계","50~54세",8861,101,1141,1281,1201,727,65,1549,2033,763,-,-
"울산광역시","계","55~59세",8717,74,877,899,1465,829,86,1259,2166,1062,-,-
"울산광역시","계","60~64세",6897,40,551,525,1370,525,109,986,1356,1435,-,-
"울산광역시","계","65~69세",3490,11,207,170,727,292,99,388,536,1060,-,-
"울산광역시","계","70세 이상",2960,4,92,157,465,211,251,128,170,1482,-,-
"울산광역시","남자","합계",51763,295,7615,7474,3169,3080,443,9637,15990,4052,8,-
"울산광역시","남자","15~19세",175,-,-,51,31,-,-,12,71,10,-,-
"울산광역시","남자","20~24세",1713,-,264,200,227,90,-,273,535,124,-,-
"울산광역시","남자","25~29세",6679,35,1317,1110,534,401,5,891,2127,254,5,-
"울산광역시","남자","30~34세",7290,14,1538,1285,498,465,17,986,2195,292,-,-
"울산광역시","남자","35~39세",6577,23,1127,1092,411,518,20,1275,1832,276,3,-
"울산광역시","남자","40~44세",5889,19,784,810,408,324,21,1119,2043,361,-,-
"울산광역시","남자","45~49세",6144,46,780,881,294,471,25,1336,1786,525,-,-
"울산광역시","남자","50~54세",5892,74,658,943,282,317,49,1383,1764,422,-,-
"울산광역시","남자","55~59세",5119,49,540,595,217,295,62,1093,1819,449,-,-
"울산광역시","남자","60~64세",3617,23,376,279,161,122,76,834,1196,550,-,-
"울산광역시","남자","65~69세",1662,8,158,110,65,47,48,345,473,408,-,-
"울산광역시","남자","70세 이상",1006,4,73,118,41,30,120,90,149,381,-,-
"울산광역시","여자","합계",28342,101,5894,4504,7445,3534,265,993,1572,4034,-,-
"울산광역시","여자","15~19세",82,-,-,15,37,15,-,-,-,15,-,-
"울산광역시","여자","20~24세",1675,-,539,327,495,162,-,44,47,61,-,-
"울산광역시","여자","25~29세",3517,-,1488,984,539,300,-,75,90,41,-,-
"울산광역시","여자","30~34세",2574,-,1013,705,349,259,5,85,105,53,-,-
"울산광역시","여자","35~39세",2014,10,606,571,393,222,-,62,98,52,-,-
"울산광역시","여자","40~44세",2117,14,565,448,471,339,-,41,143,96,-,-
"울산광역시","여자","45~49세",2734,5,620,467,699,464,5,121,229,124,-,-
"울산광역시","여자","50~54세",2969,27,483,338,919,410,16,166,269,341,-,-
"울산광역시","여자","55~59세",3598,25,337,304,1248,534,24,166,347,613,-,-
"울산광역시","여자","60~64세",3280,17,175,246,1209,403,33,152,160,885,-,-
"울산광역시","여자","65~69세",1828,3,49,60,662,245,51,43,63,652,-,-
"울산광역시","여자","70세 이상",1954,-,19,39,424,181,131,38,21,1101,-,-
"세종특별자치시","계","합계",30357,371,8677,9203,3037,1878,720,1531,2386,2269,285,-
"세종특별자치시","계","15~19세",276,-,27,56,83,25,4,13,23,45,-,-
"세종특별자치시","계","20~24세",2763,-,774,693,660,220,17,66,219,94,20,-
"세종특별자치시","계","25~29세",5439,20,2029,1865,469,280,6,184,344,142,100,-
"세종특별자치시","계","30~34세",5177,51,1837,1909,328,231,14,203,361,182,61,-
"세종특별자치시","계","35~39세",3621,19,1072,1468,180,242,-,183,304,134,19,-
"세종특별자치시","계","40~44세",2837,42,848,1075,150,193,7,133,217,152,20,-
"세종특별자치시","계","45~49세",2727,54,732,858,200,188,24,155,255,222,39,-
"세종특별자치시","계","50~54세",2377,76,630,741,200,153,35,197,163,160,22,-
"세종특별자치시","계","55~59세",2003,66,411,331,280,143,92,193,263,220,4,-
"세종특별자치시","계","60~64세",1532,21,240,134,207,101,139,130,137,423,-,-
"세종특별자치시","계","65~69세",742,19,48,58,116,32,120,48,63,238,-,-
"세종특별자치시","계","70세 이상",863,3,29,15,164,70,262,26,37,257,-,-
"세종특별자치시","남자","합계",16858,308,4268,4792,1162,970,465,1341,1992,1309,251,-
"세종특별자치시","남자","15~19세",126,-,-,23,38,20,4,7,7,27,-,-
"세종특별자치시","남자","20~24세",1051,-,187,235,239,112,9,40,147,62,20,-
"세종특별자치시","남자","25~29세",2767,20,823,785,307,170,6,158,314,98,86,-
"세종특별자치시","남자","30~34세",3306,51,1063,1099,214,140,14,194,334,148,49,-
"세종특별자치시","남자","35~39세",2328,19,671,868,84,147,-,157,247,116,19,-
"세종특별자치시","남자","40~44세",1713,39,401,623,70,108,-,129,200,131,12,-
"세종특별자치시","남자","45~49세",1596,47,376,472,72,99,20,127,218,126,39,-
"세종특별자치시","남자","50~54세",1386,51,308,381,85,60,15,191,143,130,22,-
"세종특별자치시","남자","55~59세",1113,50,237,193,25,58,62,156,199,129,4,-
"세종특별자치시","남자","60~64세",774,14,134,83,7,17,93,125,99,202,-,-
"세종특별자치시","남자","65~69세",379,14,43,27,16,27,81,36,59,76,-,-
"세종특별자치시","남자","70세 이상",319,3,25,3,5,12,161,21,25,64,-,-
"세종특별자치시","여자","합계",13499,63,4409,4411,1875,908,255,190,394,960,34,-
"세종특별자치시","여자","15~19세",150,-,27,33,45,5,-,6,16,18,-,-
"세종특별자치시","여자","20~24세",1712,-,587,458,421,108,8,26,72,32,-,-
"세종특별자치시","여자","25~29세",2672,-,1206,1080,162,110,-,26,30,44,14,-
"세종특별자치시","여자","30~34세",1871,-,774,810,114,91,-,9,27,34,12,-
"세종특별자치시","여자","35~39세",1293,-,401,600,96,95,-,26,57,18,-,-
"세종특별자치시","여자","40~44세",1124,3,447,452,80,85,7,4,17,21,8,-
"세종특별자치시","여자","45~49세",1131,7,356,386,128,89,4,28,37,96,-,-
"세종특별자치시","여자","50~54세",991,25,322,360,115,93,20,6,20,30,-,-
"세종특별자치시","여자","55~59세",890,16,174,138,255,85,30,37,64,91,-,-
"세종특별자치시","여자","60~64세",758,7,106,51,200,84,46,5,38,221,-,-
"세종특별자치시","여자","65~69세",363,5,5,31,100,5,39,12,4,162,-,-
"세종특별자치시","여자","70세 이상",544,-,4,12,159,58,101,5,12,193,-,-
"경기도","계","합계",952937,4855,216829,184165,110945,92255,12061,94752,127398,102546,7131,-
"경기도","계","15~19세",3080,15,240,515,944,392,2,143,408,421,-,-
"경기도","계","20~24세",45681,93,11118,9002,8024,5040,130,2976,4834,2969,1495,-
"경기도","계","25~29세",144593,324,52964,31944,14015,10991,310,10268,14725,6291,2761,-
"경기도","계","30~34세",132917,274,46350,32233,10692,11711,408,9985,14384,5712,1168,-
"경기도","계","35~39세",110313,258,31232,26589,9130,11135,517,9828,14333,6783,508,-
"경기도","계","40~44세",94674,521,22552,20789,8327,10364,447,10179,13983,7041,471,-
"경기도","계","45~49세",100442,638,19881,20478,9675,11215,738,12932,15438,9028,419,-
"경기도","계","50~54세",93306,844,13308,16540,11330,10165,1024,13299,15979,10561,256,-
"경기도","계","55~59세",87836,955,9648,12379,13489,9015,1626,11918,15363,13390,53,-
"경기도","계","60~64세",72248,585,5566,8258,13235,6957,2132,8824,11027,15664,-,-
"경기도","계","65~69세",37669,232,2397,3492,7142,3091,1893,3089,4948,11385,-,-
"경기도","계","70세 이상",30178,116,1573,1946,4942,2179,2834,1311,1976,13301,-,-
"경기도","남자","합계",587356,3567,122540,106271,39495,51662,8534,84322,105703,58668,6594,-
"경기도","남자","15~19세",1238,11,87,150,248,86,-,96,301,259,-,-
"경기도","남자","20~24세",19375,56,2923,2897,2765,2003,90,2316,3279,1697,1349,-
"경기도","남자","25~29세",86213,201,26963,16686,7517,6925,230,9012,11606,4496,2577,-
"경기도","남자","30~34세",92081,266,29920,20134,6625,8194,340,9227,11874,4416,1085,-
"경기도","남자","35~39세",76797,215,20292,16448,4938,7510,439,8973,12301,5217,464,-
"경기도","남자","40~44세",64235,387,13168,12603,3878,6678,380,9478,12010,5205,448,-
"경기도","남자","45~49세",67347,488,11529,12226,3736,6280,619,12044,13209,6809,407,-
"경기도","남자","50~54세",60050,633,7079,10264,3149,5133,856,11985,13424,7312,215,-
"경기도","남자","55~59세",51738,627,5170,7305,2839,4063,1313,10439,12568,7365,49,-
"경기도","남자","60~64세",38009,427,3161,4581,1956,2632,1609,7401,9268,6974,-,-
"경기도","남자","65~69세",18168,156,1415,1884,1067,1368,1188,2391,4152,4547,-,-
"경기도","남자","70세 이상",12105,100,833,1093,777,790,1470,960,1711,4371,-,-
"경기도","여자","합계",365581,1288,94289,77894,71450,40593,3527,10430,21695,43878,537,-
"경기도","여자","15~19세",1842,4,153,365,696,306,2,47,107,162,-,-
"경기도","여자","20~24세",26306,37,8195,6105,5259,3037,40,660,1555,1272,146,-
"경기도","여자","25~29세",58380,123,26001,15258,6498,4066,80,1256,3119,1795,184,-
"경기도","여자","30~34세",40836,8,16430,12099,4067,3517,68,758,2510,1296,83,-
"경기도","여자","35~39세",33516,43,10940,10141,4192,3625,78,855,2032,1566,44,-
"경기도","여자","40~44세",30439,134,9384,8186,4449,3686,67,701,1973,1836,23,-
"경기도","여자","45~49세",33095,150,8352,8252,5939,4935,119,888,2229,2219,12,-
"경기도","여자","50~54세",33256,211,6229,6276,8181,5032,168,1314,2555,3249,41,-
"경기도","여자","55~59세",36098,328,4478,5074,10650,4952,313,1479,2795,6025,4,-
"경기도","여자","60~64세",34239,158,2405,3677,11279,4325,523,1423,1759,8690,-,-
"경기도","여자","65~69세",19501,76,982,1608,6075,1723,705,698,796,6838,-,-
"경기도","여자","70세 이상",18073,16,740,853,4165,1389,1364,351,265,8930,-,-
"강원도","계","합계",139536,925,22982,21349,23180,10298,8290,11356,10495,26081,4580,-
"강원도","계","15~19세",748,-,29,104,240,91,4,47,76,157,-,-
"강원도","계","20~24세",10020,6,2216,1974,1906,1079,44,424,470,779,1122,-
"강원도","계","25~29세",15599,33,5016,4037,1833,859,99,994,716,659,1353,-
"강원도","계","30~34세",12094,27,3310,3140,1622,807,152,685,947,579,825,-
"강원도","계","35~39세",9934,62,2446,2230,1416,834,105,1003,771,708,359,-
"강원도","계","40~44세",9685,68,1761,1881,1754,885,221,994,962,750,409,-
"강원도","계","45~49세",12015,56,2108,2175,2031,1038,329,1482,1200,1243,353,-
"강원도","계","50~54세",14707,260,2185,2447,2457,1190,758,1739,1588,1942,141,-
"강원도","계","55~59세",15873,304,2012,1819,3233,1211,1149,1787,1664,2679,15,-
"강원도","계","60~64세",14453,78,1119,947,3288,1154,1780,1364,1309,3411,3,-
"강원도","계","65~69세",8774,25,472,401,1769,503,1351,553,588,3112,-,-
"강원도","계","70세 이상",15634,6,308,194,1631,647,2298,284,204,10062,-,-
"강원도","남자","합계",78206,682,12046,12279,8092,5172,5625,9948,9323,10992,4047,-
"강원도","남자","15~19세",345,-,13,63,103,34,-,37,62,33,-,-
"강원도","남자","20~24세",4762,6,613,686,825,475,34,322,372,481,948,-
"강원도","남자","25~29세",9525,31,2401,2088,1110,568,83,891,650,519,1184,-
"강원도","남자","30~34세",8134,23,1807,1937,1050,551,141,631,855,434,705,-
"강원도","남자","35~39세",6689,48,1486,1269,711,569,94,947,677,546,342,-
"강원도","남자","40~44세",6559,50,991,1138,858,559,210,914,873,586,380,-
"강원도","남자","45~49세",7867,34,1041,1355,823,587,293,1398,1101,892,343,-
"강원도","남자","50~54세",9315,188,1150,1571,730,626,596,1600,1416,1310,128,-
"강원도","남자","55~59세",9247,214,1167,1153,772,534,933,1537,1454,1468,15,-
"강원도","남자","60~64세",7745,65,782,606,562,411,1268,1091,1173,1785,2,-
"강원도","남자","65~69세",4064,20,376,276,320,145,850,399,522,1156,-,-
"강원도","남자","70세 이상",3954,3,219,137,228,113,1123,181,168,1782,-,-
"강원도","여자","합계",61330,243,10936,9070,15088,5126,2665,1408,1172,15089,533,-
"강원도","여자","15~19세",403,-,16,41,137,57,4,10,14,124,-,-
"강원도","여자","20~24세",5258,-,1603,1288,1081,604,10,102,98,298,174,-
"강원도","여자","25~29세",6074,2,2615,1949,723,291,16,103,66,140,169,-
"강원도","여자","30~34세",3960,4,1503,1203,572,256,11,54,92,145,120,-
"강원도","여자","35~39세",3245,14,960,961,705,265,11,56,94,162,17,-
"강원도","여자","40~44세",3126,18,770,743,896,326,11,80,89,164,29,-
"강원도","여자","45~49세",4148,22,1067,820,1208,451,36,84,99,351,10,-
"강원도","여자","50~54세",5392,72,1035,876,1727,564,162,139,172,632,13,-
"강원도","여자","55~59세",6626,90,845,666,2461,677,216,250,210,1211,-,-
"강원도","여자","60~64세",6708,13,337,341,2726,743,512,273,136,1626,1,-
"강원도","여자","65~69세",4710,5,96,125,1449,358,501,154,66,1956,-,-
"강원도","여자","70세 이상",11680,3,89,57,1403,534,1175,103,36,8280,-,-
"충청북도","계","합계",144454,1585,24695,23491,19410,10693,8915,12420,26541,15818,886,-
"충청북도","계","15~19세",1060,-,86,136,357,101,-,48,259,73,-,-
"충청북도","계","20~24세",10473,11,2191,1976,1788,898,27,624,2071,716,171,-
"충청북도","계","25~29세",22406,70,6340,4911,2055,1258,87,1602,4877,876,330,-
"충청북도","계","30~34세",16705,76,4635,4106,1294,1019,112,1158,3517,659,129,-
"충청북도","계","35~39세",12758,58,2652,2688,1251,984,152,1266,2816,827,64,-
"충청북도","계","40~44세",11070,162,2096,2156,1105,958,246,1132,2319,838,58,-
"충청북도","계","45~49세",12761,196,1869,2364,1509,1256,294,1536,2604,1053,80,-
"충청북도","계","50~54세",14239,436,1830,2053,2175,1298,691,1618,2543,1551,44,-
"충청북도","계","55~59세",14708,315,1437,1680,2711,1111,1204,1555,2756,1929,10,-
"충청북도","계","60~64세",12558,153,946,872,2714,1021,1678,1225,1753,2196,-,-
"충청북도","계","65~69세",6960,64,333,374,1412,438,1385,424,741,1789,-,-
"충청북도","계","70세 이상",8756,44,280,175,1039,351,3039,232,285,3311,-,-
"충청북도","남자","합계",87017,1259,13125,14816,6629,5424,5678,10740,20268,8331,747,-
"충청북도","남자","15~19세",405,-,26,74,90,37,-,23,97,58,-,-
"충청북도","남자","20~24세",4756,6,595,770,694,372,11,460,1292,421,135,-
"충청북도","남자","25~29세",14582,64,3223,2957,1177,745,62,1467,3891,712,284,-
"충청북도","남자","30~34세",11767,49,2733,2730,839,725,96,1079,2920,497,99,-
"충청북도","남자","35~39세",8826,43,1526,1768,652,622,112,1150,2280,620,53,-
"충청북도","남자","40~44세",7563,126,1138,1425,524,590,208,1036,1815,652,49,-
"충청북도","남자","45~49세",8380,150,1059,1550,559,652,263,1403,1905,759,80,-
"충청북도","남자","50~54세",8824,390,955,1374,695,607,580,1402,1770,1014,37,-
"충청북도","남자","55~59세",8643,246,855,1198,537,445,910,1308,2095,1039,10,-
"충청북도","남자","60~64세",6725,106,605,614,444,361,1174,950,1376,1095,-,-
"충청북도","남자","65~69세",3465,46,238,232,237,168,861,316,630,737,-,-
"충청북도","남자","70세 이상",3081,33,172,124,181,100,1401,146,197,727,-,-
"충청북도","여자","합계",57437,326,11570,8675,12781,5269,3237,1680,6273,7487,139,-
"충청북도","여자","15~19세",655,-,60,62,267,64,-,25,162,15,-,-
"충청북도","여자","20~24세",5717,5,1596,1206,1094,526,16,164,779,295,36,-
"충청북도","여자","25~29세",7824,6,3117,1954,878,513,25,135,986,164,46,-
"충청북도","여자","30~34세",4938,27,1902,1376,455,294,16,79,597,162,30,-
"충청북도","여자","35~39세",3932,15,1126,920,599,362,40,116,536,207,11,-
"충청북도","여자","40~44세",3507,36,958,731,581,368,38,96,504,186,9,-
"충청북도","여자","45~49세",4381,46,810,814,950,604,31,133,699,294,-,-
"충청북도","여자","50~54세",5415,46,875,679,1480,691,111,216,773,537,7,-
"충청북도","여자","55~59세",6065,69,582,482,2174,666,294,247,661,890,-,-
"충청북도","여자","60~64세",5833,47,341,258,2270,660,504,275,377,1101,-,-
"충청북도","여자","65~69세",3495,18,95,142,1175,270,524,108,111,1052,-,-
"충청북도","여자","70세 이상",5675,11,108,51,858,251,1638,86,88,2584,-,-
"충청남도","계","합계",192989,1438,29736,30397,24529,13942,16651,18309,36961,19973,1053,-
"충청남도","계","15~19세",1263,11,40,192,404,147,46,71,174,178,-,-
"충청남도","계","20~24세",12671,32,2404,2401,2433,1290,110,744,2336,841,80,-
"충청남도","계","25~29세",26843,63,7151,6026,2540,1541,146,2081,6016,1012,267,-
"충청남도","계","30~34세",23382,97,5683,5019,1701,1378,261,2331,5789,940,183,-
"충청남도","계","35~39세",18608,100,3334,3650,1696,1397,293,2044,4964,1005,125,-
"충청남도","계","40~44세",15629,142,2613,3164,1415,1215,372,1856,3628,1086,138,-
"충청남도","계","45~49세",17183,224,2168,3049,1926,1496,640,2125,3936,1472,147,-
"충청남도","계","50~54세",17914,222,2337,2632,2661,1458,1022,2245,3445,1805,87,-
"충청남도","계","55~59세",19476,272,2100,2263,3378,1504,2028,2126,3283,2500,22,-
"충청남도","계","60~64세",16058,176,1110,1277,3292,1238,2487,1630,2155,2689,4,-
"충청남도","계","65~69세",9680,42,439,378,1833,698,2559,665,794,2272,-,-
"충청남도","계","70세 이상",14282,57,357,346,1250,580,6687,391,441,4173,-,-
"충청남도","남자","합계",119900,1131,16955,18727,8515,7055,9488,16424,30013,10748,844,-
"충청남도","남자","15~19세",483,11,15,29,109,37,32,54,113,83,-,-
"충청남도","남자","20~24세",5611,4,499,779,986,479,99,594,1643,473,55,-
"충청남도","남자","25~29세",17114,58,3858,3223,1511,926,136,1886,4614,702,200,-
"충청남도","남자","30~34세",17099,80,3636,3357,1145,920,215,2219,4642,743,142,-
"충청남도","남자","35~39세",14022,82,2199,2565,925,896,240,1893,4295,819,108,-
"충청남도","남자","40~44세",11554,102,1702,2278,677,707,306,1724,3114,823,121,-
"충청남도","남자","45~49세",11980,167,1305,1960,690,817,551,1967,3343,1057,123,-
"충청남도","남자","50~54세",11787,193,1264,1723,872,730,822,2036,2810,1262,75,-
"충청남도","남자","55~59세",11801,186,1205,1512,728,644,1499,1802,2711,1498,16,-
"충청남도","남자","60~64세",8815,168,702,849,465,465,1633,1421,1758,1350,4,-
"충청남도","남자","65~69세",4638,31,299,252,236,294,1449,528,650,899,-,-
"충청남도","남자","70세 이상",4996,49,271,200,171,140,2506,300,320,1039,-,-
"충청남도","여자","합계",73089,307,12781,11670,16014,6887,7163,1885,6948,9225,209,-
"충청남도","여자","15~19세",780,-,25,163,295,110,14,17,61,95,-,-
"충청남도","여자","20~24세",7060,28,1905,1622,1447,811,11,150,693,368,25,-
"충청남도","여자","25~29세",9729,5,3293,2803,1029,615,10,195,1402,310,67,-
"충청남도","여자","30~34세",6283,17,2047,1662,556,458,46,112,1147,197,41,-
"충청남도","여자","35~39세",4586,18,1135,1085,771,501,53,151,669,186,17,-
"충청남도","여자","40~44세",4075,40,911,886,738,508,66,132,514,263,17,-
"충청남도","여자","45~49세",5203,57,863,1089,1236,679,89,158,593,415,24,-
"충청남도","여자","50~54세",6127,29,1073,909,1789,728,200,209,635,543,12,-
"충청남도","여자","55~59세",7675,86,895,751,2650,860,529,324,572,1002,6,-
"충청남도","여자","60~64세",7243,8,408,428,2827,773,854,209,397,1339,-,-
"충청남도","여자","65~69세",5042,11,140,126,1597,404,1110,137,144,1373,-,-
"충청남도","여자","70세 이상",9286,8,86,146,1079,440,4181,91,121,3134,-,-
"전라북도","계","합계",139520,1009,23507,22223,19940,12125,13084,12210,16414,18692,316,-
"전라북도","계","15~19세",799,14,59,86,266,83,2,82,111,96,-,-
"전라북도","계","20~24세",8788,9,1989,1746,1993,879,74,508,836,634,120,-
"전라북도","계","25~29세",16438,70,5266,3887,1908,1381,177,1009,1835,836,69,-
"전라북도","계","30~34세",13479,54,4037,3436,1481,1086,246,1022,1536,551,30,-
"전라북도","계","35~39세",11525,66,2365,2657,1262,1055,353,1050,1857,823,37,-
"전라북도","계","40~44세",10860,87,1973,2122,1269,1163,434,1333,1622,836,21,-
"전라북도","계","45~49세",13225,119,2158,2615,1465,1200,663,1848,1991,1140,26,-
"전라북도","계","50~54세",14546,187,2090,2432,2019,1464,1019,1547,2162,1618,8,-
"전라북도","계","55~59세",14834,233,1829,1639,2807,1391,1516,1639,2014,1761,5,-
"전라북도","계","60~64세",13196,129,1047,911,2774,1112,2099,1322,1517,2285,-,-
"전라북도","계","65~69세",7999,28,371,415,1516,634,1967,515,649,1904,-,-
"전라북도","계","70세 이상",13831,13,323,277,1180,677,4534,335,284,6208,-,-
"전라북도","남자","합계",79684,771,11723,12910,6602,6089,7788,10604,14557,8371,269,-
"전라북도","남자","15~19세",441,14,42,49,65,20,2,82,109,58,-,-
"전라북도","남자","20~24세",3770,9,429,645,629,351,72,364,743,431,97,-
"전라북도","남자","25~29세",9378,48,2352,1826,1043,781,147,873,1636,621,51,-
"전라북도","남자","30~34세",9104,54,2183,2150,899,742,198,946,1451,453,28,-
"전라북도","남자","35~39세",8144,51,1339,1736,731,708,291,952,1717,586,33,-
"전라북도","남자","40~44세",7563,76,1066,1351,622,714,388,1249,1474,602,21,-
"전라북도","남자","45~49세",9065,86,1208,1638,570,610,570,1690,1832,835,26,-
"전라북도","남자","50~54세",9276,149,1085,1554,650,771,858,1393,1816,992,8,-
"전라북도","남자","55~59세",8700,185,984,1022,583,662,1189,1391,1708,971,5,-
"전라북도","남자","60~64세",6854,77,617,597,363,308,1427,1078,1298,1089,-,-
"전라북도","남자","65~69세",3587,20,216,226,208,242,1055,354,555,711,-,-
"전라북도","남자","70세 이상",3802,2,202,116,239,180,1591,232,218,1022,-,-
"전라북도","여자","합계",59836,238,11784,9313,13338,6036,5296,1606,1857,10321,47,-
"전라북도","여자","15~19세",358,-,17,37,201,63,-,-,2,38,-,-
"전라북도","여자","20~24세",5018,-,1560,1101,1364,528,2,144,93,203,23,-
"전라북도","여자","25~29세",7060,22,2914,2061,865,600,30,136,199,215,18,-
"전라북도","여자","30~34세",4375,-,1854,1286,582,344,48,76,85,98,2,-
"전라북도","여자","35~39세",3381,15,1026,921,531,347,62,98,140,237,4,-
"전라북도","여자","40~44세",3297,11,907,771,647,449,46,84,148,234,-,-
"전라북도","여자","45~49세",4160,33,950,977,895,590,93,158,159,305,-,-
"전라북도","여자","50~54세",5270,38,1005,878,1369,693,161,154,346,626,-,-
"전라북도","여자","55~59세",6134,48,845,617,2224,729,327,248,306,790,-,-
"전라북도","여자","60~64세",6342,52,430,314,2411,804,672,244,219,1196,-,-
"전라북도","여자","65~69세",4412,8,155,189,1308,392,912,161,94,1193,-,-
"전라북도","여자","70세 이상",10029,11,121,161,941,497,2943,103,66,5186,-,-
"전라남도","계","합계",146633,1105,20635,20561,19117,10481,24340,15137,13903,20603,751,-
"전라남도","계","15~19세",741,-,33,181,235,91,4,29,17,151,-,-
"전라남도","계","20~24세",6703,32,1363,1247,1224,701,121,769,547,504,195,-
"전라남도","계","25~29세",14398,38,4353,3681,1362,893,303,1377,1396,735,260,-
"전라남도","계","30~34세",11587,24,3204,2800,1178,768,290,1125,1507,569,122,-
"전라남도","계","35~39세",11033,37,2129,2529,1175,866,519,1542,1373,802,61,-
"전라남도","계","40~44세",10560,111,1846,2140,1136,857,652,1627,1295,852,44,-
"전라남도","계","45~49세",13314,118,1887,2328,1629,1228,1208,2036,1756,1093,31,-
"전라남도","계","50~54세",15616,178,2174,2362,2179,1205,1808,2182,1953,1548,27,-
"전라남도","계","55~59세",16758,330,1850,1604,3033,1334,2608,2024,1739,2225,11,-
"전라남도","계","60~64세",14949,194,1015,923,2920,977,3487,1479,1364,2590,-,-
"전라남도","계","65~69세",10321,24,499,442,1672,642,3620,577,685,2160,-,-
"전라남도","계","70세 이상",20653,19,282,324,1374,919,9720,370,271,7374,-,-
"전라남도","남자","합계",84785,742,11253,12421,6025,5225,13170,13618,12735,9020,576,-
"전라남도","남자","15~19세",472,-,31,95,143,44,2,25,17,115,-,-
"전라남도","남자","20~24세",3512,16,409,539,544,338,96,669,483,318,100,-
"전라남도","남자","25~29세",8678,29,2098,1679,739,554,262,1265,1296,559,197,-
"전라남도","남자","30~34세",8062,24,1869,1716,671,499,266,1040,1421,445,111,-
"전라남도","남자","35~39세",8161,28,1151,1698,713,616,468,1493,1331,606,57,-
"전라남도","남자","40~44세",7828,85,1094,1422,572,595,601,1539,1217,661,42,-
"전라남도","남자","45~49세",9375,78,1092,1461,578,721,1097,1918,1630,769,31,-
"전라남도","남자","50~54세",10354,131,1163,1546,590,600,1491,1993,1790,1023,27,-
"전라남도","남자","55~59세",10156,182,1050,1131,606,461,2032,1750,1573,1360,11,-
"전라남도","남자","60~64세",8209,137,674,612,364,387,2251,1276,1218,1290,-,-
"전라남도","남자","65~69세",4732,18,391,317,237,219,1736,465,562,787,-,-
"전라남도","남자","70세 이상",5246,14,231,205,268,191,2868,185,197,1087,-,-
"전라남도","여자","합계",61848,363,9382,8140,13092,5256,11170,1519,1168,11583,175,-
"전라남도","여자","15~19세",269,-,2,86,92,47,2,4,-,36,-,-
"전라남도","여자","20~24세",3191,16,954,708,680,363,25,100,64,186,95,-
"전라남도","여자","25~29세",5720,9,2255,2002,623,339,41,112,100,176,63,-
"전라남도","여자","30~34세",3525,-,1335,1084,507,269,24,85,86,124,11,-
"전라남도","여자","35~39세",2872,9,978,831,462,250,51,49,42,196,4,-
"전라남도","여자","40~44세",2732,26,752,718,564,262,51,88,78,191,2,-
"전라남도","여자","45~49세",3939,40,795,867,1051,507,111,118,126,324,-,-
"전라남도","여자","50~54세",5262,47,1011,816,1589,605,317,189,163,525,-,-
"전라남도","여자","55~59세",6602,148,800,473,2427,873,576,274,166,865,-,-
"전라남도","여자","60~64세",6740,57,341,311,2556,590,1236,203,146,1300,-,-
"전라남도","여자","65~69세",5589,6,108,125,1435,423,1884,112,123,1373,-,-
"전라남도","여자","70세 이상",15407,5,51,119,1106,728,6852,185,74,6287,-,-
"경상북도","계","합계",215785,1894,31317,30442,30209,15892,24133,17889,36438,26973,598,-
"경상북도","계","15~19세",1529,18,118,220,364,225,2,105,337,140,-,-
"경상북도","계","20~24세",12361,8,2617,2141,2305,1025,153,765,2404,846,97,-
"경상북도","계","25~29세",24381,22,6388,5230,2546,1513,263,1694,5367,1171,187,-
"경상북도","계","30~34세",21374,114,5012,5061,1991,1331,281,1582,4877,1050,75,-
"경상북도","계","35~39세",18387,150,3595,3807,1813,1545,469,1756,4133,1042,77,-
"경상북도","계","40~44세",16878,151,2827,3278,1775,1454,506,1962,3495,1370,60,-
"경상북도","계","45~49세",19964,227,2978,3398,2729,1740,964,2171,3998,1716,43,-
"경상북도","계","50~54세",22318,430,2854,3147,3551,1854,1859,2172,3998,2420,33,-
"경상북도","계","55~59세",24000,404,2522,2413,4490,1784,3107,2476,3781,3001,22,-
"경상북도","계","60~64세",20953,281,1434,1049,4285,1449,4296,1893,2561,3705,-,-
"경상북도","계","65~69세",13756,51,585,458,2451,946,4227,881,982,3171,4,-
"경상북도","계","70세 이상",19884,38,387,240,1909,1026,8006,432,505,7341,-,-
"경상북도","남자","합계",127852,1531,17381,18266,9243,7964,14847,15828,29737,12487,568,-
"경상북도","남자","15~19세",847,18,66,81,139,108,2,84,277,72,-,-
"경상북도","남자","20~24세",6196,8,644,833,984,478,99,691,1887,482,90,-
"경상북도","남자","25~29세",15252,18,3143,2652,1460,1016,230,1471,4159,925,178,-
"경상북도","남자","30~34세",15360,90,3127,3243,1233,923,231,1499,4138,804,72,-
"경상북도","남자","35~39세",13283,114,2318,2456,881,1042,424,1653,3509,809,77,-
"경상북도","남자","40~44세",11904,136,1660,2169,803,823,466,1861,2960,977,49,-
"경상북도","남자","45~49세",13307,190,1652,2208,978,937,845,1993,3240,1221,43,-
"경상북도","남자","50~54세",14052,328,1681,1885,910,870,1570,1985,3232,1558,33,-
"경상북도","남자","55~59세",14065,295,1495,1599,839,704,2329,2185,3012,1585,22,-
"경상북도","남자","60~64세",11050,261,979,667,508,500,2954,1491,2058,1632,-,-
"경상북도","남자","65~69세",6376,51,364,330,280,308,2370,674,846,1149,4,-
"경상북도","남자","70세 이상",6160,22,252,143,228,255,3327,241,419,1273,-,-
"경상북도","여자","합계",87933,363,13936,12176,20966,7928,9286,2061,6701,14486,30,-
"경상북도","여자","15~19세",682,-,52,139,225,117,-,21,60,68,-,-
"경상북도","여자","20~24세",6165,-,1973,1308,1321,547,54,74,517,364,7,-
"경상북도","여자","25~29세",9129,4,3245,2578,1086,497,33,223,1208,246,9,-
"경상북도","여자","30~34세",6014,24,1885,1818,758,408,50,83,739,246,3,-
"경상북도","여자","35~39세",5104,36,1277,1351,932,503,45,103,624,233,-,-
"경상북도","여자","40~44세",4974,15,1167,1109,972,631,40,101,535,393,11,-
"경상북도","여자","45~49세",6657,37,1326,1190,1751,803,119,178,758,495,-,-
"경상북도","여자","50~54세",8266,102,1173,1262,2641,984,289,187,766,862,-,-
"경상북도","여자","55~59세",9935,109,1027,814,3651,1080,778,291,769,1416,-,-
"경상북도","여자","60~64세",9903,20,455,382,3777,949,1342,402,503,2073,-,-
"경상북도","여자","65~69세",7380,-,221,128,2171,638,1857,207,136,2022,-,-
"경상북도","여자","70세 이상",13724,16,135,97,1681,771,4679,191,86,6068,-,-
"경상남도","계","합계",245086,1536,40694,35587,33730,19759,17384,27139,38421,29295,1541,-
"경상남도","계","15~19세",718,6,38,98,205,90,18,49,114,100,-,-
"경상남도","계","20~24세",10228,12,2421,1607,2191,936,101,725,1373,592,270,-
"경상남도","계","25~29세",26547,55,8715,5496,2809,1830,236,2284,3624,1007,491,-
"경상남도","계","30~34세",24891,43,6997,5823,2279,2057,179,2372,3875,1014,252,-
"경상남도","계","35~39세",23267,120,5008,4856,2230,1776,333,3023,4451,1328,142,-
"경상남도","계","40~44세",22295,74,3995,4036,2250,1879,415,3412,4510,1559,165,-
"경상남도","계","45~49세",25590,249,3956,4614,2834,2479,687,3821,4952,1869,129,-
"경상남도","계","50~54세",27584,308,3874,3732,4046,2588,1238,3958,5109,2683,48,-
"경상남도","계","55~59세",27073,337,2772,2587,5038,2345,1988,3492,4807,3669,38,-
"경상남도","계","60~64세",24533,197,1740,1761,5336,1908,2942,2570,3487,4592,-,-
"경상남도","계","65~69세",14085,98,693,631,2695,868,2836,946,1485,3827,6,-
"경상남도","계","70세 이상",18275,37,485,346,1817,1003,6411,487,634,7055,-,-
"경상남도","남자","합계",145729,1137,22513,21024,9909,9770,9652,24344,32711,13327,1342,-
"경상남도","남자","15~19세",382,6,38,44,47,40,18,33,92,64,-,-
"경상남도","남자","20~24세",4830,12,556,599,836,379,59,601,1154,420,214,-
"경상남도","남자","25~29세",16247,55,4075,2772,1567,1149,208,2127,3129,766,399,-
"경상남도","남자","30~34세",17654,41,4391,3576,1386,1399,142,2246,3493,770,210,-
"경상남도","남자","35~39세",17032,106,3023,3142,1133,1203,295,2862,4017,1109,142,-
"경상남도","남자","40~44세",15991,58,2337,2617,1010,1111,342,3195,4073,1086,162,-
"경상남도","남자","45~49세",17189,219,2281,2742,917,1341,606,3513,4153,1288,129,-
"경상남도","남자","50~54세",17173,211,2150,2292,1005,1184,998,3542,4157,1586,48,-
"경상남도","남자","55~59세",15245,225,1640,1557,813,907,1411,3035,3829,1796,32,-
"경상남도","남자","60~64세",12319,136,1175,1067,645,556,1938,2117,2835,1850,-,-
"경상남도","남자","65~69세",6457,41,498,426,290,278,1541,775,1286,1316,6,-
"경상남도","남자","70세 이상",5210,27,349,190,260,223,2094,298,493,1276,-,-
"경상남도","여자","합계",99357,399,18181,14563,23821,9989,7732,2795,5710,15968,199,-
"경상남도","여자","15~19세",336,-,-,54,158,50,-,16,22,36,-,-
"경상남도","여자","20~24세",5398,-,1865,1008,1355,557,42,124,219,172,56,-
"경상남도","여자","25~29세",10300,-,4640,2724,1242,681,28,157,495,241,92,-
"경상남도","여자","30~34세",7237,2,2606,2247,893,658,37,126,382,244,42,-
"경상남도","여자","35~39세",6235,14,1985,1714,1097,573,38,161,434,219,-,-
"경상남도","여자","40~44세",6304,16,1658,1419,1240,768,73,217,437,473,3,-
"경상남도","여자","45~49세",8401,30,1675,1872,1917,1138,81,308,799,581,-,-
"경상남도","여자","50~54세",10411,97,1724,1440,3041,1404,240,416,952,1097,-,-
"경상남도","여자","55~59세",11828,112,1132,1030,4225,1438,577,457,978,1873,6,-
"경상남도","여자","60~64세",12214,61,565,694,4691,1352,1004,453,652,2742,-,-
"경상남도","여자","65~69세",7628,57,195,205,2405,590,1295,171,199,2511,-,-
"경상남도","여자","70세 이상",13065,10,136,156,1557,780,4317,189,141,5779,-,-
"제주특별자치도","계","합계",56178,325,9148,8012,12523,5711,4568,5145,3650,7071,25,-
"제주특별자치도","계","15~19세",191,-,30,28,97,2,-,-,15,19,-,-
"제주특별자치도","계","20~24세",2833,-,351,451,1065,357,26,226,41,316,-,-
"제주특별자치도","계","25~29세",6434,26,1578,1270,1572,759,84,377,321,432,15,-
"제주특별자치도","계","30~34세",5381,21,1388,1081,1141,624,96,403,255,367,5,-
"제주특별자치도","계","35~39세",5502,21,1260,866,1174,678,127,708,338,330,-,-
"제주특별자치도","계","40~44세",5412,64,959,967,1244,558,202,552,399,467,-,-
"제주특별자치도","계","45~49세",6619,45,1112,920,1366,948,405,740,553,525,5,-
"제주특별자치도","계","50~54세",6839,64,1033,1067,1268,521,682,835,666,703,-,-
"제주특별자치도","계","55~59세",6126,66,718,806,1365,566,677,602,492,834,-,-
"제주특별자치도","계","60~64세",4566,11,402,271,1113,284,757,381,360,987,-,-
"제주특별자치도","계","65~69세",2752,7,195,166,657,205,527,231,181,583,-,-
"제주특별자치도","계","70세 이상",3523,-,122,119,461,209,985,90,29,1508,-,-
"제주특별자치도","남자","합계",31501,285,4564,4187,4980,2949,2789,4577,3355,3796,19,-
"제주특별자치도","남자","15~19세",87,-,30,-,36,2,-,-,-,19,-,-
"제주특별자치도","남자","20~24세",1123,-,8,126,449,95,26,191,32,196,-,-
"제주특별자치도","남자","25~29세",3486,26,700,572,819,327,59,367,270,337,9,-
"제주특별자치도","남자","30~34세",3394,16,767,616,639,356,62,383,250,300,5,-
"제주특별자치도","남자","35~39세",3466,21,639,500,610,362,105,657,312,260,-,-
"제주특별자치도","남자","40~44세",3496,54,455,506,730,374,179,496,376,326,-,-
"제주특별자치도","남자","45~49세",4111,36,532,564,522,652,338,615,514,333,5,-
"제주특별자치도","남자","50~54세",4262,64,538,531,441,287,588,749,590,474,-,-
"제주특별자치도","남자","55~59세",3654,57,423,527,280,265,529,558,481,534,-,-
"제주특별자치도","남자","60~64세",2297,11,252,127,223,102,407,331,338,506,-,-
"제주특별자치도","남자","65~69세",1292,-,125,82,109,93,272,188,181,242,-,-
"제주특별자치도","남자","70세 이상",833,-,95,36,122,34,224,42,11,269,-,-
"제주특별자치도","여자","합계",24677,40,4584,3825,7543,2762,1779,568,295,3275,6,-
"제주특별자치도","여자","15~19세",104,-,-,28,61,-,-,-,15,-,-,-
"제주특별자치도","여자","20~24세",1710,-,343,325,616,262,-,35,9,120,-,-
"제주특별자치도","여자","25~29세",2948,-,878,698,753,432,25,10,51,95,6,-
"제주특별자치도","여자","30~34세",1987,5,621,465,502,268,34,20,5,67,-,-
"제주특별자치도","여자","35~39세",2036,-,621,366,564,316,22,51,26,70,-,-
"제주특별자치도","여자","40~44세",1916,10,504,461,514,184,23,56,23,141,-,-
"제주특별자치도","여자","45~49세",2508,9,580,356,844,296,67,125,39,192,-,-
"제주특별자치도","여자","50~54세",2577,-,495,536,827,234,94,86,76,229,-,-
"제주특별자치도","여자","55~59세",2472,9,295,279,1085,301,148,44,11,300,-,-
"제주특별자치도","여자","60~64세",2269,-,150,144,890,182,350,50,22,481,-,-
"제주특별자치도","여자","65~69세",1460,7,70,84,548,112,255,43,-,341,-,-
"제주특별자치도","여자","70세 이상",2690,-,27,83,339,175,761,48,18,1239,-,-
