"행정구역별","성별","연령별",2020,2020,2020,2020,2020,2020,2020,2020,2020,2020,2020
"행정구역별","성별","연령별",1인가구(20세이상 인구)-계,사회분야단체,경제분야단체,문화분야단체,정치분야단체,종교분야단체,지역단체,친목단체,교육단체,기타,없음
"전국","계","합계",6571235,221852,90939,622454,38920,388794,78606,657931,59528,518,4827398
"전국","계","20~24세",496119,18547,3392,46301,780,16246,2044,27146,2428,358,397625
"전국","계","25~29세",775110,26126,11681,96211,1885,31797,5030,63020,6162,105,575103
"전국","계","30~34세",618316,21480,10775,93798,5165,27664,5182,56868,8713,21,429841
"전국","계","35~39세",497027,18869,9149,68535,5028,23129,4986,43204,6686,12,349541
"전국","계","40~44세",427257,15930,8903,52221,5293,19123,5526,41214,7507,3,302237
"전국","계","45~49세",476499,19331,10821,55440,6377,24438,6571,56754,8337,10,329355
"전국","계","50~54세",497959,22538,10783,53793,5986,29218,7260,71274,8249,5,339810
"전국","계","55~59세",541536,24005,9420,48718,3471,35647,8197,82182,4919,-,376001
"전국","계","60~64세",580701,22517,7415,42780,2516,45056,8934,82547,3007,-,411439
"전국","계","65~69세",458284,14038,3667,27591,1406,38720,7268,58210,1453,-,334077
"전국","계","70~74세",382524,9331,2375,18888,537,35817,6009,38555,944,-,288634
"전국","계","75세 이상",819903,9140,2558,18178,476,61939,11599,36957,1123,4,693735
"전국","남자","합계",3270544,114208,59145,368320,24913,138901,36888,398037,25161,230,2339271
"전국","남자","20~24세",219029,6763,1332,22261,323,6232,916,12257,666,149,176099
"전국","남자","25~29세",433190,14317,6660,55323,991,15730,2767,37533,2077,45,320457
"전국","남자","30~34세",394473,13245,7594,61503,3252,15868,3267,40140,4411,16,271768
"전국","남자","35~39세",320100,12032,6501,47066,3387,13017,3149,32518,3205,10,221299
"전국","남자","40~44세",272897,9660,6252,36055,3457,10383,3475,30743,3311,1,190353
"전국","남자","45~49세",299310,11398,7744,36795,4429,12102,4363,41307,3731,-,204272
"전국","남자","50~54세",300477,12563,7798,34160,3931,13748,4290,48749,3784,5,203060
"전국","남자","55~59세",294220,12305,6197,28390,2264,13999,4191,51067,1779,-,203137
"전국","남자","60~64세",270517,10100,4642,21494,1595,14158,3633,44596,1028,-,191379
"전국","남자","65~69세",180497,5547,2181,12309,718,9149,2739,28097,484,-,131636
"전국","남자","70~74세",119128,3248,1290,6962,290,6490,1698,16347,313,-,89408
"전국","남자","75세 이상",166706,3030,954,6002,276,8025,2400,14683,372,4,136403
"전국","여자","합계",3300691,107644,31794,254134,14007,249893,41718,259894,34367,288,2488127
"전국","여자","20~24세",277090,11784,2060,24040,457,10014,1128,14889,1762,209,221526
"전국","여자","25~29세",341920,11809,5021,40888,894,16067,2263,25487,4085,60,254646
"전국","여자","30~34세",223843,8235,3181,32295,1913,11796,1915,16728,4302,5,158073
"전국","여자","35~39세",176927,6837,2648,21469,1641,10112,1837,10686,3481,2,128242
"전국","여자","40~44세",154360,6270,2651,16166,1836,8740,2051,10471,4196,2,111884
"전국","여자","45~49세",177189,7933,3077,18645,1948,12336,2208,15447,4606,10,125083
"전국","여자","50~54세",197482,9975,2985,19633,2055,15470,2970,22525,4465,-,136750
"전국","여자","55~59세",247316,11700,3223,20328,1207,21648,4006,31115,3140,-,172864
"전국","여자","60~64세",310184,12417,2773,21286,921,30898,5301,37951,1979,-,220060
"전국","여자","65~69세",277787,8491,1486,15282,688,29571,4529,30113,969,-,202441
"전국","여자","70~74세",263396,6083,1085,11926,247,29327,4311,22208,631,-,199226
"전국","여자","75세 이상",653197,6110,1604,12176,200,53914,9199,22274,751,-,557332
"동부","계","합계",5239646,175078,71597,520104,32784,314642,56222,498827,47751,457,3846955
"동부","계","20~24세",434915,16328,2878,40988,681,14331,1747,24125,1980,324,348170
"동부","계","25~29세",693054,23308,10255,86175,1689,28734,4311,55680,5105,96,514843
"동부","계","30~34세",546390,18970,9289,83516,4638,24731,4446,49655,7337,11,380061
"동부","계","35~39세",429423,16395,7585,59158,4480,20416,4332,36331,5514,12,302535
"동부","계","40~44세",359437,12894,7215,43808,4570,16327,4336,33263,6079,3,255883
"동부","계","45~49세",390531,14918,8500,45124,5264,20368,5226,43593,6714,2,272481
"동부","계","50~54세",393310,16534,7893,42064,4759,23124,5319,51777,6461,5,272538
"동부","계","55~59세",413826,16823,6640,36639,2756,27399,5606,56850,3574,-,293644
"동부","계","60~64세",440021,15535,5236,32340,2033,34957,5922,56428,2309,-,317223
"동부","계","65~69세",342070,9697,2580,21260,1094,30071,4603,39272,1074,-,252146
"동부","계","70~74세",278118,6892,1639,15088,472,27859,3784,26573,743,-,208929
"동부","계","75세 이상",518551,6784,1887,13944,348,46325,6590,25280,861,4,428502
"동부","남자","합계",2602143,86579,44973,298913,20492,109923,26042,290397,19531,202,1880244
"동부","남자","20~24세",186078,5661,1071,18980,284,5334,715,10517,590,132,149656
"동부","남자","25~29세",377922,12469,5638,48169,902,13950,2265,32350,1717,39,280116
"동부","남자","30~34세",341893,11437,6421,53666,2882,13846,2728,34300,3696,11,235733
"동부","남자","35~39세",270189,10100,5288,39670,2998,11204,2702,26824,2539,10,187248
"동부","남자","40~44세",223989,7514,4927,29576,2914,8598,2619,24092,2582,1,157569
"동부","남자","45~49세",239658,8586,5898,29313,3594,9743,3404,31065,2953,-,165314
"동부","남자","50~54세",231506,8792,5623,26106,3012,10536,3029,34004,2835,5,159600
"동부","남자","55~59세",217066,8159,4191,20519,1744,10309,2626,33266,1240,-,154412
"동부","남자","60~64세",194122,6289,3056,15044,1245,9980,2067,27847,631,-,141696
"동부","남자","65~69세",127458,3390,1410,8782,499,6166,1596,16888,270,-,95898
"동부","남자","70~74세",83427,2207,813,5024,240,4648,941,9978,222,-,63869
"동부","남자","75세 이상",108835,1975,637,4064,178,5609,1350,9266,256,4,89133
"동부","여자","합계",2637503,88499,26624,221191,12292,204719,30180,208430,28220,255,1966711
"동부","여자","20~24세",248837,10667,1807,22008,397,8997,1032,13608,1390,192,198514
"동부","여자","25~29세",315132,10839,4617,38006,787,14784,2046,23330,3388,57,234727
"동부","여자","30~34세",204497,7533,2868,29850,1756,10885,1718,15355,3641,-,144328
"동부","여자","35~39세",159234,6295,2297,19488,1482,9212,1630,9507,2975,2,115287
"동부","여자","40~44세",135448,5380,2288,14232,1656,7729,1717,9171,3497,2,98314
"동부","여자","45~49세",150873,6332,2602,15811,1670,10625,1822,12528,3761,2,107167
"동부","여자","50~54세",161804,7742,2270,15958,1747,12588,2290,17773,3626,-,112938
"동부","여자","55~59세",196760,8664,2449,16120,1012,17090,2980,23584,2334,-,139232
"동부","여자","60~64세",245899,9246,2180,17296,788,24977,3855,28581,1678,-,175527
"동부","여자","65~69세",214612,6307,1170,12478,595,23905,3007,22384,804,-,156248
"동부","여자","70~74세",194691,4685,826,10064,232,23211,2843,16595,521,-,145060
"동부","여자","75세 이상",409716,4809,1250,9880,170,40716,5240,16014,605,-,339369
"읍부","계","합계",615938,21653,9613,55466,3070,33113,8521,67375,6418,29,451098
"읍부","계","20~24세",36941,1325,312,3225,79,1199,208,1806,285,5,29805
"읍부","계","25~29세",53548,1791,933,6683,127,2113,479,4500,704,6,39331
"읍부","계","30~34세",46687,1666,970,6597,317,1840,501,4541,853,10,32507
"읍부","계","35~39세",42967,1476,991,5982,332,1785,373,3964,695,-,30199
"읍부","계","40~44세",40869,1757,986,5108,421,1500,676,4281,865,-,28534
"읍부","계","45~49세",48917,2119,1206,5854,610,2149,715,6714,969,8,33184
"읍부","계","50~54세",53380,2786,1374,6067,560,2910,921,8945,875,-,35480
"읍부","계","55~59세",57796,2929,1162,5875,344,3720,892,9772,633,-,38296
"읍부","계","60~64세",58737,2510,712,4299,141,3923,839,9040,254,-,41329
"읍부","계","65~69세",45559,1381,428,2632,91,3252,743,6056,125,-,33466
"읍부","계","70~74세",38714,1002,263,1548,19,3238,624,4040,71,-,29537
"읍부","계","75세 이상",91823,911,276,1596,29,5484,1550,3716,89,-,79430
"읍부","남자","합계",325312,12447,6809,37391,2094,12703,4100,44459,2985,11,227864
"읍부","남자","20~24세",19218,671,112,1913,19,537,124,963,54,-,15456
"읍부","남자","25~29세",34988,1107,668,4677,59,1139,304,3151,243,6,25506
"읍부","남자","30~34세",33498,1161,769,4904,225,1226,371,3616,453,5,23127
"읍부","남자","35~39세",31358,1171,736,4674,245,1162,233,3164,425,-,21654
"읍부","남자","40~44세",28807,1219,772,3931,316,918,485,3544,441,-,19647
"읍부","남자","45~49세",32675,1210,924,4182,454,1121,471,4983,455,-,21953
"읍부","남자","50~54세",33593,1724,963,4120,400,1533,594,6580,465,-,21718
"읍부","남자","55~59세",32841,1585,750,3800,218,1548,407,6517,197,-,21450
"읍부","남자","60~64세",29343,1297,515,2588,79,1315,353,5262,140,-,20233
"읍부","남자","65~69세",18761,563,319,1326,53,821,263,3238,31,-,13458
"읍부","남자","70~74세",12493,373,167,701,11,606,207,1925,35,-,9167
"읍부","남자","75세 이상",17737,366,114,575,15,777,288,1516,46,-,14495
"읍부","여자","합계",290626,9206,2804,18075,976,20410,4421,22916,3433,18,223234
"읍부","여자","20~24세",17723,654,200,1312,60,662,84,843,231,5,14349
"읍부","여자","25~29세",18560,684,265,2006,68,974,175,1349,461,-,13825
"읍부","여자","30~34세",13189,505,201,1693,92,614,130,925,400,5,9380
"읍부","여자","35~39세",11609,305,255,1308,87,623,140,800,270,-,8545
"읍부","여자","40~44세",12062,538,214,1177,105,582,191,737,424,-,8887
"읍부","여자","45~49세",16242,909,282,1672,156,1028,244,1731,514,8,11231
"읍부","여자","50~54세",19787,1062,411,1947,160,1377,327,2365,410,-,13762
"읍부","여자","55~59세",24955,1344,412,2075,126,2172,485,3255,436,-,16846
"읍부","여자","60~64세",29394,1213,197,1711,62,2608,486,3778,114,-,21096
"읍부","여자","65~69세",26798,818,109,1306,38,2431,480,2818,94,-,20008
"읍부","여자","70~74세",26221,629,96,847,8,2632,417,2115,36,-,20370
"읍부","여자","75세 이상",74086,545,162,1021,14,4707,1262,2200,43,-,64935
"면부","계","합계",715651,25121,9729,46884,3066,41039,13863,91729,5359,32,529345
"면부","계","20~24세",24263,894,202,2088,20,716,89,1215,163,29,19650
"면부","계","25~29세",28508,1027,493,3353,69,950,240,2840,353,3,20929
"면부","계","30~34세",25239,844,516,3685,210,1093,235,2672,523,-,17273
"면부","계","35~39세",24637,998,573,3395,216,928,281,2909,477,-,16807
"면부","계","40~44세",26951,1279,702,3305,302,1296,514,3670,563,-,17820
"면부","계","45~49세",37051,2294,1115,4462,503,1921,630,6447,654,-,23690
"면부","계","50~54세",51269,3218,1516,5662,667,3184,1020,10552,913,-,31792
"면부","계","55~59세",69914,4253,1618,6204,371,4528,1699,15560,712,-,44061
"면부","계","60~64세",81943,4472,1467,6141,342,6176,2173,17079,444,-,52887
"면부","계","65~69세",70655,2960,659,3699,221,5397,1922,12882,254,-,48465
"면부","계","70~74세",65692,1437,473,2252,46,4720,1601,7942,130,-,50168
"면부","계","75세 이상",209529,1445,395,2638,99,10130,3459,7961,173,-,185803
"면부","남자","합계",343089,15182,7363,32016,2327,16275,6746,63181,2645,17,231163
"면부","남자","20~24세",13733,431,149,1368,20,361,77,777,22,17,10987
"면부","남자","25~29세",20280,741,354,2477,30,641,198,2032,117,-,14835
"면부","남자","30~34세",19082,647,404,2933,145,796,168,2224,262,-,12908
"면부","남자","35~39세",18553,761,477,2722,144,651,214,2530,241,-,12397
"면부","남자","40~44세",20101,927,553,2548,227,867,371,3107,288,-,13137
"면부","남자","45~49세",26977,1602,922,3300,381,1238,488,5259,323,-,17005
"면부","남자","50~54세",35378,2047,1212,3934,519,1679,667,8165,484,-,21742
"면부","남자","55~59세",44313,2561,1256,4071,302,2142,1158,11284,342,-,27275
"면부","남자","60~64세",47052,2514,1071,3862,271,2863,1213,11487,257,-,29450
"면부","남자","65~69세",34278,1594,452,2201,166,2162,880,7971,183,-,22280
"면부","남자","70~74세",23208,668,310,1237,39,1236,550,4444,56,-,16372
"면부","남자","75세 이상",40134,689,203,1363,83,1639,762,3901,70,-,32775
"면부","여자","합계",372562,9939,2366,14868,739,24764,7117,28548,2714,15,298182
"면부","여자","20~24세",10530,463,53,720,-,355,12,438,141,12,8663
"면부","여자","25~29세",8228,286,139,876,39,309,42,808,236,3,6094
"면부","여자","30~34세",6157,197,112,752,65,297,67,448,261,-,4365
"면부","여자","35~39세",6084,237,96,673,72,277,67,379,236,-,4410
"면부","여자","40~44세",6850,352,149,757,75,429,143,563,275,-,4683
"면부","여자","45~49세",10074,692,193,1162,122,683,142,1188,331,-,6685
"면부","여자","50~54세",15891,1171,304,1728,148,1505,353,2387,429,-,10050
"면부","여자","55~59세",25601,1692,362,2133,69,2386,541,4276,370,-,16786
"면부","여자","60~64세",34891,1958,396,2279,71,3313,960,5592,187,-,23437
"면부","여자","65~69세",36377,1366,207,1498,55,3235,1042,4911,71,-,26185
"면부","여자","70~74세",42484,769,163,1015,7,3484,1051,3498,74,-,33796
"면부","여자","75세 이상",169395,756,192,1275,16,8491,2697,4060,103,-,153028
"서울특별시","계","합계",1376464,51419,18987,160860,12201,97121,15919,120903,12492,137,976676
"서울특별시","계","20~24세",123938,6110,884,15652,291,4901,675,8089,793,84,92990
"서울특별시","계","25~29세",238517,9385,3030,33541,819,11355,1839,19245,1290,48,172224
"서울특별시","계","30~34세",183573,7311,2965,31545,1888,9808,1649,16899,2376,3,122695
"서울특별시","계","35~39세",126485,5594,2113,19772,1693,7258,1478,10421,1577,-,85051
"서울특별시","계","40~44세",91518,3789,1970,12264,1704,5217,1349,7470,1508,-,62704
"서울특별시","계","45~49세",90186,3639,1933,10682,1511,6009,1463,8399,1570,2,61955
"서울특별시","계","50~54세",82704,3272,1585,9084,1273,5891,1223,9103,1340,-,57158
"서울특별시","계","55~59세",84976,3175,1356,7372,1083,6845,1368,9792,774,-,60387
"서울특별시","계","60~64세",94834,3241,1284,7267,1021,9268,1240,10604,572,-,67623
"서울특별시","계","65~69세",77047,2289,739,5467,622,8373,1111,8548,334,-,54872
"서울특별시","계","70~74세",65469,1753,544,4177,140,8228,857,6111,173,-,47055
"서울특별시","계","75세 이상",117217,1861,584,4037,156,13968,1667,6222,185,-,91962
"서울특별시","남자","합계",645654,23381,10197,80474,6997,32202,7596,64787,5239,18,458033
"서울특별시","남자","20~24세",42602,1762,232,5447,102,1513,207,2881,231,10,32403
"서울특별시","남자","25~29세",114318,4519,1378,15768,417,5052,976,9807,553,5,82622
"서울특별시","남자","30~34세",102247,3784,1754,17308,1078,4912,902,10291,1181,3,68552
"서울특별시","남자","35~39세",70540,2947,1126,11231,1008,3348,846,6818,688,-,47199
"서울특별시","남자","40~44세",51144,2015,1101,7026,1005,2363,840,4648,674,-,35126
"서울특별시","남자","45~49세",52330,1830,1122,6442,910,2723,872,5634,703,-,36120
"서울특별시","남자","50~54세",48793,1729,1147,5588,795,2604,705,5952,660,-,33792
"서울특별시","남자","55~59세",46352,1624,879,3947,662,2590,724,5783,276,-,33637
"서울특별시","남자","60~64세",42318,1292,676,3177,578,2583,453,4879,116,-,31213
"서울특별시","남자","65~69세",28985,767,346,2157,276,1649,426,3530,63,-,21607
"서울특별시","남자","70~74세",20181,560,254,1282,77,1284,277,2255,39,-,15184
"서울특별시","남자","75세 이상",25844,552,182,1101,89,1581,368,2309,55,-,20578
"서울특별시","여자","합계",730810,28038,8790,80386,5204,64919,8323,56116,7253,119,518643
"서울특별시","여자","20~24세",81336,4348,652,10205,189,3388,468,5208,562,74,60587
"서울특별시","여자","25~29세",124199,4866,1652,17773,402,6303,863,9438,737,43,89602
"서울특별시","여자","30~34세",81326,3527,1211,14237,810,4896,747,6608,1195,-,54143
"서울특별시","여자","35~39세",55945,2647,987,8541,685,3910,632,3603,889,-,37852
"서울특별시","여자","40~44세",40374,1774,869,5238,699,2854,509,2822,834,-,27578
"서울특별시","여자","45~49세",37856,1809,811,4240,601,3286,591,2765,867,2,25835
"서울특별시","여자","50~54세",33911,1543,438,3496,478,3287,518,3151,680,-,23366
"서울특별시","여자","55~59세",38624,1551,477,3425,421,4255,644,4009,498,-,26750
"서울특별시","여자","60~64세",52516,1949,608,4090,443,6685,787,5725,456,-,36410
"서울특별시","여자","65~69세",48062,1522,393,3310,346,6724,685,5018,271,-,33265
"서울특별시","여자","70~74세",45288,1193,290,2895,63,6944,580,3856,134,-,31871
"서울특별시","여자","75세 이상",91373,1309,402,2936,67,12387,1299,3913,130,-,71384
"부산광역시","계","합계",450694,11154,4526,36400,1491,21698,3910,46105,2934,40,346099
"부산광역시","계","20~24세",36903,1191,149,3395,68,936,159,2040,132,30,30194
"부산광역시","계","25~29세",46740,1139,705,4846,95,1554,152,3509,305,10,36603
"부산광역시","계","30~34세",33655,805,522,4374,137,1010,153,2865,279,-,25167
"부산광역시","계","35~39세",27809,791,367,3398,108,890,217,2279,261,-,20960
"부산광역시","계","40~44세",24544,706,387,2870,191,898,236,2189,308,-,18367
"부산광역시","계","45~49세",28650,766,456,2988,196,1185,264,3106,514,-,21254
"부산광역시","계","50~54세",31838,1000,567,3198,295,1591,416,4285,379,-,23020
"부산광역시","계","55~59세",37611,1216,467,3064,142,2052,429,5629,272,-,27360
"부산광역시","계","60~64세",46987,1383,427,3165,104,2969,482,6949,243,-,34232
"부산광역시","계","65~69세",41298,854,192,2346,80,2720,474,5646,75,-,30942
"부산광역시","계","70~74세",34080,699,139,1450,40,2285,362,3871,84,-,26396
"부산광역시","계","75세 이상",60579,604,148,1306,35,3608,566,3737,82,-,51604
"부산광역시","남자","합계",204448,5027,2931,19916,925,6781,1623,23293,1107,12,155015
"부산광역시","남자","20~24세",15709,399,34,1657,41,376,71,862,33,2,12763
"부산광역시","남자","25~29세",24621,606,412,2670,49,707,83,2162,118,10,19041
"부산광역시","남자","30~34세",20296,545,367,2722,97,533,114,1902,126,-,14972
"부산광역시","남자","35~39세",16917,494,249,2340,80,538,154,1612,146,-,12302
"부산광역시","남자","40~44세",15010,348,252,1942,100,444,132,1552,115,-,11133
"부산광역시","남자","45~49세",16979,419,305,1978,125,506,163,2179,173,-,12446
"부산광역시","남자","50~54세",18453,553,428,1901,212,726,263,2703,152,-,13336
"부산광역시","남자","55~59세",19225,535,328,1663,75,796,210,3013,107,-,14096
"부산광역시","남자","60~64세",20026,507,285,1294,63,831,131,2865,76,-,15117
"부산광역시","남자","65~69세",15015,230,115,936,38,529,127,2086,4,-,11695
"부산광역시","남자","70~74세",9789,243,91,461,20,346,73,1209,27,-,7734
"부산광역시","남자","75세 이상",12408,148,65,352,25,449,102,1148,30,-,10380
"부산광역시","여자","합계",246246,6127,1595,16484,566,14917,2287,22812,1827,28,191084
"부산광역시","여자","20~24세",21194,792,115,1738,27,560,88,1178,99,28,17431
"부산광역시","여자","25~29세",22119,533,293,2176,46,847,69,1347,187,-,17562
"부산광역시","여자","30~34세",13359,260,155,1652,40,477,39,963,153,-,10195
"부산광역시","여자","35~39세",10892,297,118,1058,28,352,63,667,115,-,8658
"부산광역시","여자","40~44세",9534,358,135,928,91,454,104,637,193,-,7234
"부산광역시","여자","45~49세",11671,347,151,1010,71,679,101,927,341,-,8808
"부산광역시","여자","50~54세",13385,447,139,1297,83,865,153,1582,227,-,9684
"부산광역시","여자","55~59세",18386,681,139,1401,67,1256,219,2616,165,-,13264
"부산광역시","여자","60~64세",26961,876,142,1871,41,2138,351,4084,167,-,19115
"부산광역시","여자","65~69세",26283,624,77,1410,42,2191,347,3560,71,-,19247
"부산광역시","여자","70~74세",24291,456,48,989,20,1939,289,2662,57,-,18662
"부산광역시","여자","75세 이상",48171,456,83,954,10,3159,464,2589,52,-,41224
"대구광역시","계","합계",301786,7693,2985,24162,927,14020,2100,28873,1949,10,234554
"대구광역시","계","20~24세",21684,496,85,1298,28,503,16,702,86,10,19036
"대구광역시","계","25~29세",31704,688,403,3070,56,951,81,2504,146,-,25238
"대구광역시","계","30~34세",23990,640,339,3308,114,839,88,2213,278,-,17501
"대구광역시","계","35~39세",19702,551,329,2474,108,707,145,1735,177,-,14462
"대구광역시","계","40~44세",18143,551,317,2082,100,677,109,1997,266,-,13135
"대구광역시","계","45~49세",21874,730,351,2441,144,936,135,2755,210,-,15726
"대구광역시","계","50~54세",24351,858,357,2089,172,1094,198,3445,279,-,17894
"대구광역시","계","55~59세",27615,888,345,2192,82,1334,221,3771,190,-,20623
"대구광역시","계","60~64세",29264,926,232,1968,52,1652,286,3893,120,-,21883
"대구광역시","계","65~69세",24493,620,130,1377,33,1488,284,2634,86,-,19052
"대구광역시","계","70~74세",19568,381,39,977,27,1410,185,1697,39,-,15643
"대구광역시","계","75세 이상",39398,364,58,886,11,2429,352,1527,72,-,34361
"대구광역시","남자","합계",139733,3393,1805,13920,551,4502,784,15962,716,10,106120
"대구광역시","남자","20~24세",9202,158,37,677,13,199,7,287,33,10,8061
"대구광역시","남자","25~29세",17456,378,209,1812,34,405,41,1453,40,-,13831
"대구광역시","남자","30~34세",15489,382,231,2314,74,474,56,1541,105,-,11163
"대구광역시","남자","35~39세",12459,327,226,1737,67,402,110,1376,92,-,8810
"대구광역시","남자","40~44세",11244,286,173,1509,38,346,59,1548,123,-,7900
"대구광역시","남자","45~49세",13208,383,223,1472,123,396,88,1927,79,-,9453
"대구광역시","남자","50~54세",13982,401,274,1229,100,486,114,2110,108,-,10358
"대구광역시","남자","55~59세",13571,375,209,1191,47,434,69,1995,29,-,10163
"대구광역시","남자","60~64세",12107,319,132,822,31,458,75,1685,21,-,9243
"대구광역시","남자","65~69세",8256,204,70,548,8,355,52,1003,45,-,6458
"대구광역시","남자","70~74세",5310,71,8,367,16,238,42,594,13,-,4267
"대구광역시","남자","75세 이상",7449,109,13,242,-,309,71,443,28,-,6413
"대구광역시","여자","합계",162053,4300,1180,10242,376,9518,1316,12911,1233,-,128434
"대구광역시","여자","20~24세",12482,338,48,621,15,304,9,415,53,-,10975
"대구광역시","여자","25~29세",14248,310,194,1258,22,546,40,1051,106,-,11407
"대구광역시","여자","30~34세",8501,258,108,994,40,365,32,672,173,-,6338
"대구광역시","여자","35~39세",7243,224,103,737,41,305,35,359,85,-,5652
"대구광역시","여자","40~44세",6899,265,144,573,62,331,50,449,143,-,5235
"대구광역시","여자","45~49세",8666,347,128,969,21,540,47,828,131,-,6273
"대구광역시","여자","50~54세",10369,457,83,860,72,608,84,1335,171,-,7536
"대구광역시","여자","55~59세",14044,513,136,1001,35,900,152,1776,161,-,10460
"대구광역시","여자","60~64세",17157,607,100,1146,21,1194,211,2208,99,-,12640
"대구광역시","여자","65~69세",16237,416,60,829,25,1133,232,1631,41,-,12594
"대구광역시","여자","70~74세",14258,310,31,610,11,1172,143,1103,26,-,11376
"대구광역시","여자","75세 이상",31949,255,45,644,11,2120,281,1084,44,-,27948
"인천광역시","계","합계",322372,10029,4368,27008,1891,19858,3841,25550,2526,10,243855
"인천광역시","계","20~24세",17300,632,250,1587,38,712,103,681,52,10,13747
"인천광역시","계","25~29세",34217,1033,533,3587,45,1560,239,2319,156,-,26046
"인천광역시","계","30~34세",28844,999,475,3668,247,1192,316,1725,304,-,21358
"인천광역시","계","35~39세",25483,1028,365,3093,277,1156,339,1833,301,-,18507
"인천광역시","계","40~44세",23655,696,393,2659,263,1050,360,1766,431,-,17439
"인천광역시","계","45~49세",26709,868,555,2766,362,1237,392,2264,385,-,19563
"인천광역시","계","50~54세",27592,1035,527,2477,373,1379,407,2940,404,-,20066
"인천광역시","계","55~59세",30473,1193,430,2417,124,1761,364,3600,205,-,22548
"인천광역시","계","60~64세",31801,1129,363,2018,98,2334,431,3535,137,-,23741
"인천광역시","계","65~69세",22911,566,197,1339,35,2278,273,2223,58,-,17199
"인천광역시","계","70~74세",18468,444,129,718,29,1848,204,1384,30,-,14361
"인천광역시","계","75세 이상",34919,406,151,679,-,3351,413,1280,63,-,29280
"인천광역시","남자","합계",167545,5119,2818,16492,1241,7210,1977,15702,1094,10,125166
"인천광역시","남자","20~24세",7565,262,119,768,12,330,59,296,20,10,5948
"인천광역시","남자","25~29세",19485,546,344,2170,16,818,139,1399,44,-,14706
"인천광역시","남자","30~34세",18969,628,331,2454,163,756,211,1201,187,-,13978
"인천광역시","남자","35~39세",17076,709,267,2146,227,658,194,1374,123,-,12336
"인천광역시","남자","40~44세",15500,369,298,1793,172,618,253,1355,183,-,11370
"인천광역시","남자","45~49세",17368,556,405,1921,255,701,291,1683,200,-,12499
"인천광역시","남자","50~54세",17090,586,363,1617,221,698,216,2066,208,-,12387
"인천광역시","남자","55~59세",16753,558,266,1403,81,746,177,2140,76,-,12440
"인천광역시","남자","60~64세",14901,456,198,1084,66,676,172,1901,31,-,11262
"인천광역시","남자","65~69세",9335,214,109,658,12,477,92,1126,9,-,7190
"인천광역시","남자","70~74세",5969,115,61,295,16,304,70,647,-,-,4736
"인천광역시","남자","75세 이상",7534,120,57,183,-,428,103,514,13,-,6314
"인천광역시","여자","합계",154827,4910,1550,10516,650,12648,1864,9848,1432,-,118689
"인천광역시","여자","20~24세",9735,370,131,819,26,382,44,385,32,-,7799
"인천광역시","여자","25~29세",14732,487,189,1417,29,742,100,920,112,-,11340
"인천광역시","여자","30~34세",9875,371,144,1214,84,436,105,524,117,-,7380
"인천광역시","여자","35~39세",8407,319,98,947,50,498,145,459,178,-,6171
"인천광역시","여자","40~44세",8155,327,95,866,91,432,107,411,248,-,6069
"인천광역시","여자","45~49세",9341,312,150,845,107,536,101,581,185,-,7064
"인천광역시","여자","50~54세",10502,449,164,860,152,681,191,874,196,-,7679
"인천광역시","여자","55~59세",13720,635,164,1014,43,1015,187,1460,129,-,10108
"인천광역시","여자","60~64세",16900,673,165,934,32,1658,259,1634,106,-,12479
"인천광역시","여자","65~69세",13576,352,88,681,23,1801,181,1097,49,-,10009
"인천광역시","여자","70~74세",12499,329,68,423,13,1544,134,737,30,-,9625
"인천광역시","여자","75세 이상",27385,286,94,496,-,2923,310,766,50,-,22966
"광주광역시","계","합계",191187,6500,2837,17647,1139,11720,2173,20462,1887,19,139614
"광주광역시","계","20~24세",17982,683,136,1472,30,507,51,1146,75,19,14521
"광주광역시","계","25~29세",23291,636,397,2648,49,945,119,2340,101,-,17354
"광주광역시","계","30~34세",17700,642,323,2292,135,715,141,2003,244,-,12315
"광주광역시","계","35~39세",15817,669,304,2225,131,793,158,1725,206,-,10815
"광주광역시","계","40~44세",13684,407,235,1476,159,594,114,1324,247,-,10005
"광주광역시","계","45~49세",14641,555,374,1637,205,770,229,1860,279,-,10159
"광주광역시","계","50~54세",14868,848,320,1666,151,778,192,2293,302,-,9891
"광주광역시","계","55~59세",15300,662,358,1380,157,1204,228,2436,150,-,10373
"광주광역시","계","60~64세",15680,635,174,1206,62,1371,290,2042,97,-,11136
"광주광역시","계","65~69세",11841,352,100,654,13,1085,172,1355,72,-,8727
"광주광역시","계","70~74세",10222,187,40,459,30,1068,196,994,45,-,7701
"광주광역시","계","75세 이상",20161,224,76,532,17,1890,283,944,69,-,16617
"광주광역시","남자","합계",95586,3407,1884,10742,731,3998,1076,12092,859,16,68102
"광주광역시","남자","20~24세",7548,253,71,753,6,177,22,435,33,16,6042
"광주광역시","남자","25~29세",12753,306,179,1686,43,398,79,1323,43,-,9372
"광주광역시","남자","30~34세",11320,413,233,1554,76,334,94,1350,174,-,7846
"광주광역시","남자","35~39세",10407,410,268,1643,109,474,95,1334,114,-,6910
"광주광역시","남자","40~44세",9019,258,187,1123,94,377,63,993,72,-,6529
"광주광역시","남자","45~49세",9456,327,286,1097,164,464,166,1392,118,-,6471
"광주광역시","남자","50~54세",8933,521,238,981,110,360,115,1616,134,-,5830
"광주광역시","남자","55~59세",7752,378,231,696,70,383,127,1321,63,-,5297
"광주광역시","남자","60~64세",7020,297,106,571,38,422,126,1073,35,-,5024
"광주광역시","남자","65~69세",4435,118,42,271,3,254,71,541,16,-,3343
"광주광역시","남자","70~74세",2928,68,12,161,8,122,49,373,26,-,2233
"광주광역시","남자","75세 이상",4015,58,31,206,10,233,69,341,31,-,3205
"광주광역시","여자","합계",95601,3093,953,6905,408,7722,1097,8370,1028,3,71512
"광주광역시","여자","20~24세",10434,430,65,719,24,330,29,711,42,3,8479
"광주광역시","여자","25~29세",10538,330,218,962,6,547,40,1017,58,-,7982
"광주광역시","여자","30~34세",6380,229,90,738,59,381,47,653,70,-,4469
"광주광역시","여자","35~39세",5410,259,36,582,22,319,63,391,92,-,3905
"광주광역시","여자","40~44세",4665,149,48,353,65,217,51,331,175,-,3476
"광주광역시","여자","45~49세",5185,228,88,540,41,306,63,468,161,-,3688
"광주광역시","여자","50~54세",5935,327,82,685,41,418,77,677,168,-,4061
"광주광역시","여자","55~59세",7548,284,127,684,87,821,101,1115,87,-,5076
"광주광역시","여자","60~64세",8660,338,68,635,24,949,164,969,62,-,6112
"광주광역시","여자","65~69세",7406,234,58,383,10,831,101,814,56,-,5384
"광주광역시","여자","70~74세",7294,119,28,298,22,946,147,621,19,-,5468
"광주광역시","여자","75세 이상",16146,166,45,326,7,1657,214,603,38,-,13412
"대전광역시","계","합계",220992,6774,2785,20815,1016,13628,1547,23892,1773,43,162988
"대전광역시","계","20~24세",35082,1117,192,2355,37,999,21,1975,139,37,29246
"대전광역시","계","25~29세",32800,839,326,3683,88,1441,90,2769,211,-,25101
"대전광역시","계","30~34세",21864,623,382,3209,184,1104,116,2433,265,-,15224
"대전광역시","계","35~39세",15705,393,314,2201,224,776,65,1730,135,6,11000
"대전광역시","계","40~44세",12747,423,277,1636,124,601,102,1521,193,-,8883
"대전광역시","계","45~49세",14219,637,326,1629,127,836,134,2117,202,-,9663
"대전광역시","계","50~54세",14613,633,382,1697,62,1173,133,2400,258,-,9602
"대전광역시","계","55~59세",15647,687,246,1344,71,1131,174,2483,142,-,10718
"대전광역시","계","60~64세",16701,607,174,1236,57,1471,213,2597,119,-,11634
"대전광역시","계","65~69세",12595,386,64,768,9,1160,208,1714,55,-,8905
"대전광역시","계","70~74세",9846,201,46,506,17,1072,94,1135,35,-,7295
"대전광역시","계","75세 이상",19173,228,56,551,16,1864,197,1018,19,-,15717
"대전광역시","남자","합계",112453,3335,1809,13029,714,4920,705,14561,752,24,81070
"대전광역시","남자","20~24세",16480,397,89,1406,10,341,16,977,75,18,13686
"대전광역시","남자","25~29세",19139,417,164,2437,62,807,48,1857,80,-,14406
"대전광역시","남자","30~34세",14274,465,301,2201,109,620,88,1794,125,-,9739
"대전광역시","남자","35~39세",10008,269,236,1604,157,385,49,1347,37,6,6730
"대전광역시","남자","40~44세",7989,263,182,1202,93,347,45,1127,76,-,5354
"대전광역시","남자","45~49세",8728,397,229,1068,100,429,113,1447,78,-,5793
"대전광역시","남자","50~54세",8413,302,282,1032,43,527,71,1543,111,-,5511
"대전광역시","남자","55~59세",7979,287,147,779,59,445,71,1464,66,-,5419
"대전광역시","남자","60~64세",7373,291,108,576,49,398,74,1351,78,-,5128
"대전광역시","남자","65~69세",4730,103,30,319,5,203,52,727,16,-,3513
"대전광역시","남자","70~74세",3081,61,24,189,11,183,34,447,4,-,2361
"대전광역시","남자","75세 이상",4259,83,17,216,16,235,44,480,6,-,3430
"대전광역시","여자","합계",108539,3439,976,7786,302,8708,842,9331,1021,19,81918
"대전광역시","여자","20~24세",18602,720,103,949,27,658,5,998,64,19,15560
"대전광역시","여자","25~29세",13661,422,162,1246,26,634,42,912,131,-,10695
"대전광역시","여자","30~34세",7590,158,81,1008,75,484,28,639,140,-,5485
"대전광역시","여자","35~39세",5697,124,78,597,67,391,16,383,98,-,4270
"대전광역시","여자","40~44세",4758,160,95,434,31,254,57,394,117,-,3529
"대전광역시","여자","45~49세",5491,240,97,561,27,407,21,670,124,-,3870
"대전광역시","여자","50~54세",6200,331,100,665,19,646,62,857,147,-,4091
"대전광역시","여자","55~59세",7668,400,99,565,12,686,103,1019,76,-,5299
"대전광역시","여자","60~64세",9328,316,66,660,8,1073,139,1246,41,-,6506
"대전광역시","여자","65~69세",7865,283,34,449,4,957,156,987,39,-,5392
"대전광역시","여자","70~74세",6765,140,22,317,6,889,60,688,31,-,4934
"대전광역시","여자","75세 이상",14914,145,39,335,-,1629,153,538,13,-,12287
"울산광역시","계","합계",122308,4155,2546,12223,514,4770,954,13841,812,5,91115
"울산광역시","계","20~24세",5539,193,34,408,8,101,15,380,12,-,4573
"울산광역시","계","25~29세",12167,282,285,1554,28,240,24,1114,90,-,9139
"울산광역시","계","30~34세",10970,327,290,1725,26,387,42,1099,100,-,7745
"울산광역시","계","35~39세",9900,343,336,1361,74,274,49,938,74,-,7136
"울산광역시","계","40~44세",9416,306,287,1228,85,243,52,1105,108,-,6816
"울산광역시","계","45~49세",10769,447,400,1386,102,374,88,1422,166,-,7374
"울산광역시","계","50~54세",11342,505,285,1311,105,604,126,1679,148,5,7872
"울산광역시","계","55~59세",12058,567,296,1183,36,530,106,1990,53,-,8438
"울산광역시","계","60~64세",12760,542,162,991,43,775,163,1794,27,-,9392
"울산광역시","계","65~69세",9453,362,59,513,-,485,77,1094,12,-,7343
"울산광역시","계","70~74세",6818,183,85,356,3,309,86,717,6,-,5426
"울산광역시","계","75세 이상",11116,98,27,207,4,448,126,509,16,-,9861
"울산광역시","남자","합계",67701,2262,2147,8134,361,1934,431,9306,310,5,48385
"울산광역시","남자","20~24세",3010,91,26,224,5,57,15,240,3,-,2457
"울산광역시","남자","25~29세",8019,194,217,1089,12,97,10,824,25,-,5917
"울산광역시","남자","30~34세",7992,221,252,1256,18,227,39,885,47,-,5605
"울산광역시","남자","35~39세",7273,267,293,1071,64,190,37,783,35,-,5112
"울산광역시","남자","40~44세",6643,218,266,914,71,168,37,863,53,-,4710
"울산광역시","남자","45~49세",7119,276,362,987,81,203,67,1090,55,-,4723
"울산광역시","남자","50~54세",7044,264,267,920,60,296,68,1224,66,5,4732
"울산광역시","남자","55~59세",6485,275,228,741,31,201,41,1302,16,-,4396
"울산광역시","남자","60~64세",5937,261,115,495,16,269,55,1074,-,-,4219
"울산광역시","남자","65~69세",3655,104,46,223,-,96,20,516,5,-,2825
"울산광역시","남자","70~74세",2225,70,62,144,3,72,14,283,-,-,1749
"울산광역시","남자","75세 이상",2299,21,13,70,-,58,28,222,5,-,1940
"울산광역시","여자","합계",54607,1893,399,4089,153,2836,523,4535,502,-,42730
"울산광역시","여자","20~24세",2529,102,8,184,3,44,-,140,9,-,2116
"울산광역시","여자","25~29세",4148,88,68,465,16,143,14,290,65,-,3222
"울산광역시","여자","30~34세",2978,106,38,469,8,160,3,214,53,-,2140
"울산광역시","여자","35~39세",2627,76,43,290,10,84,12,155,39,-,2024
"울산광역시","여자","40~44세",2773,88,21,314,14,75,15,242,55,-,2106
"울산광역시","여자","45~49세",3650,171,38,399,21,171,21,332,111,-,2651
"울산광역시","여자","50~54세",4298,241,18,391,45,308,58,455,82,-,3140
"울산광역시","여자","55~59세",5573,292,68,442,5,329,65,688,37,-,4042
"울산광역시","여자","60~64세",6823,281,47,496,27,506,108,720,27,-,5173
"울산광역시","여자","65~69세",5798,258,13,290,-,389,57,578,7,-,4518
"울산광역시","여자","70~74세",4593,113,23,212,-,237,72,434,6,-,3677
"울산광역시","여자","75세 이상",8817,77,14,137,4,390,98,287,11,-,7921
"세종특별자치시","계","합계",42247,1806,803,5322,348,2672,602,4596,821,5,28734
"세종특별자치시","계","20~24세",6881,219,31,716,12,220,32,252,26,5,5486
"세종특별자치시","계","25~29세",6623,247,112,888,6,433,59,610,175,-,4545
"세종특별자치시","계","30~34세",5478,216,174,980,79,316,61,587,112,-,3386
"세종특별자치시","계","35~39세",3855,236,80,532,42,241,56,330,99,-,2557
"세종특별자치시","계","40~44세",3072,190,37,428,63,165,37,347,74,-,1966
"세종특별자치시","계","45~49세",3017,139,96,410,69,219,43,444,140,-,1812
"세종특별자치시","계","50~54세",2825,178,122,417,47,238,59,486,110,-,1686
"세종특별자치시","계","55~59세",2535,100,67,365,13,198,59,514,48,-,1526
"세종특별자치시","계","60~64세",2321,96,42,236,7,190,66,402,33,-,1526
"세종특별자치시","계","65~69세",1686,93,26,181,4,189,57,277,4,-,1068
"세종특별자치시","계","70~74세",1274,43,12,115,-,110,33,205,-,-,913
"세종특별자치시","계","75세 이상",2680,49,4,54,6,153,40,142,-,-,2263
"세종특별자치시","남자","합계",22055,951,480,2910,229,1350,282,2970,307,-,14493
"세종특별자치시","남자","20~24세",3297,74,21,366,12,92,14,111,5,-,2659
"세종특별자치시","남자","25~29세",3688,143,41,515,-,256,37,385,34,-,2474
"세종특별자치시","남자","30~34세",3489,130,106,642,47,164,23,464,68,-,2134
"세종특별자치시","남자","35~39세",2426,125,71,322,34,202,47,220,60,-,1579
"세종특별자치시","남자","40~44세",1841,107,15,229,27,111,37,229,27,-,1195
"세종특별자치시","남자","45~49세",1745,86,50,225,40,99,21,309,55,-,1067
"세종특별자치시","남자","50~54세",1574,105,72,195,39,104,40,314,31,-,960
"세종특별자치시","남자","55~59세",1317,77,42,201,13,72,7,339,11,-,777
"세종특별자치시","남자","60~64세",1033,31,22,94,7,102,21,222,12,-,633
"세종특별자치시","남자","65~69세",655,32,26,55,4,61,12,193,4,-,353
"세종특별자치시","남자","70~74세",400,24,12,49,-,46,9,110,-,-,231
"세종특별자치시","남자","75세 이상",590,17,2,17,6,41,14,74,-,-,431
"세종특별자치시","여자","합계",20192,855,323,2412,119,1322,320,1626,514,5,14241
"세종특별자치시","여자","20~24세",3584,145,10,350,-,128,18,141,21,5,2827
"세종특별자치시","여자","25~29세",2935,104,71,373,6,177,22,225,141,-,2071
"세종특별자치시","여자","30~34세",1989,86,68,338,32,152,38,123,44,-,1252
"세종특별자치시","여자","35~39세",1429,111,9,210,8,39,9,110,39,-,978
"세종특별자치시","여자","40~44세",1231,83,22,199,36,54,-,118,47,-,771
"세종특별자치시","여자","45~49세",1272,53,46,185,29,120,22,135,85,-,745
"세종특별자치시","여자","50~54세",1251,73,50,222,8,134,19,172,79,-,726
"세종특별자치시","여자","55~59세",1218,23,25,164,-,126,52,175,37,-,749
"세종특별자치시","여자","60~64세",1288,65,20,142,-,88,45,180,21,-,893
"세종특별자치시","여자","65~69세",1031,61,-,126,-,128,45,84,-,-,715
"세종특별자치시","여자","70~74세",874,19,-,66,-,64,24,95,-,-,682
"세종특별자치시","여자","75세 이상",2090,32,2,37,-,112,26,68,-,-,1832
"경기도","계","합계",1397300,48190,20174,140734,9392,90528,18971,122066,14415,102,1016631
"경기도","계","20~24세",71325,2747,676,6801,121,2895,532,3615,307,40,56106
"경기도","계","25~29세",165901,6020,2563,20812,375,7359,1390,12235,1389,27,122050
"경기도","계","30~34세",147266,5137,2241,21846,1391,6975,1511,12544,2243,18,102557
"경기도","계","35~39세",124823,4881,2106,16508,1373,6056,1414,9072,1824,6,89214
"경기도","계","40~44세",109713,3874,2158,13057,1445,5199,1667,8824,2065,3,78534
"경기도","계","45~49세",119770,4332,2392,13834,1820,5978,1929,11858,2331,8,83906
"경기도","계","50~54세",118136,4790,2295,12780,1505,7008,1824,13567,2016,-,82190
"경기도","계","55~59세",121372,5391,2068,11045,668,8393,1885,14782,1050,-,86316
"경기도","계","60~64세",122173,4557,1670,9598,353,10260,2079,14065,493,-,87547
"경기도","계","65~69세",89745,2651,843,6159,173,9047,1406,9419,284,-,64860
"경기도","계","70~74세",71100,1808,545,4129,70,7997,1140,5947,184,-,52755
"경기도","계","75세 이상",135976,2002,617,4165,98,13361,2194,6138,229,-,110596
"경기도","남자","합계",754300,26226,13268,87564,6164,34411,9252,77604,6183,48,540845
"경기도","남자","20~24세",32145,1114,256,3584,58,1213,256,1602,73,17,25087
"경기도","남자","25~29세",99420,3686,1641,12780,179,4065,704,7477,361,13,73145
"경기도","남자","30~34세",100520,3308,1658,15502,923,4483,1014,9396,1118,13,69132
"경기도","남자","35~39세",84639,3320,1553,12219,905,3538,913,6882,934,4,59767
"경기도","남자","40~44세",72288,2379,1544,9302,931,2954,980,6594,957,1,51343
"경기도","남자","45~49세",77270,2633,1737,9386,1297,3039,1266,8748,1107,-,53619
"경기도","남자","50~54세",72926,2612,1504,8152,958,3305,1043,9154,978,-,50933
"경기도","남자","55~59세",67432,2828,1328,6536,468,3462,1000,9716,311,-,47682
"경기도","남자","60~64세",57891,2013,1031,4862,238,3089,828,8030,172,-,41626
"경기도","남자","65~69세",35917,1176,502,2548,134,2009,497,4846,70,-,26215
"경기도","남자","70~74세",23000,592,262,1383,42,1487,275,2500,34,-,17437
"경기도","남자","75세 이상",30852,565,252,1310,31,1767,476,2659,68,-,24859
"경기도","여자","합계",643000,21964,6906,53170,3228,56117,9719,44462,8232,54,475786
"경기도","여자","20~24세",39180,1633,420,3217,63,1682,276,2013,234,23,31019
"경기도","여자","25~29세",66481,2334,922,8032,196,3294,686,4758,1028,14,48905
"경기도","여자","30~34세",46746,1829,583,6344,468,2492,497,3148,1125,5,33425
"경기도","여자","35~39세",40184,1561,553,4289,468,2518,501,2190,890,2,29447
"경기도","여자","40~44세",37425,1495,614,3755,514,2245,687,2230,1108,2,27191
"경기도","여자","45~49세",42500,1699,655,4448,523,2939,663,3110,1224,8,30287
"경기도","여자","50~54세",45210,2178,791,4628,547,3703,781,4413,1038,-,31257
"경기도","여자","55~59세",53940,2563,740,4509,200,4931,885,5066,739,-,38634
"경기도","여자","60~64세",64282,2544,639,4736,115,7171,1251,6035,321,-,45921
"경기도","여자","65~69세",53828,1475,341,3611,39,7038,909,4573,214,-,38645
"경기도","여자","70~74세",48100,1216,283,2746,28,6510,865,3447,150,-,35318
"경기도","여자","75세 이상",105124,1437,365,2855,67,11594,1718,3479,161,-,85737
"강원도","계","합계",228261,9010,3540,21017,1070,12166,2730,27035,2349,32,167086
"강원도","계","20~24세",23355,582,200,2031,15,734,54,1156,49,32,19370
"강원도","계","25~29세",19192,648,429,2558,25,628,72,1589,242,-,14400
"강원도","계","30~34세",13660,487,271,2035,143,515,83,1343,341,-,9552
"강원도","계","35~39세",11306,453,253,1533,72,403,136,1109,246,-,7890
"강원도","계","40~44세",11296,556,325,1608,127,416,163,1304,318,-,7738
"강원도","계","45~49세",14512,903,415,1869,235,736,164,2246,258,-,9459
"강원도","계","50~54세",18255,1080,525,2396,214,1033,236,3298,368,-,11708
"강원도","계","55~59세",22059,1365,459,2403,96,1366,414,4006,295,-,14400
"강원도","계","60~64세",24382,1309,308,1796,94,1762,374,4136,130,-,16820
"강원도","계","65~69세",18579,784,124,1110,26,1393,334,2841,28,-,13287
"강원도","계","70~74세",14964,423,73,908,13,1199,285,1855,25,-,11050
"강원도","계","75세 이상",36701,420,158,770,10,1981,415,2152,49,-,31412
"강원도","남자","합계",113785,4982,2235,13270,749,4547,1298,16592,1052,32,79760
"강원도","남자","20~24세",12706,229,74,1291,10,262,33,611,26,32,10598
"강원도","남자","25~29세",12152,393,216,1781,11,354,62,933,72,-,9099
"강원도","남자","30~34세",8952,324,171,1491,112,267,69,1013,161,-,6155
"강원도","남자","35~39세",7364,291,174,1033,45,254,68,843,112,-,5073
"강원도","남자","40~44세",7266,359,226,1210,92,220,100,1063,162,-,4778
"강원도","남자","45~49세",9097,591,309,1317,169,386,90,1686,136,-,5711
"강원도","남자","50~54세",11010,675,361,1586,152,524,148,2334,154,-,6835
"강원도","남자","55~59세",12130,683,303,1320,68,559,222,2596,120,-,7800
"강원도","남자","60~64세",12228,695,222,975,55,679,189,2386,59,-,8224
"강원도","남자","65~69세",8091,394,93,601,13,486,155,1537,23,-,5548
"강원도","남자","70~74세",5051,157,44,415,13,280,84,812,14,-,3630
"강원도","남자","75세 이상",7738,191,42,250,9,276,78,778,13,-,6309
"강원도","여자","합계",114476,4028,1305,7747,321,7619,1432,10443,1297,-,87326
"강원도","여자","20~24세",10649,353,126,740,5,472,21,545,23,-,8772
"강원도","여자","25~29세",7040,255,213,777,14,274,10,656,170,-,5301
"강원도","여자","30~34세",4708,163,100,544,31,248,14,330,180,-,3397
"강원도","여자","35~39세",3942,162,79,500,27,149,68,266,134,-,2817
"강원도","여자","40~44세",4030,197,99,398,35,196,63,241,156,-,2960
"강원도","여자","45~49세",5415,312,106,552,66,350,74,560,122,-,3748
"강원도","여자","50~54세",7245,405,164,810,62,509,88,964,214,-,4873
"강원도","여자","55~59세",9929,682,156,1083,28,807,192,1410,175,-,6600
"강원도","여자","60~64세",12154,614,86,821,39,1083,185,1750,71,-,8596
"강원도","여자","65~69세",10488,390,31,509,13,907,179,1304,5,-,7739
"강원도","여자","70~74세",9913,266,29,493,-,919,201,1043,11,-,7420
"강원도","여자","75세 이상",28963,229,116,520,1,1705,337,1374,36,-,25103
"충청북도","계","합계",232118,8356,2981,20569,882,11927,2650,25971,2104,42,172331
"충청북도","계","20~24세",22676,667,181,1828,50,705,51,1182,102,42,18797
"충청북도","계","25~29세",26658,708,361,3000,38,720,134,2315,294,-,20349
"충청북도","계","30~34세",18521,521,312,2704,65,647,105,1834,332,-,13213
"충청북도","계","35~39세",14585,494,296,1782,85,454,95,1450,224,-,10780
"충청북도","계","40~44세",12949,554,254,1520,115,527,121,1392,236,-,9176
"충청북도","계","45~49세",15312,815,314,1892,127,714,122,2060,218,-,10562
"충청북도","계","50~54세",17924,1110,424,2012,182,1016,268,3093,312,-,11698
"충청북도","계","55~59세",20327,1058,289,1997,101,1359,337,3808,172,-,13492
"충청북도","계","60~64세",21150,965,245,1729,69,1515,354,3537,108,-,14577
"충청북도","계","65~69세",16282,625,165,956,38,1292,336,2481,68,-,11548
"충청북도","계","70~74세",12642,398,50,555,8,1108,249,1486,22,-,9426
"충청북도","계","75세 이상",33092,441,90,594,4,1870,478,1333,16,-,28713
"충청북도","남자","합계",120439,4614,2059,13502,553,4570,1157,17175,835,15,85647
"충청북도","남자","20~24세",11581,348,78,1048,17,294,23,656,19,15,9603
"충청북도","남자","25~29세",17590,415,229,2086,25,419,66,1618,81,-,13406
"충청북도","남자","30~34세",12866,365,233,1917,31,420,51,1401,150,-,9102
"충청북도","남자","35~39세",9845,371,232,1387,73,328,70,1154,95,-,6961
"충청북도","남자","40~44세",8591,355,173,1161,97,305,67,1141,66,-,5914
"충청북도","남자","45~49세",9681,490,238,1340,86,369,111,1532,124,-,6488
"충청북도","남자","50~54세",10754,665,329,1254,110,531,161,2218,151,-,6706
"충청북도","남자","55~59세",11137,509,185,1237,39,517,137,2490,45,-,7257
"충청북도","남자","60~64세",10236,469,164,1018,47,521,145,2049,49,-,6851
"충청북도","남자","65~69세",6830,280,122,475,24,382,160,1448,31,-,4674
"충청북도","남자","70~74세",4149,136,33,269,-,226,65,809,14,-,2878
"충청북도","남자","75세 이상",7179,211,43,310,4,258,101,659,10,-,5807
"충청북도","여자","합계",111679,3742,922,7067,329,7357,1493,8796,1269,27,86684
"충청북도","여자","20~24세",11095,319,103,780,33,411,28,526,83,27,9194
"충청북도","여자","25~29세",9068,293,132,914,13,301,68,697,213,-,6943
"충청북도","여자","30~34세",5655,156,79,787,34,227,54,433,182,-,4111
"충청북도","여자","35~39세",4740,123,64,395,12,126,25,296,129,-,3819
"충청북도","여자","40~44세",4358,199,81,359,18,222,54,251,170,-,3262
"충청북도","여자","45~49세",5631,325,76,552,41,345,11,528,94,-,4074
"충청북도","여자","50~54세",7170,445,95,758,72,485,107,875,161,-,4992
"충청북도","여자","55~59세",9190,549,104,760,62,842,200,1318,127,-,6235
"충청북도","여자","60~64세",10914,496,81,711,22,994,209,1488,59,-,7726
"충청북도","여자","65~69세",9452,345,43,481,14,910,176,1033,37,-,6874
"충청북도","여자","70~74세",8493,262,17,286,8,882,184,677,8,-,6548
"충청북도","여자","75세 이상",25913,230,47,284,-,1612,377,674,6,-,22906
"충청남도","계","합계",300061,10336,5709,25761,1662,16365,6033,34429,3266,6,216046
"충청남도","계","20~24세",26810,971,175,2330,11,899,104,1204,194,6,21777
"충청남도","계","25~29세",30885,1057,718,3798,53,1150,242,2636,349,-,22531
"충청남도","계","30~34세",25522,954,726,3522,177,1006,252,2313,443,-,17574
"충청남도","계","35~39세",20646,678,575,2791,212,921,231,2007,313,-,14192
"충청남도","계","40~44세",18007,764,561,2148,225,665,329,2034,378,-,12386
"충청남도","계","45~49세",20237,910,599,2291,315,857,374,2846,431,-,13471
"충청남도","계","50~54세",22102,1067,738,2357,353,1290,444,3933,528,-,14036
"충청남도","계","55~59세",25582,1145,599,2222,157,1790,661,4734,261,-,16648
"충청남도","계","60~64세",25799,1207,512,1684,99,2007,778,4930,145,-,16936
"충청남도","계","65~69세",20045,679,210,958,19,1498,615,3460,59,-,13968
"충청남도","계","70~74세",17619,482,153,819,14,1391,624,2153,72,-,12901
"충청남도","계","75세 이상",46807,422,143,841,27,2891,1379,2179,93,-,39626
"충청남도","남자","합계",157526,5957,4112,17078,1176,6481,2945,23094,1651,6,107720
"충청남도","남자","20~24세",12101,365,76,1146,8,413,72,557,46,6,9797
"충청남도","남자","25~29세",19786,650,515,2593,41,630,142,1765,155,-,14333
"충청남도","남자","30~34세",18321,690,578,2651,125,704,189,1894,233,-,12405
"충청남도","남자","35~39세",15170,528,485,2195,147,666,149,1697,219,-,10152
"충청남도","남자","40~44세",12843,544,440,1659,164,439,254,1635,204,-,8639
"충청남도","남자","45~49세",13567,610,447,1624,236,443,299,2260,240,-,8796
"충청남도","남자","50~54세",13778,615,511,1628,235,635,299,2864,277,-,8502
"충청남도","남자","55~59세",14652,613,422,1403,101,677,380,3207,87,-,9410
"충청남도","남자","60~64세",13074,673,343,1025,78,734,388,3084,76,-,8203
"충청남도","남자","65~69세",8591,289,129,442,18,438,266,1984,26,-,5705
"충청남도","남자","70~74세",5905,187,99,374,5,295,215,1158,34,-,4051
"충청남도","남자","75세 이상",9738,193,67,338,18,407,292,989,54,-,7727
"충청남도","여자","합계",142535,4379,1597,8683,486,9884,3088,11335,1615,-,108326
"충청남도","여자","20~24세",14709,606,99,1184,3,486,32,647,148,-,11980
"충청남도","여자","25~29세",11099,407,203,1205,12,520,100,871,194,-,8198
"충청남도","여자","30~34세",7201,264,148,871,52,302,63,419,210,-,5169
"충청남도","여자","35~39세",5476,150,90,596,65,255,82,310,94,-,4040
"충청남도","여자","40~44세",5164,220,121,489,61,226,75,399,174,-,3747
"충청남도","여자","45~49세",6670,300,152,667,79,414,75,586,191,-,4675
"충청남도","여자","50~54세",8324,452,227,729,118,655,145,1069,251,-,5534
"충청남도","여자","55~59세",10930,532,177,819,56,1113,281,1527,174,-,7238
"충청남도","여자","60~64세",12725,534,169,659,21,1273,390,1846,69,-,8733
"충청남도","여자","65~69세",11454,390,81,516,1,1060,349,1476,33,-,8263
"충청남도","여자","70~74세",11714,295,54,445,9,1096,409,995,38,-,8850
"충청남도","여자","75세 이상",37069,229,76,503,9,2484,1087,1190,39,-,31899
"전라북도","계","합계",251602,8204,3324,20377,1349,18461,2941,29563,2392,44,182559
"전라북도","계","20~24세",21885,704,69,1720,6,539,57,1436,23,30,17876
"전라북도","계","25~29세",21128,675,382,2517,51,834,76,2043,255,14,15562
"전라북도","계","30~34세",15539,536,307,2276,114,744,90,1778,301,-,10490
"전라북도","계","35~39세",13402,561,344,1975,174,681,86,1671,291,-,8887
"전라북도","계","40~44세",13171,529,211,1495,165,617,117,1773,287,-,9175
"전라북도","계","45~49세",16426,736,391,2027,252,1102,228,2586,391,-,10443
"전라북도","계","50~54세",18814,1088,489,2128,282,1162,305,3511,353,-,11970
"전라북도","계","55~59세",21310,1024,409,1990,155,1707,314,3970,237,-,13993
"전라북도","계","60~64세",23174,1010,385,1621,86,2226,394,4032,140,-,15530
"전라북도","계","65~69세",19255,519,148,1031,32,2058,351,2667,38,-,13711
"전라북도","계","70~74세",19054,425,89,754,20,2234,332,1984,26,-,14235
"전라북도","계","75세 이상",48444,397,100,843,12,4557,591,2112,50,-,40687
"전라북도","남자","합계",119689,4579,2257,13145,925,6010,1366,18730,968,14,82406
"전라북도","남자","20~24세",11500,322,40,1084,6,276,12,793,-,-,9280
"전라북도","남자","25~29세",12367,406,202,1606,10,386,62,1370,74,14,8972
"전라북도","남자","30~34세",10214,379,227,1727,76,442,59,1220,149,-,6694
"전라북도","남자","35~39세",9055,378,267,1537,139,463,64,1367,139,-,5717
"전라북도","남자","40~44세",8829,340,168,1156,120,386,60,1348,132,-,6003
"전라북도","남자","45~49세",10753,448,276,1344,171,610,142,2014,174,-,6709
"전라북도","남자","50~54세",11493,682,336,1404,201,555,238,2563,126,-,7030
"전라북도","남자","55~59세",11798,621,262,1206,113,605,169,2521,93,-,7716
"전라북도","남자","60~64세",11212,450,290,903,51,723,170,2323,43,-,7537
"전라북도","남자","65~69세",7851,220,103,531,18,519,158,1388,16,-,5559
"전라북도","남자","70~74세",5887,177,61,346,17,443,92,941,9,-,4236
"전라북도","남자","75세 이상",8730,156,25,301,3,602,140,882,13,-,6953
"전라북도","여자","합계",131913,3625,1067,7232,424,12451,1575,10833,1424,30,100153
"전라북도","여자","20~24세",10385,382,29,636,-,263,45,643,23,30,8596
"전라북도","여자","25~29세",8761,269,180,911,41,448,14,673,181,-,6590
"전라북도","여자","30~34세",5325,157,80,549,38,302,31,558,152,-,3796
"전라북도","여자","35~39세",4347,183,77,438,35,218,22,304,152,-,3170
"전라북도","여자","40~44세",4342,189,43,339,45,231,57,425,155,-,3172
"전라북도","여자","45~49세",5673,288,115,683,81,492,86,572,217,-,3734
"전라북도","여자","50~54세",7321,406,153,724,81,607,67,948,227,-,4940
"전라북도","여자","55~59세",9512,403,147,784,42,1102,145,1449,144,-,6277
"전라북도","여자","60~64세",11962,560,95,718,35,1503,224,1709,97,-,7993
"전라북도","여자","65~69세",11404,299,45,500,14,1539,193,1279,22,-,8152
"전라북도","여자","70~74세",13167,248,28,408,3,1791,240,1043,17,-,9999
"전라북도","여자","75세 이상",39714,241,75,542,9,3955,451,1230,37,-,33734
"전라남도","계","합계",254247,8767,4275,18058,1343,16771,3942,31332,2711,3,184914
"전라남도","계","20~24세",12595,472,83,1002,16,441,42,836,131,-,10003
"전라남도","계","25~29세",16345,746,411,2057,18,718,196,1908,376,3,11213
"전라남도","계","30~34세",12926,515,328,1829,156,661,110,1633,345,-,8568
"전라남도","계","35~39세",12505,508,412,1801,93,644,144,1619,250,-,8036
"전라남도","계","40~44세",12310,556,407,1477,168,710,151,1906,296,-,7906
"전라남도","계","45~49세",15922,994,645,1974,232,862,230,2717,307,-,9923
"전라남도","계","50~54세",19413,1161,642,2094,259,1354,328,4169,411,-,11853
"전라남도","계","55~59세",22648,1296,513,2133,183,1611,433,4823,303,-,14368
"전라남도","계","60~64세",24469,1069,398,1553,86,2105,418,4660,134,-,16161
"전라남도","계","65~69세",20765,681,188,896,78,1661,450,3024,45,-,15001
"전라남도","계","70~74세",21347,384,135,606,14,1858,403,2144,63,-,16537
"전라남도","계","75세 이상",63002,385,113,636,40,4146,1037,1893,50,-,55345
"전라남도","남자","합계",118452,5413,3187,12254,1019,5581,1788,21312,1212,-,78660
"전라남도","남자","20~24세",6779,249,45,624,-,176,17,486,24,-,5366
"전라남도","남자","25~29세",9862,504,260,1339,7,341,98,1272,130,-,6707
"전라남도","남자","30~34세",8877,404,271,1430,119,414,74,1349,172,-,5636
"전라남도","남자","35~39세",8898,390,356,1397,75,411,116,1382,112,-,5483
"전라남도","남자","40~44세",8728,423,329,1141,144,386,126,1639,142,-,5412
"전라남도","남자","45~49세",10752,645,519,1399,153,427,140,2128,151,-,6600
"전라남도","남자","50~54세",12374,704,512,1397,208,637,224,3098,174,-,7391
"전라남도","남자","55~59세",13067,773,346,1408,148,735,226,3225,133,-,8044
"전라남도","남자","60~64세",12741,578,298,971,67,689,221,2951,92,-,8226
"전라남도","남자","65~69세",9007,391,134,573,56,461,215,1758,29,-,6114
"전라남도","남자","70~74세",6531,188,81,292,11,376,136,1104,43,-,4739
"전라남도","남자","75세 이상",10836,164,36,283,31,528,195,920,10,-,8942
"전라남도","여자","합계",135795,3354,1088,5804,324,11190,2154,10020,1499,3,106254
"전라남도","여자","20~24세",5816,223,38,378,16,265,25,350,107,-,4637
"전라남도","여자","25~29세",6483,242,151,718,11,377,98,636,246,3,4506
"전라남도","여자","30~34세",4049,111,57,399,37,247,36,284,173,-,2932
"전라남도","여자","35~39세",3607,118,56,404,18,233,28,237,138,-,2553
"전라남도","여자","40~44세",3582,133,78,336,24,324,25,267,154,-,2494
"전라남도","여자","45~49세",5170,349,126,575,79,435,90,589,156,-,3323
"전라남도","여자","50~54세",7039,457,130,697,51,717,104,1071,237,-,4462
"전라남도","여자","55~59세",9581,523,167,725,35,876,207,1598,170,-,6324
"전라남도","여자","60~64세",11728,491,100,582,19,1416,197,1709,42,-,7935
"전라남도","여자","65~69세",11758,290,54,323,22,1200,235,1266,16,-,8887
"전라남도","여자","70~74세",14816,196,54,314,3,1482,267,1040,20,-,11798
"전라남도","여자","75세 이상",52166,221,77,353,9,3618,842,973,40,-,46403
"경상북도","계","합계",382976,12056,4731,27007,1281,16837,4397,40395,2793,3,295886
"경상북도","계","20~24세",29628,934,114,1905,13,712,82,1131,171,-,25362
"경상북도","계","25~29세",30302,893,512,2980,39,828,132,2236,284,3,23809
"경상북도","계","30~34세",24489,734,461,3312,90,751,173,2116,272,-,18017
"경상북도","계","35~39세",21512,691,352,2467,120,761,177,1875,296,-,16002
"경상북도","계","40~44세",20200,711,438,2245,132,623,230,2253,256,-,14710
"경상북도","계","45~49세",24467,1043,546,2499,261,1132,213,3749,381,-,17068
"경상북도","계","50~54세",28856,1561,656,3168,274,1497,419,4887,398,-,19425
"경상북도","계","55~59세",34012,1742,703,2868,141,1859,583,6533,352,-,22769
"경상북도","계","60~64세",37436,1561,533,2422,105,2308,563,6094,203,-,26723
"경상북도","계","65~69세",31547,1136,183,1527,68,1750,539,4490,79,-,23632
"경상북도","계","70~74세",26971,572,122,847,27,1706,431,2588,56,-,21680
"경상북도","계","75세 이상",73556,478,111,767,11,2910,855,2443,45,-,66689
"경상북도","남자","합계",185009,6645,3394,17987,917,6330,2022,26050,1221,3,134675
"경상북도","남자","20~24세",15591,307,59,1153,8,317,58,693,37,-,13265
"경상북도","남자","25~29세",19373,544,325,2052,16,442,105,1533,113,3,15175
"경상북도","남자","30~34세",17237,537,355,2605,73,498,137,1672,155,-,12256
"경상북도","남자","35~39세",15055,479,263,1811,85,466,102,1577,119,-,11057
"경상북도","남자","40~44세",13657,508,369,1726,99,352,174,1883,123,-,9508
"경상북도","남자","45~49세",15713,687,431,1806,199,497,145,2850,156,-,10660
"경상북도","남자","50~54세",17363,882,529,2163,196,797,229,3474,173,-,11237
"경상북도","남자","55~59세",18683,991,491,1827,103,814,323,4226,184,-,12032
"경상북도","남자","60~64세",18070,831,337,1380,70,930,273,3648,73,-,12375
"경상북도","남자","65~69세",12580,479,110,815,35,467,236,2339,47,-,9044
"경상북도","남자","70~74세",8327,242,84,323,22,330,111,1177,30,-,6455
"경상북도","남자","75세 이상",13360,158,41,326,11,420,129,978,11,-,11611
"경상북도","여자","합계",197967,5411,1337,9020,364,10507,2375,14345,1572,-,161211
"경상북도","여자","20~24세",14037,627,55,752,5,395,24,438,134,-,12097
"경상북도","여자","25~29세",10929,349,187,928,23,386,27,703,171,-,8634
"경상북도","여자","30~34세",7252,197,106,707,17,253,36,444,117,-,5761
"경상북도","여자","35~39세",6457,212,89,656,35,295,75,298,177,-,4945
"경상북도","여자","40~44세",6543,203,69,519,33,271,56,370,133,-,5202
"경상북도","여자","45~49세",8754,356,115,693,62,635,68,899,225,-,6408
"경상북도","여자","50~54세",11493,679,127,1005,78,700,190,1413,225,-,8188
"경상북도","여자","55~59세",15329,751,212,1041,38,1045,260,2307,168,-,10737
"경상북도","여자","60~64세",19366,730,196,1042,35,1378,290,2446,130,-,14348
"경상북도","여자","65~69세",18967,657,73,712,33,1283,303,2151,32,-,14588
"경상북도","여자","70~74세",18644,330,38,524,5,1376,320,1411,26,-,15225
"경상북도","여자","75세 이상",60196,320,70,441,-,2490,726,1465,34,-,55078
"경상남도","계","합계",415386,13525,4914,35712,1700,16553,4365,50936,3292,13,311773
"경상남도","계","20~24세",18608,663,114,1511,12,341,45,1083,112,13,15326
"경상남도","계","25~29세",31153,783,416,3794,87,877,130,2937,358,-,23390
"경상남도","계","30~34세",28225,833,487,4342,143,854,170,2774,370,-,20161
"경상남도","계","35~39세",27074,759,484,3594,167,778,130,2517,320,-,19879
"경상남도","계","40~44세",26380,929,522,3278,170,721,262,3125,313,-,18886
"경상남도","계","45~49세",31778,1323,740,4015,298,1127,400,4819,465,-,21987
"경상남도","계","50~54세",35644,1782,653,3859,318,1626,463,6268,475,-,24283
"경상남도","계","55~59세",39754,1919,635,3633,161,2019,453,7547,336,-,26992
"경상남도","계","60~64세",44047,1964,393,3437,175,2503,623,7875,275,-,30715
"경상남도","계","65~69세",35392,1204,210,1876,105,1891,496,5451,125,-,26236
"경상남도","계","70~74세",28948,764,141,1228,41,1663,445,3700,68,-,22332
"경상남도","계","75세 이상",68383,602,119,1145,23,2153,748,2840,75,-,61586
"경상남도","남자","합계",204834,7023,3546,22675,1166,6610,1836,31369,1304,13,145666
"경상남도","남자","20~24세",9568,346,56,893,5,171,29,669,8,13,7768
"경상남도","남자","25~29세",19112,448,252,2416,56,467,99,1929,122,-,14262
"경상남도","남자","30~34세",19681,553,398,3224,80,523,109,2258,195,-,13812
"경상남도","남자","35~39세",19072,549,354,2778,113,483,88,2083,151,-,13707
"경상남도","남자","40~44세",18347,624,434,2549,153,448,168,2456,160,-,12747
"경상남도","남자","45~49세",20687,774,586,2722,219,645,270,3355,166,-,14168
"경상남도","남자","50~54세",21402,895,472,2436,193,749,210,4178,175,-,14504
"경상남도","남자","55~59세",21295,947,450,2086,105,812,216,4631,139,-,14154
"경상남도","남자","60~64세",20466,842,264,1714,136,936,240,4326,84,-,13844
"경상남도","남자","65~69세",14188,496,122,887,60,655,162,2666,53,-,10175
"경상남도","남자","70~74세",8955,317,90,521,29,376,126,1695,26,-,6461
"경상남도","남자","75세 이상",12061,232,68,449,17,345,119,1123,25,-,10064
"경상남도","여자","합계",210552,6502,1368,13037,534,9943,2529,19567,1988,-,166107
"경상남도","여자","20~24세",9040,317,58,618,7,170,16,414,104,-,7558
"경상남도","여자","25~29세",12041,335,164,1378,31,410,31,1008,236,-,9128
"경상남도","여자","30~34세",8544,280,89,1118,63,331,61,516,175,-,6349
"경상남도","여자","35~39세",8002,210,130,816,54,295,42,434,169,-,6172
"경상남도","여자","40~44세",8033,305,88,729,17,273,94,669,153,-,6139
"경상남도","여자","45~49세",11091,549,154,1293,79,482,130,1464,299,-,7819
"경상남도","여자","50~54세",14242,887,181,1423,125,877,253,2090,300,-,9779
"경상남도","여자","55~59세",18459,972,185,1547,56,1207,237,2916,197,-,12838
"경상남도","여자","60~64세",23581,1122,129,1723,39,1567,383,3549,191,-,16871
"경상남도","여자","65~69세",21204,708,88,989,45,1236,334,2785,72,-,16061
"경상남도","여자","70~74세",19993,447,51,707,12,1287,319,2005,42,-,15871
"경상남도","여자","75세 이상",56322,370,51,696,6,1808,629,1717,50,-,51522
"제주특별자치도","계","합계",81234,3878,1454,8782,714,3699,1531,11982,1012,4,56537
"제주특별자치도","계","20~24세",3928,166,19,290,24,101,5,238,24,-,3215
"제주특별자치도","계","25~29세",7487,347,98,878,13,204,55,711,141,-,5549
"제주특별자치도","계","30~34세",6094,200,172,831,76,140,122,709,108,-,4318
"제주특별자치도","계","35~39세",6418,239,119,1028,75,336,66,893,92,-,4173
"제주특별자치도","계","40~44세",6452,389,124,750,57,200,127,884,223,-,4411
"제주특별자치도","계","45~49세",8010,494,288,1100,121,364,163,1506,89,-,5030
"제주특별자치도","계","50~54세",8682,570,216,1060,121,484,219,1917,168,-,5458
"제주특별자치도","계","55~59세",8257,577,180,1110,101,488,168,1764,79,-,5050
"제주특별자치도","계","60~64세",7723,316,113,853,5,340,180,1402,31,-,5263
"제주특별자치도","계","65~69세",5350,237,89,433,71,352,85,886,31,-,3726
"제주특별자치도","계","70~74세",4134,184,33,284,44,331,83,584,16,-,2928
"제주특별자치도","계","75세 이상",8699,159,3,165,6,359,258,488,10,4,7416
"제주특별자치도","남자","합계",41335,1894,1016,5228,495,1464,750,7438,351,4,27508
"제주특별자치도","남자","20~24세",1645,87,19,140,10,25,5,101,-,-,1316
"제주특별자치도","남자","25~29세",4049,162,76,523,13,86,16,426,32,-,2989
"제주특별자치도","남자","30~34세",3729,117,128,505,51,97,38,509,65,-,2587
"제주특별자치도","남자","35~39세",3896,178,81,615,59,211,47,669,29,-,2404
"제주특별자치도","남자","40~44세",3958,264,95,413,57,119,80,669,42,-,2692
"제주특별자치도","남자","45~49세",4857,246,219,667,101,165,119,1073,16,-,2949
"제주특별자치도","남자","50~54세",5095,372,173,677,98,214,146,1338,106,-,3016
"제주특별자치도","남자","55~59세",4592,231,80,746,81,151,92,1098,23,-,2817
"제주특별자치도","남자","60~64세",3884,95,51,533,5,118,72,749,11,-,2654
"제주특별자치도","남자","65~69세",2376,50,82,270,14,108,38,409,27,-,1618
"제주특별자치도","남자","70~74세",1440,40,12,91,-,82,26,233,-,-,1026
"제주특별자치도","남자","75세 이상",1814,52,-,48,6,88,71,164,-,4,1440
"제주특별자치도","여자","합계",39899,1984,438,3554,219,2235,781,4544,661,-,29029
"제주특별자치도","여자","20~24세",2283,79,-,150,14,76,-,137,24,-,1899
"제주특별자치도","여자","25~29세",3438,185,22,355,-,118,39,285,109,-,2560
"제주특별자치도","여자","30~34세",2365,83,44,326,25,43,84,200,43,-,1731
"제주특별자치도","여자","35~39세",2522,61,38,413,16,125,19,224,63,-,1769
"제주특별자치도","여자","40~44세",2494,125,29,337,-,81,47,215,181,-,1719
"제주특별자치도","여자","45~49세",3153,248,69,433,20,199,44,433,73,-,2081
"제주특별자치도","여자","50~54세",3587,198,43,383,23,270,73,579,62,-,2442
"제주특별자치도","여자","55~59세",3665,346,100,364,20,337,76,666,56,-,2233
"제주특별자치도","여자","60~64세",3839,221,62,320,-,222,108,653,20,-,2609
"제주특별자치도","여자","65~69세",2974,187,7,163,57,244,47,477,4,-,2108
"제주특별자치도","여자","70~74세",2694,144,21,193,44,249,57,351,16,-,1902
"제주특별자치도","여자","75세 이상",6885,107,3,117,-,271,187,324,10,-,5976
